field,value,source_doi,source_pdf,char_span
sample_type,soil samples,10.1002/2016JG003431,10_1002_2016JG003431.pdf,"[60, 72]"
sample_type,DOM leached from organic-soil horizons,10.1002/2016JG003431,10_1002_2016JG003431.pdf,"[1874, 1912]"
sample_type,Water samples,10.1002/2016JG003431,10_1002_2016JG003431.pdf,"[6203, 6216]"
instrument,O.I. Analytical Model 700,10.1002/2016JG003431,10_1002_2016JG003431.pdf,"[6935, 6960]"
sample_type,DOC concentrations,10.1002/2016JG003431,10_1002_2016JG003431.pdf,"[6574, 6591]"
instrument,Agilent Model 8453 photodiode array spectrophotometer,10.1002/2016JG003431,10_1002_2016JG003431.pdf,"[8247, 8300]"
sample_type,"whole-water samples, HPOA fractions",10.1002/2016JG003431,10_1002_2016JG003431.pdf,"[8135, 8173]"
sample_type,CDOM absorption coef fi cients,10.1002/2016JG003431,10_1002_2016JG003431.pdf,"[8911, 8941]"
instrument,Jobin-Yvon Horiba Fluoromax-3,10.1002/2016JG003431,10_1002_2016JG003431.pdf,"[11466, 11495]"
sample_type,whole-water and HPOA fractions,10.1002/2016JG003431,10_1002_2016JG003431.pdf,"[11407, 11437]"
sample_type,humic like,10.1002/2016JG003431,10_1002_2016JG003431.pdf,"[13048, 13058]"
instrument,4 T FT-ICR,10.1002/2016JG003431,10_1002_2016JG003431.pdf,"[14306, 14316]"
ionization_method,direct infusion electrospray ionization,10.1002/2016JG003431,10_1002_2016JG003431.pdf,"[14588, 14627]"
facility,National High Magnetic Field Laboratory,10.1002/2016JG003431,10_1002_2016JG003431.pdf,"[14397, 14436]"
software_tools,EnviroOrg Software E 2.0,10.1002/2016JG003431,10_1002_2016JG003431.pdf,"[14914, 14938]"
sample_type,soil leachate,10.1002/2016JG003431,10_1002_2016JG003431.pdf,"[18243, 18256]"
sample_type,peatlands,10.1002/2017JG004337,10_1002_2017JG004337.pdf,"[138, 147]"
instrument,Shimadzu TOC-L CPH,10.1002/2017JG004337,10_1002_2017JG004337.pdf,"[1864, 1882]"
sample_type,filtered and acidi fi ed samples,10.1002/2017JG004337,10_1002_2017JG004337.pdf,"[1813, 1843]"
software_tools,"Matlab, drEEM toolbox (Murphy et al., 2013)",10.1002/2017JG004337,10_1002_2017JG004337.pdf,"[2601, 2651]"
instrument,Agilent 6890N GC/5975 MS,10.1002/2017JG004337,10_1002_2017JG004337.pdf,"[5881, 5905]"
instrument,custom-built FT-ICR mass spectrometer,10.1002/2017JG004337,10_1002_2017JG004337.pdf,"[6694, 6731]"
ionization_method,negative electrospray ionization,10.1002/2017JG004337,10_1002_2017JG004337.pdf,"[6623, 6655]"
sample_type,Solid-phase extraction extracts,10.1002/2017JG004337,10_1002_2017JG004337.pdf,"[6550, 6581]"
sample_type,Fluxes,10.1002/2017JG004337,10_1002_2017JG004337.pdf,"[8499, 8505]"
instrument,Shimadzu TOC-VCPH analyzer,10.1002/2017JG004343,10_1002_2017JG004343.pdf,"[5837, 5863]"
instrument,Bruker BioSpin Avance III 400 MHz WB,10.1002/2017JG004343,10_1002_2017JG004343.pdf,"[7955, 7991]"
sample_type,Soil samples,10.1002/2017JG004343,10_1002_2017JG004343.pdf,"[7612, 7624]"
facility,"Changchun Institute of Applied Chemistry, China",10.1002/2017JG004343,10_1002_2017JG004343.pdf,"[8006, 8053]"
software_tools,Mnova NMR software,10.1002/2017JG004343,10_1002_2017JG004343.pdf,"[8469, 8487]"
instrument,9.4 tesla custom-built FT-ICR MS,10.1002/2017JG004343,10_1002_2017JG004343.pdf,"[10272, 10304]"
facility,National High Magnetic Field Laboratory (NHMFL),10.1002/2017JG004343,10_1002_2017JG004343.pdf,"[10312, 10358]"
ionization_method,electrospray ionization (ESI),10.1002/2017JG004343,10_1002_2017JG004343.pdf,"[10456, 10485]"
sample_type,SPE-DOM,10.1002/2017JG004343,10_1002_2017JG004343.pdf,"[10246, 10253]"
instrument,Keck Carbon Cycle Accelerator Mass Spectrometer,10.1002/2017JG004343,10_1002_2017JG004343.pdf,"[12138, 12185]"
sample_type,"pretreated soils, powdered HMW DOM",10.1002/2017JG004343,10_1002_2017JG004343.pdf,"[12079, 12116]"
facility,"University of California, Irvine",10.1002/2017JG004343,10_1002_2017JG004343.pdf,"[12189, 12221]"
sample_type,Sample preparation backgrounds,10.1002/2017JG004343,10_1002_2017JG004343.pdf,"[12395, 12425]"
instrument,custom-built 9.4 T Fourier transform ion cyclotron resonance mass spectrometer,10.1002/aic.15147,10_1002_aic_15147.pdf,"[6337, 6415]"
ionization_method,positive mode electrospray ionization (ESI),10.1002/aic.15147,10_1002_aic_15147.pdf,"[5881, 5937]"
sample_type,dried aqueous phase samples,10.1002/aic.15147,10_1002_aic_15147.pdf,"[5439, 5466]"
ionization_method,negative mode electrospray ionization (ESI),10.1002/aic.15147,10_1002_aic_15147.pdf,"[5894, 5937]"
sample_type,dried biocrude samples,10.1002/aic.15147,10_1002_aic_15147.pdf,"[5999, 6021]"
sample_type,biocrude samples,10.1002/aic.15147,10_1002_aic_15147.pdf,"[8167, 8183]"
sample_type,enzymes,10.1002/anie.202316488,10_1002_anie_202316488.pdf,"[154, 161]"
sample_type,water,10.1002/etc.5742,10_1002_etc_5742.pdf,"[988, 993]"
sample_type,Park Memorial Institute (RPMI) 1640 medium,10.1002/etc.5742,10_1002_etc_5742.pdf,"[2619, 2661]"
sample_type,penicillin,10.1002/etc.5742,10_1002_etc_5742.pdf,"[2706, 2716]"
sample_type,streptomycin,10.1002/etc.5742,10_1002_etc_5742.pdf,"[2732, 2744]"
sample_type,fetal bovine serum (FBS),10.1002/etc.5742,10_1002_etc_5742.pdf,"[2753, 2771]"
sample_type,Macrophages from each bird,10.1002/etc.5742,10_1002_etc_5742.pdf,"[5539, 5565]"
instrument,Shimadzu Total Organic Carbon Analyzer,10.1002/etc.5742,10_1002_etc_5742.pdf,"[7262, 7300]"
sample_type,Water samples,10.1002/etc.5742,10_1002_etc_5742.pdf,"[7027, 7040]"
instrument,custom-built hybrid linear ion trap FT-ICR mass spectrometer,10.1002/etc.5742,10_1002_etc_5742.pdf,"[9028, 9090]"
ionization_method,microelectrospray source,10.1002/etc.5742,10_1002_etc_5742.pdf,"[8674, 8698]"
sample_type,SPE extracts of dissolved organic matter (DOM) extracts,10.1002/etc.5742,10_1002_etc_5742.pdf,"[8951, 9006]"
software_tools,PetroOrg,10.1002/etc.5742,10_1002_etc_5742.pdf,"[11484, 11492]"
instrument,Fourier -Transform Ion Cyclotron Resonance Mass Spectrometry (FT-ICR MS),10.1002/hlca.201900046,10_1002_hlca_201900046.pdf,"[1729, 1801]"
sample_type,Uranium-endohedral fullerenes,10.1002/hlca.201900046,10_1002_hlca_201900046.pdf,"[1261, 1290]"
ionization_method,LDI-TOF positive-ion,10.1002/hlca.201900046,10_1002_hlca_201900046.pdf,"[3758, 3778]"
sample_type,U@C 60,10.1002/hlca.201900046,10_1002_hlca_201900046.pdf,"[4952, 4958]"
instrument,Bruker Microflex LRF,10.1002/hlca.201900046,10_1002_hlca_201900046.pdf,"[8248, 8268]"
ionization_method,Positive-ion laser desorption/ionization time-of-flight mass spectrometry measurement (LDITOF-MS),10.1002/hlca.201900046,10_1002_hlca_201900046.pdf,"[8131, 8228]"
sample_type,mono-uranium endohedrals,10.1002/hlca.201900046,10_1002_hlca_201900046.pdf,"[8506, 8530]"
ionization_method,positive ions,10.1002/hlca.201900046,10_1002_hlca_201900046.pdf,"[9483, 9496]"
sample_type,raw soot extracted using o-DCB,10.1002/hlca.201900046,10_1002_hlca_201900046.pdf,"[9250, 9281]"
ionization_method,LDI-TOF,10.1002/hlca.201900046,10_1002_hlca_201900046.pdf,"[12417, 12424]"
sample_type,DFT calculations,10.1002/hlca.201900046,10_1002_hlca_201900046.pdf,"[15715, 15731]"
software_tools,ADF 2017,10.1002/hlca.201900046,10_1002_hlca_201900046.pdf,"[20165, 20173]"
sample_type,fullerenes,10.1002/hlca.201900046,10_1002_hlca_201900046.pdf,"[21879, 21889]"
instrument,high resolution Fourier transform ion cyclo- tron resonance (FT-ICR) mass spectrometer,10.1002/hlca.201900046,10_1002_hlca_201900046.pdf,"[24020, 24093]"
sample_type,non-Isolated-PentagonRule Actinide Endohedral Metallofullerenes,10.1002/hlca.201900046,10_1002_hlca_201900046.pdf,"[25285, 25348]"
sample_type,fullerenes,10.1002/hlca.201900046,10_1002_hlca_201900046.pdf,"[26480, 26490]"
sample_type,Fullerenes,10.1002/hlca.201900046,10_1002_hlca_201900046.pdf,"[30098, 30107]"
instrument,graphite electrode arc process,10.1002/hlca.201900046,10_1002_hlca_201900046.pdf,"[30125, 30155]"
sample_type,metallofullerenes,10.1002/hlca.201900046,10_1002_hlca_201900046.pdf,"[31039, 31056]"
software_tools,ADF,10.1002/hlca.201900046,10_1002_hlca_201900046.pdf,"[31652, 31655]"
instrument,LCQ,10.1002/jms.3345,10_1002_jms_3345.pdf,"[801, 804]"
ionization_method,negative-ion mode,10.1002/jms.3345,10_1002_jms_3345.pdf,"[735, 752]"
instrument,modi fi ed LTQ Fourier transform ion cyclotron resonance (FT-ICR) mass spectrometer,10.1002/jms.3345,10_1002_jms_3345.pdf,"[1050, 1133]"
ionization_method,Fourier transform ion cyclotron resonance (FT-ICR),10.1002/jms.3345,10_1002_jms_3345.pdf,"[1065, 1115]"
facility,National High Magnetic Field Laboratory (NHMFL),10.1002/jms.3345,10_1002_jms_3345.pdf,"[961, 1008]"
sample_type,NOM-like functional groups,10.1002/jms.3345,10_1002_jms_3345.pdf,"[3194, 3220]"
instrument,LCQ,10.1002/jms.3345,10_1002_jms_3345.pdf,"[4098, 4101]"
sample_type,solution conditions,10.1002/jms.3345,10_1002_jms_3345.pdf,"[4060, 4079]"
instrument,9.4 T instrument,10.1002/jms.3345,10_1002_jms_3345.pdf,"[4985, 5001]"
ionization_method,negative-ion mode,10.1002/jms.3345,10_1002_jms_3345.pdf,"[4949, 4966]"
software_tools,Composer,10.1002/jms.3345,10_1002_jms_3345.pdf,"[5024, 5032]"
instrument,LCQ,10.1002/jms.3345,10_1002_jms_3345.pdf,"[7244, 7247]"
sample_type,NOM-unrelated standard SRFA,10.1002/jms.3345,10_1002_jms_3345.pdf,"[6965, 6992]"
instrument,9.4 and 14.5 T instruments,10.1002/jms.3345,10_1002_jms_3345.pdf,"[8932, 8958]"
sample_type,Mixes A and C (in solution),10.1002/jms.3345,10_1002_jms_3345.pdf,"[8777, 8808]"
facility,NHMFL,10.1002/jms.3345,10_1002_jms_3345.pdf,"[8759, 8764]"
instrument,Velos,10.1002/jms.3345,10_1002_jms_3345.pdf,"[11053, 11058]"
sample_type,Mixes 1 -7 MS,10.1002/jms.3345,10_1002_jms_3345.pdf,"[10943, 10956]"
sample_type,SRFA,10.1002/jms.3345,10_1002_jms_3345.pdf,"[12847, 12851]"
ionization_method,electrospray ionization,10.1002/jms.3345,10_1002_jms_3345.pdf,"[12991, 13014]"
instrument,LTQ-Velos,10.1002/jms.3345,10_1002_jms_3345.pdf,"[15787, 15796]"
sample_type,Samples,10.1002/lno.11385,10_1002_lno_11385.pdf,"[1429, 1436]"
instrument,YSI Pro Plus sonde,10.1002/lno.11385,10_1002_lno_11385.pdf,"[1733, 1751]"
sample_type,DOC concentration measurements,10.1002/lno.11385,10_1002_lno_11385.pdf,"[2794, 2824]"
facility,"University of Miami, Rosenstiel School of Marine and Atmospheric Sciences",10.1002/lno.11385,10_1002_lno_11385.pdf,"[2953, 3026]"
instrument,Shimadzu UV-1800 spectrophotometer,10.1002/lno.11385,10_1002_lno_11385.pdf,"[10312, 10346]"
instrument,Hitachi F-7000,10.1002/lno.11385,10_1002_lno_11385.pdf,"[11222, 11236]"
sample_type,Excitation emission matrices (EEMs),10.1002/lno.11385,10_1002_lno_11385.pdf,"[11163, 11198]"
software_tools,drEEM toolbox for MATLAB,10.1002/lno.11385,10_1002_lno_11385.pdf,"[11554, 11578]"
sample_type,DOM,10.1002/lno.11385,10_1002_lno_11385.pdf,"[11984, 11987]"
instrument,custom-built FT-ICR MS,10.1002/lno.11385,10_1002_lno_11385.pdf,"[12908, 12930]"
ionization_method,electrospray ionization,10.1002/lno.11385,10_1002_lno_11385.pdf,"[13187, 13210]"
sample_type,Acidi fi ed samples,10.1002/lno.11385,10_1002_lno_11385.pdf,"[12575, 12594]"
facility,National High Magnetic Field Laboratory,10.1002/lno.11385,10_1002_lno_11385.pdf,"[13036, 13075]"
software_tools,EnviroOrg,10.1002/lno.11385,10_1002_lno_11385.pdf,"[13530, 13539]"
instrument,FT-ICR MS,10.1002/lno.11417,10_1002_lno_11417.pdf,"[1525, 1534]"
sample_type,Surface-water samples,10.1002/lno.11417,10_1002_lno_11417.pdf,"[1198, 1219]"
instrument,Shimadzu TOC-L CHP,10.1002/lno.11417,10_1002_lno_11417.pdf,"[2562, 2580]"
sample_type,Filtered samples,10.1002/lno.11417,10_1002_lno_11417.pdf,"[2434, 2450]"
instrument,Horiba Aqualog,10.1002/lno.11417,10_1002_lno_11417.pdf,"[2956, 2970]"
software_tools,MATLAB,10.1002/lno.11417,10_1002_lno_11417.pdf,"[3112, 3118]"
software_tools,DrEEM toolbox,10.1002/lno.11417,10_1002_lno_11417.pdf,"[3129, 3142]"
sample_type,Lignin phenol concentrations and yields,10.1002/lno.11417,10_1002_lno_11417.pdf,"[11708, 11747]"
instrument,FT-ICR MS,10.1002/lno.11417,10_1002_lno_11417.pdf,"[13827, 13836]"
ionization_method,negative electrospray ionization,10.1002/lno.11417,10_1002_lno_11417.pdf,"[14038, 14070]"
sample_type,Methanolic extracts,10.1002/lno.11417,10_1002_lno_11417.pdf,"[13999, 14018]"
facility,"National High Magnetic Field Laboratory (Tallahassee, FL, U.S.A.)",10.1002/lno.11417,10_1002_lno_11417.pdf,"[13887, 13952]"
sample_type,Signals greater than 6 σ root mean squared baseline noise and mass to charge ratio from 170 to 1200,10.1002/lno.11417,10_1002_lno_11417.pdf,"[14207, 14306]"
instrument,FT-ICR MS,10.1002/lno.11417,10_1002_lno_11417.pdf,"[15964, 15973]"
software_tools,JMP Pro 12 (SAS Institute),10.1002/lno.11417,10_1002_lno_11417.pdf,"[15846, 15872]"
sample_type,dissolved organic matter,10.1002/lno.11716,10_1002_lno_11716.pdf,"[962, 986]"
sample_type,water samples,10.1002/lno.11716,10_1002_lno_11716.pdf,"[1697, 1710]"
facility,the laboratory,10.1002/lno.11716,10_1002_lno_11716.pdf,"[1996, 2010]"
instrument,FTICR MS,10.1002/lno.11716,10_1002_lno_11716.pdf,"[5518, 5526]"
sample_type,samples,10.1002/lno.11716,10_1002_lno_11716.pdf,"[5491, 5498]"
sample_type,dissolved organic matter,10.1002/lno.11716,10_1002_lno_11716.pdf,"[5741, 5765]"
sample_type,dissolved organic matter,10.1002/lno.11716,10_1002_lno_11716.pdf,"[6307, 6331]"
sample_type,dissolved organic matter,10.1002/lno.11716,10_1002_lno_11716.pdf,"[8390, 8414]"
software_tools,ArcGIS 10.2,10.1002/lno.11716,10_1002_lno_11716.pdf,"[12294, 12305]"
software_tools,MATLAB R2015b,10.1002/lno.11716,10_1002_lno_11716.pdf,"[12546, 12559]"
software_tools,R i386 2.15.2,10.1002/lno.11716,10_1002_lno_11716.pdf,"[12840, 12853]"
instrument,Fourier transform ion cyclotron resonance mass spectrometry (FT-ICR MS),10.1002/lno.11857,10_1002_lno_11857.pdf,"[1547, 1618]"
instrument,Shimadzu TOC-LCPH analyzer,10.1002/lno.11857,10_1002_lno_11857.pdf,"[3345, 3371]"
instrument,Agilent 8453 UV-visible spectroscopy system,10.1002/lno.11857,10_1002_lno_11857.pdf,"[4267, 4311]"
sample_type,chromophoric dissolved organic matter (CDOM),10.1002/lno.11857,10_1002_lno_11857.pdf,"[4173, 4217]"
sample_type,DOM,10.1002/lno.11857,10_1002_lno_11857.pdf,"[4941, 4944]"
instrument,4 T Fourier transform-ion cyclotron resonance mass spectrometer,10.1002/lno.11857,10_1002_lno_11857.pdf,"[5550, 5613]"
ionization_method,negative electrospray ionization mode,10.1002/lno.11857,10_1002_lno_11857.pdf,"[5783, 5820]"
sample_type,Samples,10.1002/lno.11857,10_1002_lno_11857.pdf,"[5755, 5762]"
facility,National High Magnetic Field Laboratory,10.1002/lno.11857,10_1002_lno_11857.pdf,"[5633, 5672]"
software_tools,"PetroOrg, Kendrick mass defect analysis with PetroOrg",10.1002/lno.11857,10_1002_lno_11857.pdf,"[6405, 6465]"
sample_type,DOM molecular composition,10.1002/lno.11857,10_1002_lno_11857.pdf,"[7781, 7806]"
instrument,Shimadzu TOC-L total organic carbon analyzer,10.1002/lno.12436,10_1002_lno_12436.pdf,"[5832, 5876]"
instrument,Thermo Scienti fi c Gas Bench II,10.1002/lno.12436,10_1002_lno_12436.pdf,"[7126, 7158]"
sample_type,DOC samples,10.1002/lno.12436,10_1002_lno_12436.pdf,"[6637, 6648]"
instrument,mini carbon dating accelerator mass spectrometer (MICADAS) system,10.1002/lno.12436,10_1002_lno_12436.pdf,"[7507, 7572]"
sample_type,CO2 in the headspace of the second aliquot,10.1002/lno.12436,10_1002_lno_12436.pdf,"[7425, 7467]"
facility,LIP at ETH Zurich,10.1002/lno.12436,10_1002_lno_12436.pdf,"[7621, 7638]"
instrument,21 Tesla FT-ICRMS,10.1002/lno.12436,10_1002_lno_12436.pdf,"[8784, 8801]"
sample_type,Dissolved organic matter (DOM) in river samples,10.1002/lno.12436,10_1002_lno_12436.pdf,"[8190, 8237]"
facility,"National Magnetic Field Laboratory at Florida State University, USA",10.1002/lno.12436,10_1002_lno_12436.pdf,"[8809, 8876]"
instrument,"Automated Nitrogen Carbon Analyzer, SerCon",10.1002/lno.12436,10_1002_lno_12436.pdf,"[11494, 11536]"
sample_type,Total suspended solids (TSS),10.1002/lno.12436,10_1002_lno_12436.pdf,"[11196, 11224]"
software_tools,fouriertransform,10.1002/lno.12436,10_1002_lno_12436.pdf,"[16969, 16985]"
dataset_accession,10.17605/OSF.IO/NGE7K,10.1002/lno.12436,10_1002_lno_12436.pdf,"[17295, 17317]"
sample_type,"microbially derived DOM from the oligotrophic supraglacial Cotton Glacier stream, Antarctica (CG)",10.1002/lol2.10082,10_1002_lol2_10082.pdf,"[1028, 1125]"
sample_type,"microbially derived DOM from the eutrophic coastal pond, Pony Lake, Antarctica (IHSS Pony Lake Fulvic Acid; PL)",10.1002/lol2.10082,10_1002_lol2_10082.pdf,"[1127, 1238]"
sample_type,"terrestrially derived DOM from the Suwannee River, U.S.A. (IHSS Natural Organic Matter; SR)",10.1002/lol2.10082,10_1002_lol2_10082.pdf,"[1244, 1335]"
instrument,Fluoromax-4 spectrofluorometer,10.1002/lol2.10082,10_1002_lol2_10082.pdf,"[2422, 2452]"
sample_type,External metabolites,10.1002/lol2.10082,10_1002_lol2_10082.pdf,"[3639, 3659]"
instrument,UPLC-Q-TOF MS,10.1002/lol2.10082,10_1002_lol2_10082.pdf,"[3998, 4011]"
ionization_method,electrospray ionization (ESI),10.1002/lol2.10082,10_1002_lol2_10082.pdf,"[4320, 4349]"
sample_type,external metabolites,10.1002/lol2.10082,10_1002_lol2_10082.pdf,"[4080, 4100]"
ionization_method,ESI,10.1002/lol2.10082,10_1002_lol2_10082.pdf,"[4898, 4901]"
instrument,Shimadzu TOC-VCPH,10.1002/lol2.10388,10_1002_lol2_10388.pdf,"[2832, 2849]"
sample_type,DOC concentration,10.1002/lol2.10388,10_1002_lol2_10388.pdf,"[2796, 2813]"
instrument,21 T FT-ICR MS,10.1002/lol2.10388,10_1002_lol2_10388.pdf,"[3571, 3585]"
facility,National High Magnetic Field Laboratory,10.1002/lol2.10388,10_1002_lol2_10388.pdf,"[3593, 3632]"
sample_type,marine metabolites,10.1002/lol2.70046,10_1002_lol2_70046.pdf,"[10724, 10742]"
sample_type,intracellular metabolites,10.1002/lol2.70046,10_1002_lol2_70046.pdf,"[19963, 19988]"
sample_type,biomass in seawater,10.1002/lol2.70046,10_1002_lol2_70046.pdf,"[20016, 20035]"
sample_type,abundant microbial metabolites in biomass,10.1002/lol2.70046,10_1002_lol2_70046.pdf,"[23309, 23350]"
dataset_accession,"23782242, 2025, 5",10.1002/lol2.70046,10_1002_lol2_70046.pdf,"[23621, 23638]"
sample_type,labile metabolites,10.1002/lol2.70046,10_1002_lol2_70046.pdf,"[24258, 24276]"
sample_type,phytoplankton cytoplasm,10.1002/lol2.70046,10_1002_lol2_70046.pdf,"[24280, 24303]"
sample_type,Escherichia coli,10.1002/lol2.70046,10_1002_lol2_70046.pdf,"[24418, 24434]"
sample_type,metabolites,10.1002/lol2.70046,10_1002_lol2_70046.pdf,"[25757, 25768]"
sample_type,metabolome,10.1002/lol2.70046,10_1002_lol2_70046.pdf,"[27510, 27520]"
dataset_accession,"23782242, 2025, 5",10.1002/lol2.70046,10_1002_lol2_70046.pdf,"[27994, 28011]"
sample_type,metabolites,10.1002/lol2.70046,10_1002_lol2_70046.pdf,"[33887, 33898]"
sample_type,glycolate,10.1002/lol2.70046,10_1002_lol2_70046.pdf,"[34067, 34076]"
facility,"Florida State University, Wiley Online Library",10.1002/lol2.70046,10_1002_lol2_70046.pdf,"[34686, 34732]"
sample_type,Polyunsaturated fatty acids (PUFAs),10.1002/lol2.70046,10_1002_lol2_70046.pdf,"[50654, 50691]"
sample_type,Marine microbial communities,10.1002/lol2.70046,10_1002_lol2_70046.pdf,"[50693, 50721]"
sample_type,docosahexaenoic acid (DHA; c22 ω 3),10.1002/lol2.70046,10_1002_lol2_70046.pdf,"[50809, 50844]"
sample_type,eicosapentaenoic acid (EPA; c20 ω 3),10.1002/lol2.70046,10_1002_lol2_70046.pdf,"[50846, 50882]"
sample_type,Indicator metabolites,10.1002/lol2.70046,10_1002_lol2_70046.pdf,"[60431, 60452]"
sample_type,oxylipins,10.1002/lol2.70046,10_1002_lol2_70046.pdf,"[61504, 61513]"
sample_type,PUFAs,10.1002/lol2.70046,10_1002_lol2_70046.pdf,"[61546, 61551]"
sample_type,diatom cell lysis,10.1002/lol2.70046,10_1002_lol2_70046.pdf,"[61756, 61773]"
sample_type,oxylipins,10.1002/lol2.70046,10_1002_lol2_70046.pdf,"[61958, 61967]"
sample_type,eicosatetraenoic acid-derived oxylipins,10.1002/lol2.70046,10_1002_lol2_70046.pdf,"[61992, 62031]"
sample_type,oxylipin compounds,10.1002/lol2.70046,10_1002_lol2_70046.pdf,"[62266, 62284]"
sample_type,lipid indicators of nutrient scarcity,10.1002/lol2.70046,10_1002_lol2_70046.pdf,"[63262, 63299]"
dataset_accession,23782242,10.1002/lol2.70046,10_1002_lol2_70046.pdf,"[63420, 63428]"
sample_type,membrane lipids,10.1002/lol2.70046,10_1002_lol2_70046.pdf,"[64709, 64724]"
sample_type,HAB toxins,10.1002/lol2.70046,10_1002_lol2_70046.pdf,"[65562, 65572]"
sample_type,methylthioadenosine,10.1002/lol2.70046,10_1002_lol2_70046.pdf,"[71128, 71147]"
sample_type,small organic acids like acetate,10.1002/lol2.70046,10_1002_lol2_70046.pdf,"[76824, 76856]"
sample_type,marine polysaccharide degrading communities,10.1002/lol2.70046,10_1002_lol2_70046.pdf,"[76942, 76985]"
sample_type,polysaccharides,10.1002/lol2.70046,10_1002_lol2_70046.pdf,"[77198, 77213]"
sample_type,metabolites,10.1002/lol2.70046,10_1002_lol2_70046.pdf,"[78595, 78606]"
sample_type,metabolites,10.1002/lol2.70046,10_1002_lol2_70046.pdf,"[80445, 80456]"
sample_type,Seven commercially available SPE sorbents,10.1002/lom3.10558,10_1002_lom3_10558.pdf,"[801, 842]"
sample_type,DON in the sample water after it passed through each SPE cartridge,10.1002/lom3.10558,10_1002_lom3_10558.pdf,"[2996, 3062]"
sample_type,Strata CN,10.1002/lom3.10558,10_1002_lom3_10558.pdf,"[5379, 5388]"
sample_type,Silica based,10.1002/lom3.10558,10_1002_lom3_10558.pdf,"[5392, 5404]"
sample_type,"Polar, hydroxyl groups",10.1002/lom3.10558,10_1002_lom3_10558.pdf,"[5449, 5471]"
sample_type,ENV,10.1002/lom3.10558,10_1002_lom3_10558.pdf,"[5542, 5545]"
sample_type,Polystyrene-divinyl benzene,10.1002/lom3.10558,10_1002_lom3_10558.pdf,"[5555, 5582]"
sample_type,Polar,10.1002/lom3.10558,10_1002_lom3_10558.pdf,"[5612, 5617]"
sample_type,1,10.1002/lom3.10558,10_1002_lom3_10558.pdf,"[5637, 5638]"
sample_type,100,10.1002/lom3.10558,10_1002_lom3_10558.pdf,"[5651, 5654]"
sample_type,3,10.1002/lom3.10558,10_1002_lom3_10558.pdf,"[5698, 5699]"
sample_type,PPL,10.1002/lom3.10558,10_1002_lom3_10558.pdf,"[5705, 5708]"
sample_type,Modified polystyrene divinyl benzene,10.1002/lom3.10558,10_1002_lom3_10558.pdf,"[5729, 5756]"
sample_type,Polar,10.1002/lom3.10558,10_1002_lom3_10558.pdf,"[5775, 5780]"
sample_type,3,10.1002/lom3.10558,10_1002_lom3_10558.pdf,"[5800, 5801]"
sample_type,100,10.1002/lom3.10558,10_1002_lom3_10558.pdf,"[5814, 5817]"
sample_type,4,10.1002/lom3.10558,10_1002_lom3_10558.pdf,"[5861, 5862]"
sample_type,PSA,10.1002/lom3.10558,10_1002_lom3_10558.pdf,"[5868, 5871]"
sample_type,Alkylated amine,10.1002/lom3.10558,10_1002_lom3_10558.pdf,"[5881, 5896]"
sample_type,Polar,10.1002/lom3.10558,10_1002_lom3_10558.pdf,"[5938, 5943]"
sample_type,12,10.1002/lom3.10558,10_1002_lom3_10558.pdf,"[5963, 5965]"
sample_type,2000,10.1002/lom3.10558,10_1002_lom3_10558.pdf,"[5977, 5981]"
sample_type,2,10.1002/lom3.10558,10_1002_lom3_10558.pdf,"[6024, 6025]"
sample_type,Diol (2OH),10.1002/lom3.10558,10_1002_lom3_10558.pdf,"[6031, 6041]"
sample_type,Similar to unbonded silica,10.1002/lom3.10558,10_1002_lom3_10558.pdf,"[6044, 6070]"
sample_type,Polar and nonpolar,10.1002/lom3.10558,10_1002_lom3_10558.pdf,"[6101, 6119]"
sample_type,6,10.1002/lom3.10558,10_1002_lom3_10558.pdf,"[6126, 6127]"
sample_type,1000,10.1002/lom3.10558,10_1002_lom3_10558.pdf,"[6140, 6144]"
sample_type,2,10.1002/lom3.10558,10_1002_lom3_10558.pdf,"[6187, 6188]"
sample_type,Plexa,10.1002/lom3.10558,10_1002_lom3_10558.pdf,"[6194, 6199]"
sample_type,"Hydroxylated surface, polystyrene-divinyl benzene core",10.1002/lom3.10558,10_1002_lom3_10558.pdf,"[6207, 6261]"
sample_type,Nonpolar,10.1002/lom3.10558,10_1002_lom3_10558.pdf,"[6264, 6272]"
sample_type,6,10.1002/lom3.10558,10_1002_lom3_10558.pdf,"[6289, 6290]"
sample_type,500,10.1002/lom3.10558,10_1002_lom3_10558.pdf,"[6303, 6306]"
sample_type,2,10.1002/lom3.10558,10_1002_lom3_10558.pdf,"[6350, 6351]"
instrument,custom-built 9.4 T FT-ICR mass spectrometer,10.1002/lom3.10558,10_1002_lom3_10558.pdf,"[6820, 6863]"
ionization_method,direct infusion ESI in negative ion mode,10.1002/lom3.10558,10_1002_lom3_10558.pdf,"[6703, 6743]"
sample_type,Samples (diluted 1:1 in methanol),10.1002/lom3.10558,10_1002_lom3_10558.pdf,"[6592, 6628]"
facility,National High Magnetic Field Laboratory,10.1002/lom3.10558,10_1002_lom3_10558.pdf,"[6871, 6910]"
software_tools,Predator,10.1002/lom3.10558,10_1002_lom3_10558.pdf,"[7044, 7052]"
sample_type,crude extracts,10.1002/lom3.10558,10_1002_lom3_10558.pdf,"[7681, 7695]"
sample_type,Mass spectral peaks,10.1002/lom3.10558,10_1002_lom3_10558.pdf,"[9144, 9163]"
software_tools,PetroOrg software,10.1002/lom3.10558,10_1002_lom3_10558.pdf,"[9454, 9471]"
ionization_method,negative mode ionization,10.1002/lom3.10558,10_1002_lom3_10558.pdf,"[10615, 10639]"
instrument,FT-ICR MS,10.1002/lom3.10558,10_1002_lom3_10558.pdf,"[10999, 11008]"
ionization_method,ESI,10.1002/lom3.10558,10_1002_lom3_10558.pdf,"[11959, 11962]"
ionization_method,ESI,10.1002/lom3.10558,10_1002_lom3_10558.pdf,"[12803, 12806]"
instrument,FT-ICR MS,10.1002/lom3.10558,10_1002_lom3_10558.pdf,"[13489, 13498]"
sample_type,0.2 liter surface seawater samples,10.1002/lom3.10558,10_1002_lom3_10558.pdf,"[13869, 13903]"
instrument,FT-ICR MS,10.1002/lom3.10558,10_1002_lom3_10558.pdf,"[14545, 14554]"
ionization_method,Negative-ion ESI,10.1002/lom3.10558,10_1002_lom3_10558.pdf,"[14631, 14647]"
sample_type,0.2 liter surface seawater,10.1002/lom3.10558,10_1002_lom3_10558.pdf,"[14567, 14593]"
instrument,high-temperature combustion,10.1002/lom3.10558,10_1002_lom3_10558.pdf,"[15783, 15810]"
ionization_method,FT-ICR MS,10.1002/lom3.10558,10_1002_lom3_10558.pdf,"[16138, 16147]"
ionization_method,ESI,10.1002/lom3.10558,10_1002_lom3_10558.pdf,"[17136, 17139]"
sample_type,surface seawater sample,10.1002/lom3.10558,10_1002_lom3_10558.pdf,"[17723, 17746]"
ionization_method,negative mode ESI,10.1002/lom3.10558,10_1002_lom3_10558.pdf,"[18924, 18941]"
sample_type,DON components,10.1002/lom3.10558,10_1002_lom3_10558.pdf,"[18888, 18902]"
dataset_accession,https://osf.io/dcu3z/,10.1002/lom3.10558,10_1002_lom3_10558.pdf,"[19071, 19093]"
instrument,ICR instrument,10.1002/mas.21666,10_1002_mas_21666.pdf,"[4356, 4370]"
instrument,NMR computer,10.1002/mas.21666,10_1002_mas_21666.pdf,"[9580, 9592]"
facility,U.B.C.,10.1002/mas.21666,10_1002_mas_21666.pdf,"[10361, 10367]"
instrument,commercial 3 T FT-ICR,10.1002/mas.21666,10_1002_mas_21666.pdf,"[13702, 13724]"
instrument,FT-ICR MS,10.1002/mas.21666,10_1002_mas_21666.pdf,"[14178, 14185]"
software_tools,stored waveform inverse Fourier transform (SWIFT),10.1002/mas.21666,10_1002_mas_21666.pdf,"[14456, 14505]"
instrument,FT-ICR MS,10.1002/mas.21666,10_1002_mas_21666.pdf,"[15956, 15966]"
facility,Chemical Instrumentation Facility,10.1002/mas.21666,10_1002_mas_21666.pdf,"[16379, 16412]"
instrument,FT-ICR mass analyzer,10.1002/mas.21666,10_1002_mas_21666.pdf,"[19993, 20014]"
ionization_method,atmospheric pressure photoionization,10.1002/mas.21666,10_1002_mas_21666.pdf,"[20477, 20513]"
ionization_method,atmospheric pressure chemical ionization,10.1002/mas.21666,10_1002_mas_21666.pdf,"[20518, 20558]"
sample_type,cytochrome c,10.1002/mas.21666,10_1002_mas_21666.pdf,"[20228, 20240]"
ionization_method,"external injection, ICR excitation and detection",10.1002/mas.21666,10_1002_mas_21666.pdf,"[21925, 21994]"
instrument,FT-ICR MS,10.1002/mas.21666,10_1002_mas_21666.pdf,"[23488, 23498]"
sample_type,protein complexes,10.1002/mas.21666,10_1002_mas_21666.pdf,"[24439, 24456]"
instrument,21 tesla Fourier transform ion cyclotron resonance mass spectrometer,10.1002/mas.21666,10_1002_mas_21666.pdf,"[31162, 31230]"
ionization_method,atmospheric photoionization,10.1002/mas.21666,10_1002_mas_21666.pdf,"[31420, 31447]"
instrument,Waters UPLC-SQD2,10.1002/pca.70001,10_1002_pca_70001.pdf,"[3078, 3089]"
ionization_method,electrospray ionization (ESI),10.1002/pca.70001,10_1002_pca_70001.pdf,"[3588, 3619]"
instrument,21T FT-ICR-MS,10.1002/pca.70001,10_1002_pca_70001.pdf,"[4452, 4469]"
ionization_method,negative ESI,10.1002/pca.70001,10_1002_pca_70001.pdf,"[4578, 4590]"
facility,"National High Magnetic Field Laboratory (NHMFL), Florida State University",10.1002/pca.70001,10_1002_pca_70001.pdf,"[4477, 4550]"
software_tools,PetroOrg,10.1002/pca.70001,10_1002_pca_70001.pdf,"[5161, 5169]"
facility,NHMFL Lab,10.1002/pca.70001,10_1002_pca_70001.pdf,"[5197, 5206]"
software_tools,GraphPad Prism 10.4,10.1002/pca.70001,10_1002_pca_70001.pdf,"[5211, 5230]"
sample_type,triterpenes,10.1002/pca.70001,10_1002_pca_70001.pdf,"[6419, 6430]"
instrument,21T FT- ICR MS,10.1002/pca.70001,10_1002_pca_70001.pdf,"[8025, 8040]"
ionization_method,ESI negative mode,10.1002/pca.70001,10_1002_pca_70001.pdf,"[8188, 8205]"
sample_type,compounds,10.1002/pca.70001,10_1002_pca_70001.pdf,"[9534, 9543]"
ionization_method,ESI,10.1002/pca.70001,10_1002_pca_70001.pdf,"[10653, 10656]"
sample_type,PTAs,10.1002/pca.70001,10_1002_pca_70001.pdf,"[11417, 11421]"
sample_type,ursonic acid C30H46O3,10.1002/pca.70001,10_1002_pca_70001.pdf,"[11724, 11750]"
facility,in vitro cultivated fraction of C. angustifolia roots,10.1002/pca.70001,10_1002_pca_70001.pdf,"[11833, 11886]"
instrument,ESI-FT-ICR-MS,10.1002/pca.70001,10_1002_pca_70001.pdf,"[12274, 12293]"
sample_type,serjanic acid C31H48O5,10.1002/pca.70001,10_1002_pca_70001.pdf,"[12140, 12167]"
ionization_method,ESI,10.1002/pca.70001,10_1002_pca_70001.pdf,"[12274, 12277]"
sample_type,Oxygenated pentacyclic triterpenes,10.1002/pca.70001,10_1002_pca_70001.pdf,"[14387, 14421]"
ionization_method,ESI,10.1002/pca.70001,10_1002_pca_70001.pdf,"[15648, 15651]"
sample_type,In vitro material,10.1002/pca.70001,10_1002_pca_70001.pdf,"[17183, 17200]"
sample_type,In vitro material,10.1002/pca.70001,10_1002_pca_70001.pdf,"[18167, 18184]"
sample_type,In vitro material,10.1002/pca.70001,10_1002_pca_70001.pdf,"[19151, 19168]"
ionization_method,ESI FT-ICRMS,10.1002/pca.70001,10_1002_pca_70001.pdf,"[21146, 21158]"
sample_type,In vitro material,10.1002/pca.70001,10_1002_pca_70001.pdf,"[21707, 21724]"
instrument,ESI FT-ICRMS,10.1002/pca.70001,10_1002_pca_70001.pdf,"[22234, 22246]"
ionization_method,ESI,10.1002/pca.70001,10_1002_pca_70001.pdf,"[22506, 22509]"
sample_type,Wild material,10.1002/pca.70001,10_1002_pca_70001.pdf,"[22523, 22536]"
instrument,ESI FT-ICRMS,10.1002/pca.70001,10_1002_pca_70001.pdf,"[23050, 23062]"
ionization_method,ESI,10.1002/pca.70001,10_1002_pca_70001.pdf,"[23322, 23325]"
instrument,FT-ICR-MS,10.1002/pca.70001,10_1002_pca_70001.pdf,"[26530, 26543]"
ionization_method,ESI-FT-ICR,10.1002/pca.70001,10_1002_pca_70001.pdf,"[28228, 28242]"
sample_type,Histones,10.1002/pmic.201300438,10_1002_pmic_201300438.pdf,"[516, 524]"
instrument,Thermo Ultimate 3000 system,10.1002/pmic.201300438,10_1002_pmic_201300438.pdf,"[946, 973]"
instrument,LTQ Orbitrap Velos (Thermo Fisher Scientific),10.1002/pmic.201300438,10_1002_pmic_201300438.pdf,"[3925, 3970]"
ionization_method,data-dependent ETD,10.1002/pmic.201300438,10_1002_pmic_201300438.pdf,"[4150, 4168]"
instrument,Bruker 12 T solariX XR FTMS,10.1002/pmic.201300438,10_1002_pmic_201300438.pdf,"[4984, 5011]"
ionization_method,ESI,10.1002/pmic.201300438,10_1002_pmic_201300438.pdf,"[4782, 4785]"
sample_type,Dried histone fraction,10.1002/pmic.201300438,10_1002_pmic_201300438.pdf,"[4564, 4586]"
instrument,12 T ApexQe hybrid Fourier transform-ion cyclotron resonance (FT-ICR) mass spectrometer,10.1002/pmic.201300438,10_1002_pmic_201300438.pdf,"[6729, 6816]"
ionization_method,nano-ESI,10.1002/pmic.201300438,10_1002_pmic_201300438.pdf,"[6872, 6880]"
sample_type,All top-down ECD data,10.1002/pmic.201300438,10_1002_pmic_201300438.pdf,"[6688, 6709]"
instrument,"12.0 tesla hybrid quadrupole FT-ICR, FT-MS mass spectrometer (Bruker Daltonics)",10.1002/pmic.201300438,10_1002_pmic_201300438.pdf,"[7601, 7680]"
ionization_method,nanospray ion source (CaptiveSpray) with a dual ion funnel,10.1002/pmic.201300438,10_1002_pmic_201300438.pdf,"[7532, 7590]"
sample_type,Twenty-five micrograms histone H4 sample,10.1002/pmic.201300438,10_1002_pmic_201300438.pdf,"[7986, 8026]"
instrument,ThermoScientific Orbitrap Elite,10.1002/pmic.201300438,10_1002_pmic_201300438.pdf,"[8782, 8813]"
sample_type,Protein solutions,10.1002/pmic.201300438,10_1002_pmic_201300438.pdf,"[8623, 8640]"
ionization_method,ETD,10.1002/pmic.201300438,10_1002_pmic_201300438.pdf,"[12218, 12221]"
sample_type,Histone H4 sequence,10.1002/pmic.201300438,10_1002_pmic_201300438.pdf,"[11482, 11501]"
software_tools,"BioTools, cRAWler algorithm inside ProSightPC 3.0",10.1002/pmic.201300438,10_1002_pmic_201300438.pdf,"[12320, 12359]"
instrument,Bruker Compass Dataanalysis,10.1002/pmic.201300438,10_1002_pmic_201300438.pdf,"[13042, 13069]"
software_tools,ProteinProspector,10.1002/pmic.201300438,10_1002_pmic_201300438.pdf,"[13144, 13161]"
sample_type,human histone H4,10.1002/pmic.201300438,10_1002_pmic_201300438.pdf,"[13216, 13232]"
software_tools,"MaximumEntropyDeconvolution from DataAnalysis (Bruker Daltonics, version 3.4)",10.1002/pmic.201300438,10_1002_pmic_201300438.pdf,"[13424, 13501]"
software_tools,ProSight PC workflow,10.1002/pmic.201300438,10_1002_pmic_201300438.pdf,"[13587, 13607]"
ionization_method,UVPD,10.1002/pmic.201300438,10_1002_pmic_201300438.pdf,"[13715, 13719]"
sample_type,Histone H4 and H2A,10.1002/pmic.201300438,10_1002_pmic_201300438.pdf,"[13760, 13778]"
software_tools,Xtract algorithm from Thermo Fisher Scientific,10.1002/pmic.201300438,10_1002_pmic_201300438.pdf,"[13901, 13947]"
software_tools,custom in-house software,10.1002/pmic.201300438,10_1002_pmic_201300438.pdf,"[14166, 14190]"
sample_type,H4 proteoform,10.1002/pmic.201300438,10_1002_pmic_201300438.pdf,"[14316, 14329]"
instrument,Dionex UltiMate 3000 × 2 Dual Analytical System,10.1002/pmic.201700442,10_1002_pmic_201700442.pdf,"[929, 976]"
sample_type,Histone H4,10.1002/pmic.201700442,10_1002_pmic_201700442.pdf,"[1384, 1394]"
instrument,Velos Pro-14.5 or 21 tesla Fourier transformion cyclotron resonance (FT-ICR) mass spectrometer,10.1002/pmic.201700442,10_1002_pmic_201700442.pdf,"[2208, 2302]"
ionization_method,front-end electron transfer dissociation (FETD),10.1002/pmic.201700442,10_1002_pmic_201700442.pdf,"[2536, 2583]"
sample_type,N-terminal tails of histone H4,10.1002/pmic.201700442,10_1002_pmic_201700442.pdf,"[1950, 1980]"
sample_type,purified histone H4 1-23aa peptide sample,10.1002/pmic.201700442,10_1002_pmic_201700442.pdf,"[2676, 2717]"
software_tools,Xcalibur software (Thermo Fisher Scientific),10.1002/pmic.201700442,10_1002_pmic_201700442.pdf,"[3451, 3495]"
ionization_method,ETD,10.1002/pmic.201700442,10_1002_pmic_201700442.pdf,"[3656, 3659]"
sample_type,histone H4 fraction,10.1002/pmic.201700442,10_1002_pmic_201700442.pdf,"[6794, 6813]"
instrument,FT-ICR mass spectrometer,10.1002/pmic.201700442,10_1002_pmic_201700442.pdf,"[8281, 8305]"
ionization_method,electrospray ionization (ESI),10.1002/pmic.201700442,10_1002_pmic_201700442.pdf,"[8188, 8217]"
ionization_method,ETD,10.1002/pmic.201700442,10_1002_pmic_201700442.pdf,"[9426, 9429]"
sample_type,Histone H4,10.1002/pmic.201700442,10_1002_pmic_201700442.pdf,"[10222, 10232]"
sample_type,asynchronous cells,10.1002/pmic.201700442,10_1002_pmic_201700442.pdf,"[10917, 10935]"
sample_type,cells in S and G2/M phase,10.1002/pmic.201700442,10_1002_pmic_201700442.pdf,"[10940, 10965]"
sample_type,nocodazole treatment in MDA-MB-231 cell line,10.1002/pmic.201700442,10_1002_pmic_201700442.pdf,"[11467, 11511]"
instrument,FT-ICR mass spectrometer,10.1002/pmic.201700442,10_1002_pmic_201700442.pdf,"[12684, 12709]"
sample_type,proteoforms of histone H4,10.1002/pmic.201700442,10_1002_pmic_201700442.pdf,"[12026, 12051]"
ionization_method,ETD,10.1002/pmic.201700442,10_1002_pmic_201700442.pdf,"[13489, 13492]"
sample_type,histone H4 PTM,10.1002/pmic.201700442,10_1002_pmic_201700442.pdf,"[17921, 17935]"
facility,Florida State University,10.1002/pmic.201700442,10_1002_pmic_201700442.pdf,"[17511, 17535]"
sample_type,H4 N α -ac,10.1002/pmic.201700442,10_1002_pmic_201700442.pdf,"[19181, 19191]"
sample_type,histone H4,10.1002/pmic.201700442,10_1002_pmic_201700442.pdf,"[19385, 19395]"
sample_type,histone H4,10.1002/pmic.201700442,10_1002_pmic_201700442.pdf,"[30325, 30335]"
sample_type,proteins,10.1002/pmic.201800361,10_1002_pmic_201800361.pdf,"[9351, 9359]"
sample_type,Shewanella oneidensis lysate,10.1002/pmic.201800361,10_1002_pmic_201800361.pdf,"[17797, 17825]"
ionization_method,UPLC,10.1002/pmic.201800361,10_1002_pmic_201800361.pdf,"[18195, 18199]"
sample_type,human serum autoantibodies,10.1002/pmic.201800361,10_1002_pmic_201800361.pdf,"[18222, 18248]"
sample_type,standard proteins,10.1002/pmic.201800361,10_1002_pmic_201800361.pdf,"[19022, 19039]"
sample_type,Escherichia coli cell lysate,10.1002/pmic.201800361,10_1002_pmic_201800361.pdf,"[19168, 19196]"
sample_type,E. coli cell lysate,10.1002/pmic.201800361,10_1002_pmic_201800361.pdf,"[20196, 20215]"
ionization_method,CZE-MS,10.1002/pmic.201800361,10_1002_pmic_201800361.pdf,"[20630, 20636]"
sample_type,intact proteins,10.1002/pmic.201800361,10_1002_pmic_201800361.pdf,"[20939, 20954]"
sample_type,E. coli cell lysate,10.1002/pmic.201800361,10_1002_pmic_201800361.pdf,"[22722, 22741]"
sample_type,fractionated yeast lysate,10.1002/pmic.201800361,10_1002_pmic_201800361.pdf,"[35296, 35321]"
sample_type,mitochondrial proteins from mouse myoblasts and differentiated myotubes,10.1002/pmic.201800361,10_1002_pmic_201800361.pdf,"[35553, 35624]"
software_tools,Proteoform Suite,10.1002/pmic.201800361,10_1002_pmic_201800361.pdf,"[35765, 35781]"
software_tools,MetaMorpheus,10.1002/pmic.201800361,10_1002_pmic_201800361.pdf,"[36695, 36707]"
sample_type,patient tissue samples,10.1002/pmic.201800361,10_1002_pmic_201800361.pdf,"[43658, 43680]"
sample_type,yeast mutant versus wild-type strains,10.1002/pmic.201800361,10_1002_pmic_201800361.pdf,"[43867, 43904]"
sample_type,mouse mitochondrial proteoforms in myoblasts and differentiated myotubes,10.1002/pmic.201800361,10_1002_pmic_201800361.pdf,"[44618, 44690]"
sample_type,intact proteins,10.1002/pmic.201800361,10_1002_pmic_201800361.pdf,"[47847, 47862]"
software_tools,MSAlign +,10.1002/pmic.201800361,10_1002_pmic_201800361.pdf,"[59560, 59569]"
ionization_method,ESI,10.1002/rcm.4655,10_1002_rcm_4655.pdf,"[449, 452]"
instrument,Advion BioSystems Nanomate,10.1002/rcm.4655,10_1002_rcm_4655.pdf,"[2608, 2634]"
ionization_method,ESI,10.1002/rcm.4655,10_1002_rcm_4655.pdf,"[2364, 2367]"
sample_type,In-gel trypsin digests,10.1002/rcm.4655,10_1002_rcm_4655.pdf,"[2800, 2822]"
instrument,hybrid linear quadrupole ion trap/FT-ICR mass spectrometer (LTQ-FT),10.1002/rcm.4655,10_1002_rcm_4655.pdf,"[7661, 7727]"
sample_type,in-gel digested samples,10.1002/rcm.4655,10_1002_rcm_4655.pdf,"[7860, 7883]"
instrument,LTQ,10.1002/rcm.4655,10_1002_rcm_4655.pdf,"[8858, 8861]"
software_tools,Xcalibur,10.1002/rcm.4655,10_1002_rcm_4655.pdf,"[8701, 8709]"
software_tools,Xcalibur and MIDAS,10.1002/rcm.4655,10_1002_rcm_4655.pdf,"[9646, 9664]"
sample_type,"Seven proteins, human hemoglobin alpha, bovine carbonic anhydrase 2, horse skeletal muscle myoglobin, hen egg white lysozyme, bovine pancreatic ribonuclease A, bovine rhodanese and bovine serum albumin (BSA), as well as endopeptidase Lys-C (Lys-C)",10.1002/rcm.7783,10_1002_rcm_7783.pdf,"[80, 327]"
instrument,Ultra Nano HPLC system,10.1002/rcm.7783,10_1002_rcm_7783.pdf,"[1537, 1559]"
ionization_method,CID MS/MS,10.1002/rcm.7783,10_1002_rcm_7783.pdf,"[1376, 1385]"
sample_type,Lys-N digest,10.1002/rcm.7783,10_1002_rcm_7783.pdf,"[1402, 1414]"
sample_type,human hemoglobin alpha,10.1002/rcm.7783,10_1002_rcm_7783.pdf,"[2617, 2639]"
instrument,"modified linear ion trap (LTQ, Thermo Fisher Scientific, San Jose, CA, USA) 14.5 T FT-ICR mass spectrometer",10.1002/rcm.7783,10_1002_rcm_7783.pdf,"[4927, 5034]"
sample_type,Lys-C and Lys-N digests,10.1002/rcm.7783,10_1002_rcm_7783.pdf,"[4831, 4854]"
ionization_method,CID,10.1002/rcm.7783,10_1002_rcm_7783.pdf,"[5338, 5341]"
sample_type,peptides,10.1002/rcm.7783,10_1002_rcm_7783.pdf,"[7990, 7998]"
instrument,YSI 6600 multiprobe,10.1007/s00027-017-0540-5,10_1007_s00027-017-0540-5.pdf,"[2515, 2534]"
instrument,OI Analytical four-channel Rapid Flow Analyzer,10.1007/s00027-017-0540-5,10_1007_s00027-017-0540-5.pdf,"[4803, 4850]"
sample_type,water,10.1007/s00027-017-0540-5,10_1007_s00027-017-0540-5.pdf,"[5045, 5050]"
sample_type,Dissolved urea,10.1007/s00027-017-0540-5,10_1007_s00027-017-0540-5.pdf,"[5612, 5626]"
instrument,Horiba Scientific Aqualog spectrofluorometer,10.1007/s00027-017-0540-5,10_1007_s00027-017-0540-5.pdf,"[7795, 7842]"
sample_type,hydrolysate,10.1007/s00027-017-0540-5,10_1007_s00027-017-0540-5.pdf,"[7394, 7405]"
instrument,Horiba Scientific Aqualog spectrofluorometer,10.1007/s00027-017-0540-5,10_1007_s00027-017-0540-5.pdf,"[8453, 8500]"
sample_type,Leucine aminopeptidase (LAP),10.1007/s00027-017-0540-5,10_1007_s00027-017-0540-5.pdf,"[10721, 10751]"
instrument,Horiba Scientific Aqualog spectrofluorometer,10.1007/s00027-017-0540-5,10_1007_s00027-017-0540-5.pdf,"[11487, 11531]"
sample_type,Water sample,10.1007/s00027-017-0540-5,10_1007_s00027-017-0540-5.pdf,"[11561, 11573]"
sample_type,fluorescence of blanks,10.1007/s00027-017-0540-5,10_1007_s00027-017-0540-5.pdf,"[11693, 11715]"
sample_type,sample water,10.1007/s00027-017-0540-5,10_1007_s00027-017-0540-5.pdf,"[11748, 11760]"
sample_type,non-enzymatic-produced AMC,10.1007/s00027-017-0540-5,10_1007_s00027-017-0540-5.pdf,"[11786, 11812]"
sample_type,sample fluorescence,10.1007/s00027-017-0540-5,10_1007_s00027-017-0540-5.pdf,"[11901, 11920]"
sample_type,Leu-MCA,10.1007/s00027-017-0540-5,10_1007_s00027-017-0540-5.pdf,"[12004, 12011]"
instrument,Fourier transform ion cyclotron resonance mass spectrometry (FT-ICR MS),10.1007/s00027-017-0540-5,10_1007_s00027-017-0540-5.pdf,"[13384, 13455]"
sample_type,DON,10.1007/s00027-017-0540-5,10_1007_s00027-017-0540-5.pdf,"[13377, 13380]"
sample_type,DOM,10.1007/s00027-017-0540-5,10_1007_s00027-017-0540-5.pdf,"[13796, 13799]"
instrument,home-built ultrahigh resolution FT-ICR MS,10.1007/s00027-017-0540-5,10_1007_s00027-017-0540-5.pdf,"[14831, 14872]"
ionization_method,positive-ion atmospheric pressure photoionization (APPI),10.1007/s00027-017-0540-5,10_1007_s00027-017-0540-5.pdf,"[14712, 14815]"
sample_type,dried DOM extracts,10.1007/s00027-017-0540-5,10_1007_s00027-017-0540-5.pdf,"[14449, 14468]"
facility,National High Magnetic Field Laboratory (NHMFL) at Florida State University,10.1007/s00027-017-0540-5,10_1007_s00027-017-0540-5.pdf,"[14494, 14576]"
sample_type,"ambient water measurements, flow, and BDON",10.1007/s00027-017-0540-5,10_1007_s00027-017-0540-5.pdf,"[17335, 17377]"
instrument,custombuilt FT-ICR mass spectrometer,10.1007/s10533-015-0103-6,10_1007_s10533-015-0103-6.pdf,"[2114, 2150]"
ionization_method,fused silica micro electrospray ionization (ESI),10.1007/s10533-015-0103-6,10_1007_s10533-015-0103-6.pdf,"[1926, 1974]"
software_tools,Predator,10.1007/s10533-015-0103-6,10_1007_s10533-015-0103-6.pdf,"[2330, 2338]"
ionization_method,negative ESI,10.1007/s10533-015-0103-6,10_1007_s10533-015-0103-6.pdf,"[3694, 3706]"
instrument,Dionex DX 500,10.1007/s10533-015-0103-6,10_1007_s10533-015-0103-6.pdf,"[4962, 4975]"
sample_type,Anion and cation samples,10.1007/s10533-015-0103-6,10_1007_s10533-015-0103-6.pdf,"[4830, 4854]"
software_tools,"PC-Ord software (version 4, MjM Software Design)",10.1007/s10533-015-0103-6,10_1007_s10533-015-0103-6.pdf,"[5943, 5991]"
sample_type,Plant litter,10.1007/s10533-018-00534-5,10_1007_s10533-018-00534-5.pdf,"[82, 94]"
sample_type,Stream water,10.1007/s10533-018-00534-5,10_1007_s10533-018-00534-5.pdf,"[99, 111]"
sample_type,plant litter,10.1007/s10533-018-00534-5,10_1007_s10533-018-00534-5.pdf,"[1111, 1123]"
sample_type,DOM extracts of each litter species,10.1007/s10533-018-00534-5,10_1007_s10533-018-00534-5.pdf,"[1208, 1243]"
sample_type,Sourdough Creek stream water,10.1007/s10533-018-00534-5,10_1007_s10533-018-00534-5.pdf,"[1713, 1741]"
sample_type,Milli-Q water,10.1007/s10533-018-00534-5,10_1007_s10533-018-00534-5.pdf,"[1818, 1831]"
ionization_method,Fourier transform ion cyclotron resonance mass spectrometry (FT-ICR MS),10.1007/s10533-018-00534-5,10_1007_s10533-018-00534-5.pdf,"[2800, 2871]"
instrument,GE Sievers 900 Portable Total Organic Carbon Analyzer,10.1007/s10533-018-00534-5,10_1007_s10533-018-00534-5.pdf,"[4340, 4393]"
sample_type,DOC concentration,10.1007/s10533-018-00534-5,10_1007_s10533-018-00534-5.pdf,"[4210, 4227]"
instrument,Dionex ICS-1100,10.1007/s10533-018-00534-5,10_1007_s10533-018-00534-5.pdf,"[5250, 5265]"
sample_type,Major anion concentration samples,10.1007/s10533-018-00534-5,10_1007_s10533-018-00534-5.pdf,"[4967, 5000]"
instrument,Genesys 10 s Series Spectrophotometer,10.1007/s10533-018-00534-5,10_1007_s10533-018-00534-5.pdf,"[6785, 6822]"
instrument,Horiba Jobin-Yvon Fluoromax-4 Spectrofluorometer,10.1007/s10533-018-00534-5,10_1007_s10533-018-00534-5.pdf,"[7617, 7665]"
software_tools,MATLAB,10.1007/s10533-018-00534-5,10_1007_s10533-018-00534-5.pdf,"[8256, 8262]"
instrument,9.4 T FT-ICR mass spectrometer,10.1007/s10533-018-00534-5,10_1007_s10533-018-00534-5.pdf,"[8948, 8978]"
ionization_method,negative ion mode Electrospray Ionization (ESI),10.1007/s10533-018-00534-5,10_1007_s10533-018-00534-5.pdf,"[8887, 8934]"
sample_type,Samples were prepared for FT-ICR MS with 200 mg Bond Elut PPL Solid Phase Extraction (SPE) cartridges,10.1007/s10533-018-00534-5,10_1007_s10533-018-00534-5.pdf,"[8554, 8643]"
facility,National High Magnetic Field Laboratory (NHMFL),10.1007/s10533-018-00534-5,10_1007_s10533-018-00534-5.pdf,"[8986, 9033]"
sample_type,DNA,10.1007/s10533-018-00534-5,10_1007_s10533-018-00534-5.pdf,"[10787, 10790]"
instrument,Eppendorf Mastercycler pro S,10.1007/s10533-018-00534-5,10_1007_s10533-018-00534-5.pdf,"[12011, 12039]"
sample_type,Genomic DNA,10.1007/s10533-018-00534-5,10_1007_s10533-018-00534-5.pdf,"[11150, 11161]"
instrument,Illumina MiSeq Sequencer,10.1007/s10533-018-00534-5,10_1007_s10533-018-00534-5.pdf,"[12584, 12608]"
sample_type,PCR products,10.1007/s10533-018-00534-5,10_1007_s10533-018-00534-5.pdf,"[12400, 12412]"
facility,University of Wisconsin-Madison Biotechnology Center,10.1007/s10533-018-00534-5,10_1007_s10533-018-00534-5.pdf,"[12616, 12668]"
dataset_accession,SRP097447,10.1007/s10533-018-00534-5,10_1007_s10533-018-00534-5.pdf,"[13783, 13792]"
software_tools,Primer v.6.2,10.1007/s10533-018-00534-5,10_1007_s10533-018-00534-5.pdf,"[14119, 14131]"
instrument,FT-ICR MS,10.1007/s10533-018-00534-5,10_1007_s10533-018-00534-5.pdf,"[17322, 17331]"
sample_type,DOM molecular composition data,10.1007/s10533-018-00534-5,10_1007_s10533-018-00534-5.pdf,"[17278, 17308]"
sample_type,individual molecular formula,10.1007/s10533-018-00534-5,10_1007_s10533-018-00534-5.pdf,"[17673, 17701]"
sample_type,chemical classes,10.1007/s10533-018-00534-5,10_1007_s10533-018-00534-5.pdf,"[18787, 18803]"
software_tools,Primer 6 (version 6.1.13),10.1007/s10533-018-00534-5,10_1007_s10533-018-00534-5.pdf,"[18915, 18940]"
sample_type,DOM source materials,10.1007/s10533-019-00619-9,10_1007_s10533-019-00619-9.pdf,"[4685, 4705]"
sample_type,bulrush,10.1007/s10533-019-00619-9,10_1007_s10533-019-00619-9.pdf,"[5071, 5078]"
instrument,Shimadzu TOC-L CPH,10.1007/s10533-019-00619-9,10_1007_s10533-019-00619-9.pdf,"[6420, 6438]"
sample_type,Dissolved organic carbon concentrations,10.1007/s10533-019-00619-9,10_1007_s10533-019-00619-9.pdf,"[6317, 6356]"
instrument,Horiba Aqualog,10.1007/s10533-019-00619-9,10_1007_s10533-019-00619-9.pdf,"[7033, 7047]"
sample_type,Chromophoric dissolved organic matter (CDOM),10.1007/s10533-019-00619-9,10_1007_s10533-019-00619-9.pdf,"[6902, 6946]"
sample_type,Dissolved organic matter,10.1007/s10533-019-00619-9,10_1007_s10533-019-00619-9.pdf,"[7961, 7985]"
instrument,Agilent 6890N GC/5975 MS,10.1007/s10533-019-00619-9,10_1007_s10533-019-00619-9.pdf,"[10406, 10430]"
sample_type,Lignin phenols,10.1007/s10533-019-00619-9,10_1007_s10533-019-00619-9.pdf,"[10732, 10746]"
instrument,21 T FT-ICR MS,10.1007/s10533-019-00619-9,10_1007_s10533-019-00619-9.pdf,"[11888, 11902]"
ionization_method,negative electrospray ionization,10.1007/s10533-019-00619-9,10_1007_s10533-019-00619-9.pdf,"[12025, 12057]"
sample_type,PPL extracts in methanol,10.1007/s10533-019-00619-9,10_1007_s10533-019-00619-9.pdf,"[11951, 11975]"
sample_type,DOM,10.1007/s10533-019-00619-9,10_1007_s10533-019-00619-9.pdf,"[12706, 12709]"
sample_type,Condensed aromatic,10.1007/s10533-019-00619-9,10_1007_s10533-019-00619-9.pdf,"[22000, 22018]"
instrument,Shimadzu TOC-L CPH,10.1007/s10533-021-00852-1,10_1007_s10533-021-00852-1.pdf,"[5382, 5400]"
instrument,21-tesla FT-ICR MS,10.1007/s10533-021-00852-1,10_1007_s10533-021-00852-1.pdf,"[6062, 6080]"
ionization_method,direct infusion electrospray ionization,10.1007/s10533-021-00852-1,10_1007_s10533-021-00852-1.pdf,"[6230, 6269]"
sample_type,DOM samples,10.1007/s10533-021-00852-1,10_1007_s10533-021-00852-1.pdf,"[5675, 5686]"
facility,National High Magnetic Field Laboratory (NHMFL),10.1007/s10533-021-00852-1,10_1007_s10533-021-00852-1.pdf,"[6088, 6134]"
ionization_method,Fourier transform ion cyclotron resonance mass spectrometry (FT-ICR MS),10.1007/s10533-021-00852-1,10_1007_s10533-021-00852-1.pdf,"[11670, 11741]"
sample_type,zooplankton,10.1007/s10533-021-00876-7,10_1007_s10533-021-00876-7.pdf,"[2011, 2022]"
sample_type,zooplankton,10.1007/s10533-021-00876-7,10_1007_s10533-021-00876-7.pdf,"[2914, 2925]"
facility,long-term monitoring station,10.1007/s10533-021-00876-7,10_1007_s10533-021-00876-7.pdf,"[3019, 3047]"
sample_type,zooplankton,10.1007/s10533-021-00876-7,10_1007_s10533-021-00876-7.pdf,"[3719, 3730]"
instrument,Shimadzu TOC-L CPH,10.1007/s10533-021-00876-7,10_1007_s10533-021-00876-7.pdf,"[5385, 5403]"
sample_type,Filtered samples for dissolved organic carbon (DOC) concentration measurements,10.1007/s10533-021-00876-7,10_1007_s10533-021-00876-7.pdf,"[5270, 5348]"
instrument,Horiba Aqualog,10.1007/s10533-021-00876-7,10_1007_s10533-021-00876-7.pdf,"[5850, 5864]"
software_tools,drEEM toolbox in MATLAB,10.1007/s10533-021-00876-7,10_1007_s10533-021-00876-7.pdf,"[6170, 6193]"
instrument,FT-ICR MS,10.1007/s10533-021-00876-7,10_1007_s10533-021-00876-7.pdf,"[9062, 9071]"
instrument,FT-ICR MS,10.1007/s10533-021-00876-7,10_1007_s10533-021-00876-7.pdf,"[9269, 9278]"
ionization_method,negative electrospray ionization,10.1007/s10533-021-00876-7,10_1007_s10533-021-00876-7.pdf,"[9667, 9699]"
sample_type,Tree DOM samples,10.1007/s10533-022-00906-y,10_1007_s10533-022-00906-y.pdf,"[3769, 3785]"
sample_type,Tree leachates,10.1007/s10533-022-00906-y,10_1007_s10533-022-00906-y.pdf,"[5550, 5564]"
sample_type,tree leachate samples,10.1007/s10533-022-00906-y,10_1007_s10533-022-00906-y.pdf,"[6211, 6232]"
instrument,Shimadzu TOCLC/TN analyzer,10.1007/s10533-022-00906-y,10_1007_s10533-022-00906-y.pdf,"[8008, 8035]"
sample_type,soil leachates,10.1007/s10533-022-00906-y,10_1007_s10533-022-00906-y.pdf,"[7771, 7785]"
instrument,Fourier-transform ion cyclotron resonance mass spectrometer,10.1007/s10533-022-00906-y,10_1007_s10533-022-00906-y.pdf,"[9203, 9249]"
instrument,custom-built FT-ICR MS,10.1007/s10533-022-00906-y,10_1007_s10533-022-00906-y.pdf,"[9787, 9810]"
ionization_method,direct infusion negative electrospray ionization,10.1007/s10533-022-00906-y,10_1007_s10533-022-00906-y.pdf,"[10039, 10087]"
sample_type,samples,10.1007/s10533-022-00906-y,10_1007_s10533-022-00906-y.pdf,"[9403, 9410]"
facility,National High Magnetic Field Laboratory,10.1007/s10533-022-00906-y,10_1007_s10533-022-00906-y.pdf,"[9917, 9960]"
instrument,FT-ICR MS,10.1007/s10533-022-00906-y,10_1007_s10533-022-00906-y.pdf,"[11425, 11435]"
software_tools,R,10.1007/s10533-022-00906-y,10_1007_s10533-022-00906-y.pdf,"[14037, 14038]"
software_tools,rstatix,10.1007/s10533-022-00906-y,10_1007_s10533-022-00906-y.pdf,"[14069, 14076]"
sample_type,soil leachates,10.1007/s10533-022-00906-y,10_1007_s10533-022-00906-y.pdf,"[14174, 14188]"
sample_type,continuous multivariate data,10.1007/s10533-022-00906-y,10_1007_s10533-022-00906-y.pdf,"[15234, 15262]"
sample_type,permafrost,10.1007/s10533-023-01101-3,10_1007_s10533-023-01101-3.pdf,"[1038, 1048]"
sample_type,water samples,10.1007/s10533-023-01101-3,10_1007_s10533-023-01101-3.pdf,"[3592, 3605]"
sample_type,water samples,10.1007/s10533-023-01101-3,10_1007_s10533-023-01101-3.pdf,"[4493, 4507]"
instrument,Shimadzu TOC-V analyzer,10.1007/s10533-023-01101-3,10_1007_s10533-023-01101-3.pdf,"[4866, 4891]"
sample_type,DOC concentrations of samples,10.1007/s10533-023-01101-3,10_1007_s10533-023-01101-3.pdf,"[4916, 4945]"
instrument,21 Tesla FT-ICR MS,10.1007/s10533-023-01101-3,10_1007_s10533-023-01101-3.pdf,"[6784, 6805]"
ionization_method,negative electrospray ionization,10.1007/s10533-023-01101-3,10_1007_s10533-023-01101-3.pdf,"[6892, 6924]"
sample_type,DOM extraction procedures,10.1007/s10533-023-01101-3,10_1007_s10533-023-01101-3.pdf,"[6546, 6572]"
facility,"National High Magnetic Field Laboratory in Tallahassee, Florida (USA)",10.1007/s10533-023-01101-3,10_1007_s10533-023-01101-3.pdf,"[6816, 6885]"
software_tools,PetroOrg Software,10.1007/s10533-023-01101-3,10_1007_s10533-023-01101-3.pdf,"[7244, 7261]"
sample_type,Molecular formulae,10.1007/s10533-023-01101-3,10_1007_s10533-023-01101-3.pdf,"[7458, 7477]"
instrument,FT-ICR MS,10.1007/s10533-023-01101-3,10_1007_s10533-023-01101-3.pdf,"[8573, 8582]"
software_tools,factoextra package,10.1007/s10533-023-01101-3,10_1007_s10533-023-01101-3.pdf,"[8645, 8663]"
ionization_method,Sanger dideoxy sequencing method,10.1007/s11356-024-35140-6,10_1007_s11356-024-35140-6.pdf,"[1948, 1980]"
sample_type,genomic DNA,10.1007/s11356-024-35140-6,10_1007_s11356-024-35140-6.pdf,"[1713, 1724]"
facility,"cloning and sequencing facility at Florida State University (Florida, USA)",10.1007/s11356-024-35140-6,10_1007_s11356-024-35140-6.pdf,"[1988, 2062]"
dataset_accession,OQ983537,10.1007/s11356-024-35140-6,10_1007_s11356-024-35140-6.pdf,"[2493, 2501]"
instrument,Dionex Aquion Ion Chromatography System,10.1007/s11356-024-35140-6,10_1007_s11356-024-35140-6.pdf,"[5273, 5312]"
sample_type,"Selenium species, acetate and sulfate",10.1007/s11356-024-35140-6,10_1007_s11356-024-35140-6.pdf,"[5194, 5232]"
instrument,SRI 8610C,10.1007/s11356-024-35140-6,10_1007_s11356-024-35140-6.pdf,"[6346, 6355]"
instrument,UV-Vis spectrophotometer,10.1007/s11356-024-35140-6,10_1007_s11356-024-35140-6.pdf,"[10500, 10524]"
sample_type,enzyme,10.1007/s11356-024-35140-6,10_1007_s11356-024-35140-6.pdf,"[10624, 10630]"
sample_type,16S rRNA gene sequencing,10.1007/s11783-022-1567-y,10_1007_s11783-022-1567-y.pdf,"[5095, 5121]"
software_tools,high-throughput 16S rRNA gene sequencing,10.1007/s11783-022-1567-y,10_1007_s11783-022-1567-y.pdf,"[5078, 5121]"
sample_type,Enriched culture FS,10.1007/s11783-022-1567-y,10_1007_s11783-022-1567-y.pdf,"[9379, 9398]"
sample_type,Enriched culture AS,10.1007/s11783-022-1567-y,10_1007_s11783-022-1567-y.pdf,"[9558, 9577]"
sample_type,Industrial activated sludge,10.1007/s11783-022-1567-y,10_1007_s11783-022-1567-y.pdf,"[9737, 9764]"
sample_type,Industrial activated sludge,10.1007/s11783-022-1567-y,10_1007_s11783-022-1567-y.pdf,"[9916, 9943]"
sample_type,Industrial activated sludge,10.1007/s11783-022-1567-y,10_1007_s11783-022-1567-y.pdf,"[10095, 10122]"
sample_type,Enriched culture,10.1007/s11783-022-1567-y,10_1007_s11783-022-1567-y.pdf,"[10274, 10290]"
sample_type,dioxane degrading consortium,10.1007/s11783-022-1567-y,10_1007_s11783-022-1567-y.pdf,"[12965, 12995]"
sample_type,biomass,10.1007/s11783-022-1567-y,10_1007_s11783-022-1567-y.pdf,"[13818, 13825]"
instrument,Illumina MiSeq,10.1007/s11783-022-1567-y,10_1007_s11783-022-1567-y.pdf,"[16457, 16472]"
sample_type,DNA samples,10.1007/s11783-022-1567-y,10_1007_s11783-022-1567-y.pdf,"[16373, 16384]"
facility,University of Illinois at Chicago Core for Research Informatics (UICCRI),10.1007/s11783-022-1567-y,10_1007_s11783-022-1567-y.pdf,"[16538, 16613]"
sample_type,biomass,10.1007/s11783-022-1567-y,10_1007_s11783-022-1567-y.pdf,"[19543, 19550]"
sample_type,F. diplosiphon WTcDNA,10.1007/s12010-019-03055-5,10_1007_s12010-019-03055-5.pdf,"[1170, 1184]"
instrument,C1000 Touch Thermocycler,10.1007/s12010-019-03055-5,10_1007_s12010-019-03055-5.pdf,"[1502, 1526]"
sample_type,transformant,10.1007/s12010-019-03055-5,10_1007_s12010-019-03055-5.pdf,"[5379, 5391]"
sample_type,F. diplosiphon WT and Transformant,10.1007/s12010-019-03055-5,10_1007_s12010-019-03055-5.pdf,"[7219, 7253]"
instrument,Shimadzu GC17A/QP5050A,10.1007/s12010-019-03055-5,10_1007_s12010-019-03055-5.pdf,"[8459, 8481]"
sample_type,transesterified material,10.1007/s12010-019-03055-5,10_1007_s12010-019-03055-5.pdf,"[8426, 8450]"
facility,"Mass Spectrometry Facility (Johns Hopkins University, Baltimore, MD)",10.1007/s12010-019-03055-5,10_1007_s12010-019-03055-5.pdf,"[8530, 8598]"
software_tools,BiodieselAnalyzer Version 2.2,10.1007/s12010-019-03055-5,10_1007_s12010-019-03055-5.pdf,"[8927, 8944]"
sample_type,Total lipid content in F. diplosiphon,10.1007/s12155-018-9919-y,10_1007_s12155-018-9919-y.pdf,"[694, 731]"
sample_type,Lipids in F. diplosiphon strains,10.1007/s12155-018-9919-y,10_1007_s12155-018-9919-y.pdf,"[2133, 2165]"
instrument,Shimadzu GC17A/QP5050A,10.1007/s12155-018-9919-y,10_1007_s12155-018-9919-y.pdf,"[3911, 3933]"
sample_type,transesterified material obtained from in situ transesterification,10.1007/s12155-018-9919-y,10_1007_s12155-018-9919-y.pdf,"[3821, 3887]"
facility,"Mass Spectrometry Facility at Johns Hopkins University (Baltimore, MD)",10.1007/s12155-018-9919-y,10_1007_s12155-018-9919-y.pdf,"[3987, 4057]"
instrument,QP5050A EI quadrupole,10.1007/s12155-018-9919-y,10_1007_s12155-018-9919-y.pdf,"[5238, 5259]"
ionization_method,electron-impact ionization at 70 eV,10.1007/s12155-018-9919-y,10_1007_s12155-018-9919-y.pdf,"[5305, 5340]"
instrument,GC × GC-TOFMS from LECO (USA),10.1007/s12155-018-9919-y,10_1007_s12155-018-9919-y.pdf,"[5824, 5853]"
sample_type,"Photosynthetic pigment (chl a and carotenoids) and phycobiliproteins (phycocyanin, phycoerythrin, and allophycocyanin)",10.1007/s12155-018-9919-y,10_1007_s12155-018-9919-y.pdf,"[7181, 7299]"
sample_type,chl a,10.1007/s12155-018-9919-y,10_1007_s12155-018-9919-y.pdf,"[7609, 7614]"
sample_type,carotenoids,10.1007/s12155-018-9919-y,10_1007_s12155-018-9919-y.pdf,"[8012, 8023]"
sample_type,phycobiliproteins,10.1007/s12155-018-9919-y,10_1007_s12155-018-9919-y.pdf,"[8053, 8070]"
instrument,custom-built 9.4 tesla FT-ICR mass spectrometer,10.1007/s13361-014-0871-6,10_1007_s13361-014-0871-6.pdf,"[794, 841]"
ionization_method,microelectrospray source,10.1007/s13361-014-0871-6,10_1007_s13361-014-0871-6.pdf,"[680, 704]"
software_tools,ProSight PTM 2.0,10.1007/s13361-014-0871-6,10_1007_s13361-014-0871-6.pdf,"[1702, 1718]"
instrument,FT-ICR Mass Spectrometer,10.1007/s13361-015-1182-2,10_1007_s13361-015-1182-2.pdf,"[2652, 2676]"
instrument,21 Tesla Hybrid FT-ICR Mass Spectrometer,10.1007/s13361-015-1182-2,10_1007_s13361-015-1182-2.pdf,"[3343, 3383]"
ionization_method,collisional ion trapping,10.1007/s13361-015-1182-2,10_1007_s13361-015-1182-2.pdf,"[7614, 7638]"
sample_type,ions,10.1007/s13361-015-1182-2,10_1007_s13361-015-1182-2.pdf,"[7748, 7752]"
instrument,quadrupole trap,10.1007/s13361-015-1182-2,10_1007_s13361-015-1182-2.pdf,"[8406, 8421]"
instrument,Thermo Fusion,10.1007/s13361-015-1182-2,10_1007_s13361-015-1182-2.pdf,"[10668, 10681]"
instrument,Velos Pro,10.1007/s13361-015-1182-2,10_1007_s13361-015-1182-2.pdf,"[10919, 10928]"
sample_type,carbonic anhydrase,10.1007/s13361-015-1182-2,10_1007_s13361-015-1182-2.pdf,"[11110, 11128]"
sample_type,BSA and peptide mix,10.1007/s13361-015-1182-2,10_1007_s13361-015-1182-2.pdf,"[11754, 11773]"
sample_type,carbonic anhydrase,10.1007/s13361-015-1182-2,10_1007_s13361-015-1182-2.pdf,"[11806, 11824]"
software_tools,Xcalibur,10.1007/s13361-015-1182-2,10_1007_s13361-015-1182-2.pdf,"[11894, 11902]"
software_tools,Predator analysis software,10.1007/s13361-015-1182-2,10_1007_s13361-015-1182-2.pdf,"[12024, 12050]"
ionization_method,nano-LC ESI MS/MS,10.1007/s13361-017-1602-6,10_1007_s13361-017-1602-6.pdf,"[1452, 1469]"
instrument,Waters Acquity UPLC M-Class System,10.1007/s13361-017-1602-6,10_1007_s13361-017-1602-6.pdf,"[1919, 1953]"
sample_type,immunoglobulins,10.1007/s13361-017-1602-6,10_1007_s13361-017-1602-6.pdf,"[2330, 2345]"
instrument,Velos Pro linear ion trap,10.1007/s13361-017-1602-6,10_1007_s13361-017-1602-6.pdf,"[3140, 3165]"
ionization_method,electrospray ionization (ESI),10.1007/s13361-017-1602-6,10_1007_s13361-017-1602-6.pdf,"[2915, 2944]"
software_tools,Xcalibur 2.1,10.1007/s13361-017-1602-6,10_1007_s13361-017-1602-6.pdf,"[4565, 4577]"
ionization_method,ETD,10.1007/s13361-017-1602-6,10_1007_s13361-017-1602-6.pdf,"[5356, 5359]"
sample_type,mixed therapeutic monoclonal antibodies in human serum,10.1007/s13361-017-1602-6,10_1007_s13361-017-1602-6.pdf,"[5300, 5354]"
ionization_method,CID,10.1007/s13361-017-1602-6,10_1007_s13361-017-1602-6.pdf,"[5849, 5852]"
sample_type,"human proteins (UniProt, November/2016; 20,161 entries) and 31 FDA-approved therapeutic mAb light chains",10.1007/s13361-017-1602-6,10_1007_s13361-017-1602-6.pdf,"[5694, 5756]"
software_tools,ProSightPC,10.1007/s13361-017-1602-6,10_1007_s13361-017-1602-6.pdf,"[5815, 5825]"
instrument,21 Tesla FT-ICR,10.1007/s13361-017-1652-9,10_1007_s13361-017-1652-9.pdf,"[148, 163]"
sample_type,Monoclonal Antibodies in Human Serum as a Model for Clinical Monoclonal Gammopathy,10.1007/s13361-017-1652-9,10_1007_s13361-017-1652-9.pdf,"[55, 137]"
instrument,21 T FT-ICR mass spectrometer,10.1007/s13361-017-1702-3,10_1007_s13361-017-1702-3.pdf,"[59, 88]"
ionization_method,electrospray,10.1007/s13361-017-1702-3,10_1007_s13361-017-1702-3.pdf,"[667, 679]"
sample_type,fluoranthene anions,10.1007/s13361-017-1702-3,10_1007_s13361-017-1702-3.pdf,"[1250, 1269]"
instrument,Velos Pro dual cell rf ion trap assembly,10.1007/s13361-017-1702-3,10_1007_s13361-017-1702-3.pdf,"[2065, 2105]"
sample_type,carbonic anhydrase,10.1007/s13361-017-1702-3,10_1007_s13361-017-1702-3.pdf,"[2416, 2434]"
instrument,LTQ-FT Ultra FTMS,10.1007/s13361-017-1702-3,10_1007_s13361-017-1702-3.pdf,"[3308, 3325]"
software_tools,Predator,10.1007/s13361-017-1702-3,10_1007_s13361-017-1702-3.pdf,"[3741, 3749]"
sample_type,standard proteins,10.1007/s13361-017-1702-3,10_1007_s13361-017-1702-3.pdf,"[4568, 4585]"
instrument,mass spectrometer,10.1007/s13361-017-1702-3,10_1007_s13361-017-1702-3.pdf,"[5430, 5447]"
sample_type,proteins,10.1007/s13361-017-1702-3,10_1007_s13361-017-1702-3.pdf,"[4819, 4827]"
facility,University of Washington Proteomics Resource NSI source,10.1007/s13361-017-1702-3,10_1007_s13361-017-1702-3.pdf,"[5484, 5539]"
sample_type,Purified (low protein and nucleic acid content) and lyophilized LPS from E. coli J5 strain,10.1007/s13361-018-1897-y,10_1007_s13361-018-1897-y.pdf,"[31, 121]"
sample_type,OMP extracted from phenol-killed bacteria,10.1007/s13361-018-1897-y,10_1007_s13361-018-1897-y.pdf,"[1066, 1107]"
sample_type,J5 dLPS/group B meningococcal outer membrane protein (OMP) complex vaccine,10.1007/s13361-018-1897-y,10_1007_s13361-018-1897-y.pdf,"[990, 1064]"
instrument,Waters Synapt G2 HDMS,10.1007/s13361-018-1897-y,10_1007_s13361-018-1897-y.pdf,"[2938, 2973]"
ionization_method,negative polarity electrospray ionization (ESI),10.1007/s13361-018-1897-y,10_1007_s13361-018-1897-y.pdf,"[3119, 3166]"
sample_type,intact J5 LPS and J5 dLPS samples,10.1007/s13361-018-1897-y,10_1007_s13361-018-1897-y.pdf,"[2661, 2694]"
instrument,hybrid linear ion trap -21 Tesla Fourier transform-ion cyclotron resonance mass spectrometer,10.1007/s13361-018-1897-y,10_1007_s13361-018-1897-y.pdf,"[4689, 4763]"
ionization_method,nano-electrospray ionization (nESI),10.1007/s13361-018-1897-y,10_1007_s13361-018-1897-y.pdf,"[4608, 4643]"
sample_type,coli J5 LPS from Sigma Aldrich,10.1007/s13361-018-1897-y,10_1007_s13361-018-1897-y.pdf,"[4404, 4434]"
instrument,linear trapping quadrupole; LTQ mass spectrometer,10.1007/s13361-018-1897-y,10_1007_s13361-018-1897-y.pdf,"[5913, 5963]"
ionization_method,negative ionization,10.1007/s13361-018-1897-y,10_1007_s13361-018-1897-y.pdf,"[6121, 6140]"
sample_type,Intact E. coli J5 LPS,10.1007/s13361-018-1897-y,10_1007_s13361-018-1897-y.pdf,"[5638, 5659]"
instrument,LTQ,10.1007/s13361-018-1897-y,10_1007_s13361-018-1897-y.pdf,"[7229, 7232]"
software_tools,Inkscape v0.91,10.1007/s13361-018-1897-y,10_1007_s13361-018-1897-y.pdf,"[7543, 7551]"
instrument,Waters Xevo G2-XS quadrupole time-of-flight,10.1016/j.aca.2019.01.007,10_1016_j_aca_2019_01_007.pdf,"[100, 137]"
ionization_method,GC-APCI and GC-APPI,10.1016/j.aca.2019.01.007,10_1016_j_aca_2019_01_007.pdf,"[28, 47]"
sample_type,PBDE congeners (Br3-Br10),10.1016/j.aca.2019.01.007,10_1016_j_aca_2019_01_007.pdf,"[916, 926]"
ionization_method,APPI,10.1016/j.aca.2019.01.007,10_1016_j_aca_2019_01_007.pdf,"[1021, 1025]"
ionization_method,UV,10.1016/j.aca.2019.01.007,10_1016_j_aca_2019_01_007.pdf,"[2086, 2088]"
sample_type,GC eluent,10.1016/j.aca.2019.01.007,10_1016_j_aca_2019_01_007.pdf,"[1854, 1863]"
sample_type,photooxidation products,10.1016/j.aca.2019.01.007,10_1016_j_aca_2019_01_007.pdf,"[4472, 4495]"
instrument,Micromass Premier double-focussing magnetic sector mass spectrometer,10.1016/j.aca.2019.01.007,10_1016_j_aca_2019_01_007.pdf,"[4773, 4841]"
sample_type,samples,10.1016/j.aca.2019.01.007,10_1016_j_aca_2019_01_007.pdf,"[4661, 4667]"
ionization_method,GC-APCI/APPI,10.1016/j.aca.2019.01.007,10_1016_j_aca_2019_01_007.pdf,"[5590, 5602]"
facility,"NIST (National Institute of Standards and Technology), Gaithersburg, MD",10.1016/j.aca.2019.01.007,10_1016_j_aca_2019_01_007.pdf,"[5785, 5856]"
instrument,Orbitrap Fusion,10.1016/j.biortech.2020.123454,10_1016_j_biortech_2020_123454.pdf,"[5117, 5132]"
ionization_method,positive ion electrospray ionization (ESI),10.1016/j.biortech.2020.123454,10_1016_j_biortech_2020_123454.pdf,"[5595, 5637]"
sample_type,Heteroatom compound distributions in the bio-crude oils,10.1016/j.biortech.2020.123454,10_1016_j_biortech_2020_123454.pdf,"[4879, 4934]"
instrument,Varian CP-3800,10.1016/j.biortech.2020.123454,10_1016_j_biortech_2020_123454.pdf,"[5823, 5837]"
ionization_method,electron impact mass spectra,10.1016/j.biortech.2020.123454,10_1016_j_biortech_2020_123454.pdf,"[6140, 6168]"
sample_type,Bio-crude oils,10.1016/j.biortech.2020.123454,10_1016_j_biortech_2020_123454.pdf,"[5733, 5747]"
sample_type,Marine sediment,10.1016/j.bmcl.2016.03.099,10_1016_j_bmcl_2016_03_099.pdf,"[15320, 15335]"
facility,this lab,10.1016/j.bmcl.2016.03.099,10_1016_j_bmcl_2016_03_099.pdf,"[15307, 15315]"
sample_type,sand,10.1016/j.bmcl.2016.03.099,10_1016_j_bmcl_2016_03_099.pdf,"[16499, 16503]"
sample_type,iron-bryostatin-1,10.1016/j.bmcl.2016.03.099,10_1016_j_bmcl_2016_03_099.pdf,"[17243, 17260]"
sample_type,bryostatin-1,10.1016/j.bmcl.2016.03.099,10_1016_j_bmcl_2016_03_099.pdf,"[25446, 25458]"
sample_type,iron-bryostatin-1,10.1016/j.bmcl.2016.03.099,10_1016_j_bmcl_2016_03_099.pdf,"[25503, 25520]"
ionization_method,LC-MS,10.1016/j.bmcl.2016.03.099,10_1016_j_bmcl_2016_03_099.pdf,"[27156, 27161]"
sample_type,bryostatin-1 [Na-C47H68O17],10.1016/j.bmcl.2016.03.099,10_1016_j_bmcl_2016_03_099.pdf,"[27250, 27277]"
sample_type,material that was dissolved or suspended,10.1016/j.bmcl.2016.03.099,10_1016_j_bmcl_2016_03_099.pdf,"[28173, 28213]"
sample_type,Small cell lung cancer,10.1016/j.bmcl.2016.03.099,10_1016_j_bmcl_2016_03_099.pdf,"[33470, 33492]"
sample_type,Colon cancer,10.1016/j.bmcl.2016.03.099,10_1016_j_bmcl_2016_03_099.pdf,"[33582, 33594]"
sample_type,Prostate cancer,10.1016/j.bmcl.2016.03.099,10_1016_j_bmcl_2016_03_099.pdf,"[37838, 37853]"
sample_type,Breast cancer,10.1016/j.bmcl.2016.03.099,10_1016_j_bmcl_2016_03_099.pdf,"[38062, 38075]"
sample_type,iron-bryostatin-1,10.1016/j.bmcl.2016.03.099,10_1016_j_bmcl_2016_03_099.pdf,"[43319, 43336]"
sample_type,pure bryostatin-1,10.1016/j.bmcl.2016.03.099,10_1016_j_bmcl_2016_03_099.pdf,"[43878, 43895]"
sample_type,"The copper(II) cation, sucrose, and hydroxychloroquine",10.1016/j.bmcl.2017.04.070,10_1016_j_bmcl_2017_04_070.pdf,"[2499, 2553]"
sample_type,paclitaxel,10.1016/j.bmcl.2017.04.070,10_1016_j_bmcl_2017_04_070.pdf,"[2597, 2607]"
ionization_method,MALDI-TOF-MS,10.1016/j.bmcl.2017.04.070,10_1016_j_bmcl_2017_04_070.pdf,"[2936, 2948]"
sample_type,different complexes,10.1016/j.bmcl.2017.04.070,10_1016_j_bmcl_2017_04_070.pdf,"[2784, 2803]"
sample_type,Colon Cancer,10.1016/j.bmcl.2017.04.070,10_1016_j_bmcl_2017_04_070.pdf,"[7056, 7068]"
sample_type,Central Nervous System,10.1016/j.bmcl.2017.04.070,10_1016_j_bmcl_2017_04_070.pdf,"[8309, 8331]"
instrument,MALDI-TOF-MS,10.1016/j.bmcl.2017.04.070,10_1016_j_bmcl_2017_04_070.pdf,"[21191, 21203]"
ionization_method,MALDI-TOF-MS (MALDI),10.1016/j.bmcl.2017.04.070,10_1016_j_bmcl_2017_04_070.pdf,"[21191, 21205]"
sample_type,(C) Paclitaxel complexed with Cu(II) (green) and sucrose,10.1016/j.bmcl.2017.04.070,10_1016_j_bmcl_2017_04_070.pdf,"[21003, 21059]"
sample_type,iron-bryostatin-1 complex,10.1016/j.bmcl.2017.04.070,10_1016_j_bmcl_2017_04_070.pdf,"[34599, 34624]"
sample_type,paclitaxel,10.1016/j.bmcl.2017.04.070,10_1016_j_bmcl_2017_04_070.pdf,"[38221, 38231]"
instrument,custom-built 9.4 T FT-ICR mass spectrometer,10.1016/j.carbon.2017.12.056,10_1016_j_carbon_2017_12_056.pdf,"[516, 559]"
ionization_method,positive ions [29],10.1016/j.carbon.2017.12.056,10_1016_j_carbon_2017_12_056.pdf,"[622, 640]"
sample_type,Macroscopic samples of the pure metallic nitride clusterfullerene Sc3N@C80,10.1016/j.carbon.2017.12.056,10_1016_j_carbon_2017_12_056.pdf,"[1738, 1812]"
ionization_method,positive ions,10.1016/j.carbon.2017.12.056,10_1016_j_carbon_2017_12_056.pdf,"[2149, 2162]"
sample_type,water,10.1016/j.chemosphere.2019.125399,10_1016_j_chemosphere_2019_125399.pdf,"[1365, 1370]"
sample_type,media,10.1016/j.chemosphere.2019.125399,10_1016_j_chemosphere_2019_125399.pdf,"[1375, 1380]"
sample_type,stormwater,10.1016/j.chemosphere.2019.125399,10_1016_j_chemosphere_2019_125399.pdf,"[1576, 1586]"
sample_type,nitrate standard solution,10.1016/j.chemosphere.2019.125399,10_1016_j_chemosphere_2019_125399.pdf,"[1630, 1655]"
sample_type,glucose,10.1016/j.chemosphere.2019.125399,10_1016_j_chemosphere_2019_125399.pdf,"[1683, 1690]"
sample_type,Water samples,10.1016/j.chemosphere.2019.125399,10_1016_j_chemosphere_2019_125399.pdf,"[3101, 3114]"
sample_type,Rhodamine dye,10.1016/j.chemosphere.2019.125399,10_1016_j_chemosphere_2019_125399.pdf,"[4235, 4248]"
sample_type,water samples,10.1016/j.chemosphere.2019.125399,10_1016_j_chemosphere_2019_125399.pdf,"[4491, 4504]"
instrument,fl uorometer (AquaFlour model: 80000-010),10.1016/j.chemosphere.2019.125399,10_1016_j_chemosphere_2019_125399.pdf,"[4630, 4671]"
sample_type,Water samples,10.1016/j.chemosphere.2019.125399,10_1016_j_chemosphere_2019_125399.pdf,"[6930, 6943]"
instrument,custom-built FT-ICR-MS,10.1016/j.chemosphere.2019.125399,10_1016_j_chemosphere_2019_125399.pdf,"[7615, 7637]"
sample_type,DOM extracts,10.1016/j.chemosphere.2019.125399,10_1016_j_chemosphere_2019_125399.pdf,"[7574, 7586]"
facility,National High Magnetic Field Laboratory at the Florida State University (FSU),10.1016/j.chemosphere.2019.125399,10_1016_j_chemosphere_2019_125399.pdf,"[7476, 7553]"
instrument,FT-ICR-MS,10.1016/j.chemosphere.2019.125399,10_1016_j_chemosphere_2019_125399.pdf,"[8569, 8578]"
sample_type,"elemental composition, CcHhNnOoSs",10.1016/j.chemosphere.2019.125399,10_1016_j_chemosphere_2019_125399.pdf,"[8235, 8268]"
sample_type,water,10.1016/j.chemosphere.2024.142042,10_1016_j_chemosphere_2024_142042.pdf,"[268, 273]"
sample_type,media samples,10.1016/j.chemosphere.2024.142042,10_1016_j_chemosphere_2024_142042.pdf,"[319, 332]"
facility,bioenvironmental research laboratory at UCF,10.1016/j.chemosphere.2024.142042,10_1016_j_chemosphere_2024_142042.pdf,"[867, 910]"
sample_type,"DON, the N-bearing organic component",10.1016/j.chemosphere.2024.142042,10_1016_j_chemosphere_2024_142042.pdf,"[987, 1023]"
instrument,FT-ICR MS,10.1016/j.chemosphere.2024.142042,10_1016_j_chemosphere_2024_142042.pdf,"[2685, 2694]"
ionization_method,Negative-ion electrospray ionization,10.1016/j.chemosphere.2024.142042,10_1016_j_chemosphere_2024_142042.pdf,"[2648, 2684]"
facility,National High Magnetic Field Laboratory,10.1016/j.chemosphere.2024.142042,10_1016_j_chemosphere_2024_142042.pdf,"[2755, 2794]"
instrument,custom-built hybrid linear ion trap FT-ICR mass spectrometer,10.1016/j.chemosphere.2024.142042,10_1016_j_chemosphere_2024_142042.pdf,"[3162, 3222]"
software_tools,PetroOrg,10.1016/j.chemosphere.2024.142042,10_1016_j_chemosphere_2024_142042.pdf,"[3536, 3544]"
instrument,AVIV 410 CD spectrometer,10.1016/j.chempr.2017.07.011,10_1016_j_chempr_2017_07_011.pdf,"[77, 101]"
sample_type,Circular dichroism spectra,10.1016/j.chempr.2017.07.011,10_1016_j_chempr_2017_07_011.pdf,"[28, 54]"
dataset_accession,CCDC: 1561087,10.1016/j.chempr.2017.07.011,10_1016_j_chempr_2017_07_011.pdf,"[1292, 1305]"
dataset_accession,CCDC: 1561089,10.1016/j.chempr.2017.07.011,10_1016_j_chempr_2017_07_011.pdf,"[1292, 1314]"
dataset_accession,CCDC: 1561093,10.1016/j.chempr.2017.07.011,10_1016_j_chempr_2017_07_011.pdf,"[1292, 1323]"
dataset_accession,CCDC: 1561091,10.1016/j.chempr.2017.07.011,10_1016_j_chempr_2017_07_011.pdf,"[1292, 1332]"
instrument,Fourier transform ion cyclotron resonance,10.1016/j.chempr.2017.07.011,10_1016_j_chempr_2017_07_011.pdf,"[2250, 2291]"
ionization_method,ESI,10.1016/j.chroma.2016.10.005,10_1016_j_chroma_2016_10_005.pdf,"[849, 852]"
sample_type,Suwannee River fulvic acid,10.1016/j.chroma.2016.10.005,10_1016_j_chroma_2016_10_005.pdf,"[1656, 1682]"
ionization_method,ESI,10.1016/j.chroma.2016.10.005,10_1016_j_chroma_2016_10_005.pdf,"[5288, 5291]"
instrument,4 T ESI-FT mass spectrometer,10.1016/j.chroma.2016.10.005,10_1016_j_chroma_2016_10_005.pdf,"[5751, 5779]"
instrument,LTQ Velos ion trap mass spectrometer,10.1016/j.chroma.2016.10.005,10_1016_j_chroma_2016_10_005.pdf,"[8186, 8222]"
ionization_method,ESI-MS/MS,10.1016/j.chroma.2016.10.005,10_1016_j_chroma_2016_10_005.pdf,"[7941, 7950]"
ionization_method,LC-ESI,10.1016/j.chroma.2016.10.005,10_1016_j_chroma_2016_10_005.pdf,"[8814, 8820]"
ionization_method,ESI,10.1016/j.chroma.2016.10.005,10_1016_j_chroma_2016_10_005.pdf,"[9397, 9400]"
sample_type,Standards,10.1016/j.chroma.2016.10.005,10_1016_j_chroma_2016_10_005.pdf,"[9304, 9313]"
sample_type,Guayule resin,10.1016/j.dib.2020.105989,10_1016_j_dib_2020_105989.pdf,"[51, 64]"
facility,"Bridgestone Americas Biorubber Processing Research Center (Mesa, AZ)",10.1016/j.dib.2020.105989,10_1016_j_dib_2020_105989.pdf,"[137, 205]"
instrument,"GC-MS system (7890A, Agilent Technologies)",10.1016/j.dib.2020.105989,10_1016_j_dib_2020_105989.pdf,"[1210, 1252]"
ionization_method,EI,10.1016/j.dib.2020.105989,10_1016_j_dib_2020_105989.pdf,"[1605, 1607]"
sample_type,Guayule resin,10.1016/j.dib.2020.105989,10_1016_j_dib_2020_105989.pdf,"[1019, 1032]"
ionization_method,GC-MS,10.1016/j.dib.2020.105989,10_1016_j_dib_2020_105989.pdf,"[1939, 1944]"
sample_type,Guayule resin,10.1016/j.dib.2020.105989,10_1016_j_dib_2020_105989.pdf,"[2121, 2134]"
sample_type,camphene,10.1016/j.dib.2020.105989,10_1016_j_dib_2020_105989.pdf,"[2949, 2957]"
sample_type,"thuja-2,4(10)-diene",10.1016/j.dib.2020.105989,10_1016_j_dib_2020_105989.pdf,"[3086, 3105]"
sample_type,sabinene,10.1016/j.dib.2020.105989,10_1016_j_dib_2020_105989.pdf,"[3223, 3231]"
sample_type,beta-pinene,10.1016/j.dib.2020.105989,10_1016_j_dib_2020_105989.pdf,"[3360, 3371]"
sample_type,myrcene,10.1016/j.dib.2020.105989,10_1016_j_dib_2020_105989.pdf,"[3497, 3504]"
sample_type,alpha-phellandrene,10.1016/j.dib.2020.105989,10_1016_j_dib_2020_105989.pdf,"[3634, 3652]"
sample_type,o-cymene,10.1016/j.dib.2020.105989,10_1016_j_dib_2020_105989.pdf,"[3771, 3779]"
sample_type,limonene,10.1016/j.dib.2020.105989,10_1016_j_dib_2020_105989.pdf,"[3908, 3916]"
sample_type,beta-phellandrene,10.1016/j.dib.2020.105989,10_1016_j_dib_2020_105989.pdf,"[4045, 4062]"
sample_type,beta-ocimene,10.1016/j.dib.2020.105989,10_1016_j_dib_2020_105989.pdf,"[4182, 4194]"
sample_type,terpinolene,10.1016/j.dib.2020.105989,10_1016_j_dib_2020_105989.pdf,"[4319, 4330]"
sample_type,cis-pinocarveol,10.1016/j.dib.2020.105989,10_1016_j_dib_2020_105989.pdf,"[4456, 4471]"
sample_type,trans-pinocamphone,10.1016/j.dib.2020.105989,10_1016_j_dib_2020_105989.pdf,"[4593, 4611]"
sample_type,lavandulol,10.1016/j.dib.2020.105989,10_1016_j_dib_2020_105989.pdf,"[4730, 4740]"
sample_type,borneol,10.1016/j.dib.2020.105989,10_1016_j_dib_2020_105989.pdf,"[4867, 4874]"
sample_type,thuj-3-en-10-al,10.1016/j.dib.2020.105989,10_1016_j_dib_2020_105989.pdf,"[5004, 5019]"
sample_type,verbenone,10.1016/j.dib.2020.105989,10_1016_j_dib_2020_105989.pdf,"[5141, 5150]"
sample_type,carvone,10.1016/j.dib.2020.105989,10_1016_j_dib_2020_105989.pdf,"[5278, 5285]"
sample_type,phellandral,10.1016/j.dib.2020.105989,10_1016_j_dib_2020_105989.pdf,"[5415, 5426]"
sample_type,lavandulyl acetate,10.1016/j.dib.2020.105989,10_1016_j_dib_2020_105989.pdf,"[5552, 5570]"
sample_type,delta-elemene,10.1016/j.dib.2020.105989,10_1016_j_dib_2020_105989.pdf,"[5689, 5702]"
instrument,negative-ion APPI FT-ICR MS,10.1016/j.dib.2020.105989,10_1016_j_dib_2020_105989.pdf,"[9194, 9221]"
instrument,positive-ion APPI FT-ICR MS,10.1016/j.dib.2020.105989,10_1016_j_dib_2020_105989.pdf,"[18930, 18957]"
sample_type,guayule resin,10.1016/j.dib.2020.105989,10_1016_j_dib_2020_105989.pdf,"[18913, 18926]"
instrument,custom-built 9.4 T FT-ICR MS,10.1016/j.dib.2020.105989,10_1016_j_dib_2020_105989.pdf,"[20232, 20260]"
sample_type,Guayule resin,10.1016/j.dib.2020.105989,10_1016_j_dib_2020_105989.pdf,"[20198, 20211]"
facility,National High Magnetic Field Laboratory,10.1016/j.dib.2020.105989,10_1016_j_dib_2020_105989.pdf,"[20268, 20307]"
ionization_method,atmospheric pressure photoionization,10.1016/j.dib.2020.105989,10_1016_j_dib_2020_105989.pdf,"[20309, 20345]"
sample_type,Guayule resin,10.1016/j.dib.2020.105989,10_1016_j_dib_2020_105989.pdf,"[20473, 20486]"
ionization_method,positive-ion APPI,10.1016/j.dib.2020.105989,10_1016_j_dib_2020_105989.pdf,"[21427, 21444]"
sample_type,guayule resin,10.1016/j.dib.2020.105989,10_1016_j_dib_2020_105989.pdf,"[21401, 21414]"
ionization_method,negative-ion APPI FT-ICR,10.1016/j.dib.2020.105989,10_1016_j_dib_2020_105989.pdf,"[22354, 22378]"
sample_type,guayule resin,10.1016/j.dib.2020.105989,10_1016_j_dib_2020_105989.pdf,"[22335, 22348]"
sample_type,vegetation and soil variables,10.1016/j.ecolind.2024.111884,10_1016_j_ecolind_2024_111884.pdf,"[1169, 1198]"
sample_type,Soil samples,10.1016/j.ecolind.2024.111884,10_1016_j_ecolind_2024_111884.pdf,"[2372, 2384]"
facility,the laboratory,10.1016/j.ecolind.2024.111884,10_1016_j_ecolind_2024_111884.pdf,"[2633, 2648]"
instrument,Illumina MiSeq,10.1016/j.ecolind.2024.111884,10_1016_j_ecolind_2024_111884.pdf,"[4745, 4759]"
facility,"Institute of Environmental Genomics, University of Oklahoma",10.1016/j.ecolind.2024.111884,10_1016_j_ecolind_2024_111884.pdf,"[4767, 4826]"
software_tools,"R, phyloseq library",10.1016/j.ecolind.2024.111884,10_1016_j_ecolind_2024_111884.pdf,"[5924, 5978]"
ionization_method,GC/MS,10.1016/j.epsl.2020.116411,10_1016_j_epsl_2020_116411.pdf,"[896, 901]"
sample_type,"oil samples from a reservoir, seafloor vent, and surface oil slick",10.1016/j.epsl.2020.116411,10_1016_j_epsl_2020_116411.pdf,"[924, 990]"
instrument,Kongsberg GeoAcoustics subbottom profiler,10.1016/j.epsl.2020.116411,10_1016_j_epsl_2020_116411.pdf,"[3891, 3932]"
instrument,Kongsberg EM2000 multibeam echosounder,10.1016/j.epsl.2020.116411,10_1016_j_epsl_2020_116411.pdf,"[5669, 5707]"
sample_type,bathymetry and co-registered backscatter data,10.1016/j.epsl.2020.116411,10_1016_j_epsl_2020_116411.pdf,"[5578, 5623]"
sample_type,Oil samples,10.1016/j.epsl.2020.116411,10_1016_j_epsl_2020_116411.pdf,"[10330, 10341]"
instrument,Global Explorer ROV,10.1016/j.epsl.2020.116411,10_1016_j_epsl_2020_116411.pdf,"[10675, 10694]"
instrument,gas chromatography/atmospheric pressure chemical ionization mass spectrometer (GC/APCI-MS),10.1016/j.epsl.2020.116411,10_1016_j_epsl_2020_116411.pdf,"[11428, 11518]"
sample_type,petroleum samples,10.1016/j.epsl.2020.116411,10_1016_j_epsl_2020_116411.pdf,"[12037, 12054]"
sample_type,pore water samples,10.1016/j.gca.2016.05.015,10_1016_j_gca_2016_05_015.pdf,"[6272, 6290]"
facility,Stordalen,10.1016/j.gca.2016.05.015,10_1016_j_gca_2016_05_015.pdf,"[6355, 6364]"
instrument,Shimadzu Total Organic Carbon analyzer,10.1016/j.gca.2016.05.015,10_1016_j_gca_2016_05_015.pdf,"[7359, 7397]"
sample_type,Dissolved organic carbon (DOC),10.1016/j.gca.2016.05.015,10_1016_j_gca_2016_05_015.pdf,"[7254, 7284]"
instrument,custom-built Fourier transform ion cyclotron resonance mass spectrometer,10.1016/j.gca.2016.05.015,10_1016_j_gca_2016_05_015.pdf,"[8272, 8344]"
sample_type,extracted samples,10.1016/j.gca.2016.05.015,10_1016_j_gca_2016_05_015.pdf,"[8235, 8252]"
facility,National High Magnetic Field Laboratory (NHMFL),10.1016/j.gca.2016.05.015,10_1016_j_gca_2016_05_015.pdf,"[8404, 8451]"
ionization_method,electrospray ionization (ESI),10.1016/j.gca.2016.05.015,10_1016_j_gca_2016_05_015.pdf,"[8538, 8567]"
instrument,Cary Varian 100 dual beam UV/Vis spectrometer,10.1016/j.gca.2016.05.015,10_1016_j_gca_2016_05_015.pdf,"[9889, 9934]"
sample_type,pore water sample,10.1016/j.gca.2016.05.015,10_1016_j_gca_2016_05_015.pdf,"[9830, 9847]"
instrument,Jobin Yvon SPEX Fluoromax-4 spectrometer,10.1016/j.gca.2016.05.015,10_1016_j_gca_2016_05_015.pdf,"[11437, 11477]"
software_tools,MIDAS Predator Analysis and Molecular Formula Calculator,10.1016/j.gca.2016.05.015,10_1016_j_gca_2016_05_015.pdf,"[11929, 11985]"
sample_type,13 C isotopologues of the same molecule,10.1016/j.gca.2016.05.015,10_1016_j_gca_2016_05_015.pdf,"[13114, 13153]"
sample_type,UV/Vis absorbance spectra,10.1016/j.gca.2016.05.015,10_1016_j_gca_2016_05_015.pdf,"[16746, 16771]"
software_tools,FL Toolbox 1.91 in MATLAB,10.1016/j.gca.2016.05.015,10_1016_j_gca_2016_05_015.pdf,"[17105, 17120]"
instrument,FT-ICR MS,10.1016/j.gca.2016.05.015,10_1016_j_gca_2016_05_015.pdf,"[18166, 18175]"
ionization_method,FT-ICR MS,10.1016/j.gca.2016.05.015,10_1016_j_gca_2016_05_015.pdf,"[18786, 18795]"
sample_type,DOM pool,10.1016/j.gca.2016.05.015,10_1016_j_gca_2016_05_015.pdf,"[20002, 20010]"
ionization_method,UV absorbance,10.1016/j.gca.2016.05.015,10_1016_j_gca_2016_05_015.pdf,"[19569, 19582]"
ionization_method,FT-ICR MS,10.1016/j.gca.2016.05.015,10_1016_j_gca_2016_05_015.pdf,"[23413, 23422]"
instrument,FT-ICR MS,10.1016/j.gca.2016.05.015,10_1016_j_gca_2016_05_015.pdf,"[25273, 25282]"
sample_type,samples,10.1016/j.gca.2018.10.012,10_1016_j_gca_2018_10_012.pdf,"[4091, 4098]"
instrument,custom-built 9.4 T FT-ICR MS,10.1016/j.gca.2018.10.012,10_1016_j_gca_2018_10_012.pdf,"[5936, 5964]"
ionization_method,electrospray ionization (ESI),10.1016/j.gca.2018.10.012,10_1016_j_gca_2018_10_012.pdf,"[6219, 6248]"
sample_type,natural samples,10.1016/j.gca.2018.10.012,10_1016_j_gca_2018_10_012.pdf,"[6579, 6594]"
sample_type,peptide-like,10.1016/j.gca.2018.10.012,10_1016_j_gca_2018_10_012.pdf,"[8501, 8513]"
software_tools,Geographic Resources Analysis Support System (GRASS v7.2),10.1016/j.gca.2018.10.012,10_1016_j_gca_2018_10_012.pdf,"[9737, 9781]"
instrument,FT-ICR MS,10.1016/j.gca.2018.10.012,10_1016_j_gca_2018_10_012.pdf,"[11106, 11115]"
sample_type,DOC concentration/composition,10.1016/j.gca.2018.10.012,10_1016_j_gca_2018_10_012.pdf,"[10744, 10773]"
sample_type,Quaternary alluvial sediment (gravels and clays) overlying Permian volcanics and coal measures,10.1016/j.gca.2020.01.022,10_1016_j_gca_2020_01_022.pdf,"[3002, 3096]"
sample_type,Surface water samples,10.1016/j.gca.2020.01.022,10_1016_j_gca_2020_01_022.pdf,"[5966, 5987]"
sample_type,shallow groundwater samples,10.1016/j.gca.2020.01.022,10_1016_j_gca_2020_01_022.pdf,"[6057, 6084]"
sample_type,deeper groundwater samples,10.1016/j.gca.2020.01.022,10_1016_j_gca_2020_01_022.pdf,"[6301, 6327]"
sample_type,Groundwater samples,10.1016/j.gca.2020.01.022,10_1016_j_gca_2020_01_022.pdf,"[6598, 6617]"
sample_type,Samples,10.1016/j.gca.2020.01.022,10_1016_j_gca_2020_01_022.pdf,"[7422, 7429]"
facility,Australian Nuclear Science and Technology Organisation (ANSTO),10.1016/j.gca.2020.01.022,10_1016_j_gca_2020_01_022.pdf,"[7488, 7550]"
instrument,Perkin Elmer Quantulus TM,10.1016/j.gca.2020.01.022,10_1016_j_gca_2020_01_022.pdf,"[8764, 8789]"
sample_type,"Samples, standards and blanks",10.1016/j.gca.2020.01.022,10_1016_j_gca_2020_01_022.pdf,"[8457, 8486]"
facility,ANSTO,10.1016/j.gca.2020.01.022,10_1016_j_gca_2020_01_022.pdf,"[9040, 9045]"
instrument,O.I. Analytical Model 1030 Total Organic Carbon Analyzer,10.1016/j.gca.2020.01.022,10_1016_j_gca_2020_01_022.pdf,"[9243, 9299]"
sample_type,Samples for d 13 CDOC,10.1016/j.gca.2020.01.022,10_1016_j_gca_2020_01_022.pdf,"[9158, 9193]"
facility,UC Davis Stable Isotope Facility,10.1016/j.gca.2020.01.022,10_1016_j_gca_2020_01_022.pdf,"[9201, 9233]"
instrument,Perkin Elmer Optima 7300 inductively coupled plasma (ICP) optical emission spectrometer,10.1016/j.gca.2020.01.022,10_1016_j_gca_2020_01_022.pdf,"[10339, 10426]"
ionization_method,inductively coupled plasma (ICP),10.1016/j.gca.2020.01.022,10_1016_j_gca_2020_01_022.pdf,"[10364, 10396]"
sample_type,Anions and cations,10.1016/j.gca.2020.01.022,10_1016_j_gca_2020_01_022.pdf,"[10246, 10264]"
facility,"University of New South Wales (UNSW), Sydney",10.1016/j.gca.2020.01.022,10_1016_j_gca_2020_01_022.pdf,"[10286, 10330]"
instrument,DOC-LABOR LC-OCD size-exclusion chromatography system,10.1016/j.gca.2020.01.022,10_1016_j_gca_2020_01_022.pdf,"[11127, 11180]"
software_tools,ChromCALC,10.1016/j.gca.2020.01.022,10_1016_j_gca_2020_01_022.pdf,"[11831, 11840]"
instrument,FT-ICR MS,10.1016/j.gca.2020.01.022,10_1016_j_gca_2020_01_022.pdf,"[12609, 12618]"
ionization_method,negative mode (-) electrospray ionisation (ESI),10.1016/j.gca.2020.01.022,10_1016_j_gca_2020_01_022.pdf,"[12769, 12816]"
sample_type,Extracts,10.1016/j.gca.2020.01.022,10_1016_j_gca_2020_01_022.pdf,"[12682, 12690]"
facility,"National Magnetic Field Laboratory, Tallahassee, USA",10.1016/j.gca.2020.01.022,10_1016_j_gca_2020_01_022.pdf,"[12707, 12759]"
instrument,FT-ICR MS,10.1016/j.gca.2020.01.022,10_1016_j_gca_2020_01_022.pdf,"[14155, 14164]"
sample_type,surface soil samples,10.1016/j.gca.2025.08.041,10_1016_j_gca_2025_08_041.pdf,"[1496, 1516]"
instrument,Canadian Light Source spherical grating monochromator (SGM) beamline,10.1016/j.gca.2025.08.041,10_1016_j_gca_2025_08_041.pdf,"[3629, 3700]"
sample_type,bulk soil organic carbon,10.1016/j.gca.2025.08.041,10_1016_j_gca_2025_08_041.pdf,"[3500, 3524]"
sample_type,bulk soils,10.1016/j.gca.2025.08.041,10_1016_j_gca_2025_08_041.pdf,"[4019, 4029]"
software_tools,Fityk,10.1016/j.gca.2025.08.041,10_1016_j_gca_2025_08_041.pdf,"[4843, 4848]"
software_tools,Athena,10.1016/j.gca.2025.08.041,10_1016_j_gca_2025_08_041.pdf,"[4871, 4877]"
sample_type,Soil WEOM,10.1016/j.gca.2025.08.041,10_1016_j_gca_2025_08_041.pdf,"[5928, 5937]"
instrument,21 T FT-ICR mass spectrometer,10.1016/j.gca.2025.08.041,10_1016_j_gca_2025_08_041.pdf,"[6769, 6798]"
facility,National High Magnetic Field Laboratory,10.1016/j.gca.2025.08.041,10_1016_j_gca_2025_08_041.pdf,"[6806, 6845]"
software_tools,PetroOrg ©,10.1016/j.gca.2025.08.041,10_1016_j_gca_2025_08_041.pdf,"[7056, 7066]"
software_tools,R package 'vegan',10.1016/j.gca.2025.08.041,10_1016_j_gca_2025_08_041.pdf,"[10926, 10945]"
dataset_accession,https://doi.org/10.17605/OSF.IO/CS96B,10.1016/j.gca.2025.08.041,10_1016_j_gca_2025_08_041.pdf,"[12656, 12693]"
instrument,ThermoScientific LTQ-XL LIT,10.1016/j.ijms.2015.12.005,10_1016_j_ijms_2015_12_005.pdf,"[157, 173]"
ionization_method,ESI,10.1016/j.ijms.2015.12.005,10_1016_j_ijms_2015_12_005.pdf,"[243, 246]"
instrument,FT-ICR mass spectrometer,10.1016/j.ijms.2015.12.005,10_1016_j_ijms_2015_12_005.pdf,"[4313, 4337]"
sample_type,UO2(NO3)2 · (H2O)6 in H2O and acetone,10.1016/j.ijms.2015.12.005,10_1016_j_ijms_2015_12_005.pdf,"[4476, 4513]"
ionization_method,Bayard-Alpert ionization gauge,10.1016/j.ijms.2015.12.005,10_1016_j_ijms_2015_12_005.pdf,"[5889, 5919]"
instrument,Waters Acquity UPLC M-Class System,10.1016/j.ijms.2017.11.012,10_1016_j_ijms_2017_11_012.pdf,"[1687, 1721]"
ionization_method,ESI,10.1016/j.ijms.2017.11.012,10_1016_j_ijms_2017_11_012.pdf,"[1600, 1603]"
instrument,custom-built 21 T FTICR,10.1016/j.ijms.2017.11.012,10_1016_j_ijms_2017_11_012.pdf,"[2614, 2637]"
ionization_method,electrospray ionization (ESI),10.1016/j.ijms.2017.11.012,10_1016_j_ijms_2017_11_012.pdf,"[2666, 2695]"
instrument,Velos Pro linear ion trap,10.1016/j.ijms.2017.11.012,10_1016_j_ijms_2017_11_012.pdf,"[2966, 2991]"
ionization_method,electron transfer dissociation (ETD) or collision-induced dissociation (CID),10.1016/j.ijms.2017.11.012,10_1016_j_ijms_2017_11_012.pdf,"[2882, 2958]"
software_tools,parameters were set in Xtract,10.1016/j.ijms.2017.11.012,10_1016_j_ijms_2017_11_012.pdf,"[4497, 4516]"
sample_type,"Guayule whole shrub, guayule bagasse, and guayule resin",10.1016/j.indcrop.2020.112311,10_1016_j_indcrop_2020_112311.pdf,"[46, 101]"
facility,"Bridgestone Biorubber Process Research Center (Mesa, AZ)",10.1016/j.indcrop.2020.112311,10_1016_j_indcrop_2020_112311.pdf,"[182, 238]"
instrument,FreeZone 12 L console tray dryer,10.1016/j.indcrop.2020.112311,10_1016_j_indcrop_2020_112311.pdf,"[1977, 2009]"
instrument,Spectrum Two FTIR spectrophotometer,10.1016/j.indcrop.2020.112311,10_1016_j_indcrop_2020_112311.pdf,"[3229, 3264]"
instrument,"GC-MS system (7890A, Agilent Technologies)",10.1016/j.indcrop.2020.112311,10_1016_j_indcrop_2020_112311.pdf,"[4073, 4101]"
ionization_method,EI,10.1016/j.indcrop.2020.112311,10_1016_j_indcrop_2020_112311.pdf,"[4507, 4509]"
sample_type,Terpene composition,10.1016/j.indcrop.2020.112311,10_1016_j_indcrop_2020_112311.pdf,"[4019, 4038]"
instrument,9.4 T FT-ICR mass spectrometer,10.1016/j.indcrop.2020.112311,10_1016_j_indcrop_2020_112311.pdf,"[5272, 5302]"
ionization_method,positive-ion atmospheric pressure photoionization (APPI),10.1016/j.indcrop.2020.112311,10_1016_j_indcrop_2020_112311.pdf,"[4985, 5055]"
sample_type,Guayule resin,10.1016/j.indcrop.2020.112311,10_1016_j_indcrop_2020_112311.pdf,"[4781, 4794]"
facility,National High Magnetic Field Laboratory,10.1016/j.indcrop.2020.112311,10_1016_j_indcrop_2020_112311.pdf,"[5310, 5349]"
ionization_method,dopant-assisted photoionization,10.1016/j.indcrop.2020.112311,10_1016_j_indcrop_2020_112311.pdf,"[5755, 5786]"
software_tools,PetroOrg,10.1016/j.indcrop.2020.112311,10_1016_j_indcrop_2020_112311.pdf,"[6706, 6714]"
instrument,9.4 tesla,10.1016/j.isci.2022.104916,10_1016_j_isci_2022_104916.pdf,"[501, 510]"
ionization_method,Positive-ion APPI FT-ICR MS,10.1016/j.isci.2022.104916,10_1016_j_isci_2022_104916.pdf,"[470, 497]"
sample_type,HTL products,10.1016/j.isci.2022.104916,10_1016_j_isci_2022_104916.pdf,"[4800, 4812]"
facility,Midwest Microlabs,10.1016/j.isci.2022.104916,10_1016_j_isci_2022_104916.pdf,"[6350, 6367]"
instrument,TOC analyzer (Shimadzu),10.1016/j.isci.2022.104916,10_1016_j_isci_2022_104916.pdf,"[6654, 6691]"
instrument,X-ray powder diffractometer,10.1016/j.isci.2022.104916,10_1016_j_isci_2022_104916.pdf,"[9876, 9903]"
sample_type,catalyst crystallinity,10.1016/j.isci.2022.104916,10_1016_j_isci_2022_104916.pdf,"[9779, 9801]"
instrument,Quantachrome Autosorb iQ adsorption/chemisorption system,10.1016/j.isci.2022.104916,10_1016_j_isci_2022_104916.pdf,"[11220, 11276]"
instrument,Quantachrome Autosorb iQ TPX,10.1016/j.isci.2022.104916,10_1016_j_isci_2022_104916.pdf,"[12791, 12819]"
sample_type,catalyst,10.1016/j.isci.2022.104916,10_1016_j_isci_2022_104916.pdf,"[12894, 12902]"
software_tools,Magicplot,10.1016/j.isci.2022.104916,10_1016_j_isci_2022_104916.pdf,"[12602, 12611]"
instrument,LECO GC 3 GC,10.1016/j.isci.2022.104916,10_1016_j_isci_2022_104916.pdf,"[13390, 13402]"
sample_type,Biocrude samples dissolved in toluene,10.1016/j.isci.2022.104916,10_1016_j_isci_2022_104916.pdf,"[13510, 13547]"
instrument,LECO Pegasus GC 3 GC-HRT,10.1016/j.isci.2022.104916,10_1016_j_isci_2022_104916.pdf,"[14442, 14466]"
instrument,custom-built FT-ICR mass spectrometer,10.1016/j.isci.2022.104916,10_1016_j_isci_2022_104916.pdf,"[15930, 15967]"
ionization_method,atmospheric pressure photoionization (APPI),10.1016/j.isci.2022.104916,10_1016_j_isci_2022_104916.pdf,"[15802, 15845]"
ionization_method,APPI,10.1016/j.isci.2022.104916,10_1016_j_isci_2022_104916.pdf,"[16292, 16296]"
instrument,custom-built FT-ICR mass spectrometer,10.1016/j.isci.2022.104916,10_1016_j_isci_2022_104916.pdf,"[17013, 17050]"
ionization_method,Positive ions generated at atmospheric pressure enter the skimmer region through a heated metal capillary,10.1016/j.isci.2022.104916,10_1016_j_isci_2022_104916.pdf,"[17337, 17454]"
sample_type,All samples,10.1016/j.isci.2022.104916,10_1016_j_isci_2022_104916.pdf,"[16980, 16991]"
sample_type,HeLa cells,10.1016/j.jbc.2022.102768,10_1016_j_jbc_2022_102768.pdf,"[443, 453]"
sample_type,"'Rasless' MEFs expressing KRAS4A WT, KRAS4B WT, or KRAS4B G13D",10.1016/j.jbc.2022.102768,10_1016_j_jbc_2022_102768.pdf,"[624, 688]"
instrument,QE-HF mass spectrometer,10.1016/j.jbc.2022.102768,10_1016_j_jbc_2022_102768.pdf,"[2628, 2651]"
instrument,Q-Exactive HF BioPharma,10.1016/j.jbc.2022.102768,10_1016_j_jbc_2022_102768.pdf,"[2880, 2903]"
sample_type,Immunopuri fi ed RAS proteins,10.1016/j.jbc.2022.102768,10_1016_j_jbc_2022_102768.pdf,"[2693, 2722]"
ionization_method,high-energy collisional dissociation,10.1016/j.jbc.2022.102768,10_1016_j_jbc_2022_102768.pdf,"[5146, 5182]"
sample_type,Fragment ion (MS2) spectra,10.1016/j.jbc.2022.102768,10_1016_j_jbc_2022_102768.pdf,"[4528, 4554]"
instrument,21 T FT-ICR mass spectrometer,10.1016/j.jbc.2022.102768,10_1016_j_jbc_2022_102768.pdf,"[5727, 5757]"
sample_type,Immunopuri fi ed KRAS proteoforms,10.1016/j.jbc.2022.102768,10_1016_j_jbc_2022_102768.pdf,"[5545, 5578]"
ionization_method,electrospray ionization,10.1016/j.jbc.2022.102768,10_1016_j_jbc_2022_102768.pdf,"[6739, 6762]"
instrument,modi fi ed Velos Pro linear ion trap assembly,10.1016/j.jbc.2022.102768,10_1016_j_jbc_2022_102768.pdf,"[7338, 7383]"
software_tools,Xcalibur QualBrowser,10.1016/j.jbc.2022.102768,10_1016_j_jbc_2022_102768.pdf,"[8256, 8276]"
software_tools,ProSight Lite 1.4,10.1016/j.jbc.2022.102768,10_1016_j_jbc_2022_102768.pdf,"[8307, 8324]"
software_tools,ProSight PD 4.0,10.1016/j.jbc.2022.102768,10_1016_j_jbc_2022_102768.pdf,"[8367, 8382]"
software_tools,TDValidator 1.0,10.1016/j.jbc.2022.102768,10_1016_j_jbc_2022_102768.pdf,"[8416, 8431]"
software_tools,GDC Data Transfer Tool Client v1.6.1,10.1016/j.jbc.2022.102768,10_1016_j_jbc_2022_102768.pdf,"[9930, 9959]"
sample_type,"Variants in KRAS, NRAS, and HRAS",10.1016/j.jbc.2022.102768,10_1016_j_jbc_2022_102768.pdf,"[9977, 10011]"
software_tools,Integrative Genomics Viewer (version 2.9.4),10.1016/j.jbc.2022.102768,10_1016_j_jbc_2022_102768.pdf,"[10167, 10209]"
instrument,Zeiss Axio Observer 7 confocal microscope,10.1016/j.jbc.2022.102768,10_1016_j_jbc_2022_102768.pdf,"[14266, 14307]"
sample_type,HeLa cells on poly-L-lysine -treated coverslips in 12-well dishes,10.1016/j.jbc.2022.102768,10_1016_j_jbc_2022_102768.pdf,"[13995, 14060]"
software_tools,Fiji ImageJ using the Plot Pro fi les function,10.1016/j.jbc.2022.102768,10_1016_j_jbc_2022_102768.pdf,"[14664, 14710]"
instrument,Dionex UltiMate 3000 Rapid Separation nanoLC,10.1016/j.jbc.2022.102768,10_1016_j_jbc_2022_102768.pdf,"[15288, 15332]"
instrument,Q Exactive HF Hybrid Quadrupole-Orbitrap Mass Spectrometer,10.1016/j.jbc.2022.102768,10_1016_j_jbc_2022_102768.pdf,"[15339, 15397]"
sample_type,"IP fl ow-through fractions, elution fractions preserved in acetone, and IP beads in sample buffer",10.1016/j.jbc.2022.102768,10_1016_j_jbc_2022_102768.pdf,"[14952, 15049]"
software_tools,Mascot search engine (Matrix Science; version 2.8.0),10.1016/j.jbc.2022.102768,10_1016_j_jbc_2022_102768.pdf,"[16001, 16053]"
facility,National High Magnetic Field Laboratory,10.1016/j.jbc.2022.102768,10_1016_j_jbc_2022_102768.pdf,"[17187, 17226]"
sample_type,bio-oil,10.1016/j.jece.2021.106255,10_1016_j_jece_2021_106255.pdf,"[8545, 8552]"
sample_type,bio-oil,10.1016/j.jece.2021.106255,10_1016_j_jece_2021_106255.pdf,"[10521, 10528]"
sample_type,hemicellulose,10.1016/j.jece.2021.106255,10_1016_j_jece_2021_106255.pdf,"[20567, 20580]"
sample_type,bio-oil,10.1016/j.jece.2021.106255,10_1016_j_jece_2021_106255.pdf,"[21571, 21578]"
sample_type,bio-oil,10.1016/j.jece.2021.106255,10_1016_j_jece_2021_106255.pdf,"[23004, 23011]"
instrument,fluidized bed reactor,10.1016/j.jece.2021.106255,10_1016_j_jece_2021_106255.pdf,"[23207, 23228]"
sample_type,microalgae Dunaliella tertiolecta,10.1016/j.jece.2021.106255,10_1016_j_jece_2021_106255.pdf,"[26397, 26430]"
sample_type,lipids content of various microalgae with different biochemical compositions,10.1016/j.jece.2021.106255,10_1016_j_jece_2021_106255.pdf,"[26569, 26645]"
sample_type,proteins and carbohydrates also present in the feedstocks,10.1016/j.jece.2021.106255,10_1016_j_jece_2021_106255.pdf,"[26746, 26803]"
sample_type,microalgae Nannochloropsis sp.,10.1016/j.jece.2021.106255,10_1016_j_jece_2021_106255.pdf,"[27079, 27109]"
sample_type,bio-oil compounds,10.1016/j.jece.2021.106255,10_1016_j_jece_2021_106255.pdf,"[37417, 37434]"
instrument,packed columns or trayed towers,10.1016/j.jece.2021.106255,10_1016_j_jece_2021_106255.pdf,"[37271, 37302]"
ionization_method,atmospheric pressure photoionization,10.1016/j.jece.2021.106255,10_1016_j_jece_2021_106255.pdf,"[39557, 39593]"
sample_type,pine oil and its solubility cuts,10.1016/j.jece.2021.106255,10_1016_j_jece_2021_106255.pdf,"[39825, 39857]"
instrument,APPI 9.4 Tesla FT-ICR MS,10.1016/j.jece.2021.106255,10_1016_j_jece_2021_106255.pdf,"[40671, 40695]"
sample_type,pinewood-based oil,10.1016/j.jece.2021.106255,10_1016_j_jece_2021_106255.pdf,"[40582, 40600]"
sample_type,rice husk whole bio-oil,10.1016/j.jece.2021.106255,10_1016_j_jece_2021_106255.pdf,"[49681, 49704]"
sample_type,pine oil,10.1016/j.jece.2021.106255,10_1016_j_jece_2021_106255.pdf,"[49996, 50004]"
sample_type,bio-oils,10.1016/j.jece.2021.106255,10_1016_j_jece_2021_106255.pdf,"[50191, 50199]"
sample_type,fast pyrolysis vapours,10.1016/j.jece.2021.106255,10_1016_j_jece_2021_106255.pdf,"[68440, 68462]"
instrument,quenching column,10.1016/j.jece.2021.106255,10_1016_j_jece_2021_106255.pdf,"[68468, 68484]"
sample_type,algae,10.1016/j.jece.2021.106255,10_1016_j_jece_2021_106255.pdf,"[76264, 76269]"
sample_type,microalgae Dunaliella tertiolecta cake,10.1016/j.jece.2021.106255,10_1016_j_jece_2021_106255.pdf,"[76511, 76549]"
sample_type,Nannochloropsis sp.,10.1016/j.jece.2021.106255,10_1016_j_jece_2021_106255.pdf,"[76963, 76982]"
sample_type,Bio-oil,10.1016/j.jece.2021.106255,10_1016_j_jece_2021_106255.pdf,"[80981, 80988]"
sample_type,Walnut Shells,10.1016/j.jece.2021.106255,10_1016_j_jece_2021_106255.pdf,"[84791, 84804]"
sample_type,bio-oil,10.1016/j.jece.2021.106255,10_1016_j_jece_2021_106255.pdf,"[86237, 86244]"
instrument,FTICR MS,10.1016/j.jece.2021.106255,10_1016_j_jece_2021_106255.pdf,"[86103, 86111]"
sample_type,pyrolysis oil,10.1016/j.jece.2021.106255,10_1016_j_jece_2021_106255.pdf,"[96240, 96253]"
sample_type,bio-oils,10.1016/j.jece.2021.106255,10_1016_j_jece_2021_106255.pdf,"[97691, 97699]"
sample_type,pyrolysis-oil,10.1016/j.jece.2021.106255,10_1016_j_jece_2021_106255.pdf,"[98466, 98479]"
sample_type,chemicals from lignin,10.1016/j.jece.2021.106255,10_1016_j_jece_2021_106255.pdf,"[99265, 99286]"
sample_type,Leachate samples,10.1016/j.jenvman.2023.119719,10_1016_j_jenvman_2023_119719.pdf,"[54, 70]"
sample_type,raw landfill leachates,10.1016/j.jenvman.2023.119719,10_1016_j_jenvman_2023_119719.pdf,"[904, 928]"
instrument,Hach DR6000 UV Vis spectrophotometer,10.1016/j.jenvman.2023.119719,10_1016_j_jenvman_2023_119719.pdf,"[2075, 2111]"
sample_type,organic fractions isolated from raw landfill leachates,10.1016/j.jenvman.2023.119719,10_1016_j_jenvman_2023_119719.pdf,"[1980, 2034]"
instrument,Nicolet IS50 FT-IR spectrophotometer,10.1016/j.jenvman.2023.119719,10_1016_j_jenvman_2023_119719.pdf,"[2757, 2793]"
ionization_method,Negative-ion electrospray ionization,10.1016/j.jenvman.2023.119719,10_1016_j_jenvman_2023_119719.pdf,"[4397, 4433]"
sample_type,leachate organic matter fractionation method,10.1016/j.jenvman.2023.119719,10_1016_j_jenvman_2023_119719.pdf,"[4288, 4335]"
instrument,custom-built hybrid linear ion trap FT-ICR mass spectrometer,10.1016/j.jenvman.2023.119719,10_1016_j_jenvman_2023_119719.pdf,"[5087, 5147]"
ionization_method,-ESI (negative-ion electrospray ionization),10.1016/j.jenvman.2023.119719,10_1016_j_jenvman_2023_119719.pdf,"[4969, 5067]"
sample_type,"dissolved organic species in impacted leachates, dissolved compounds",10.1016/j.jenvman.2023.119719,10_1016_j_jenvman_2023_119719.pdf,"[4558, 4630]"
facility,National High Magnetic Field Laboratory,10.1016/j.jenvman.2023.119719,10_1016_j_jenvman_2023_119719.pdf,"[5235, 5274]"
sample_type,Crude oil,10.1016/j.jhazmat.2014.08.059,10_1016_j_jhazmat_2014_08_059.pdf,"[20, 29]"
ionization_method,negative ESI,10.1016/j.jhazmat.2014.08.059,10_1016_j_jhazmat_2014_08_059.pdf,"[1556, 1568]"
sample_type,aqueous samples,10.1016/j.jhazmat.2014.08.059,10_1016_j_jhazmat_2014_08_059.pdf,"[1221, 1236]"
instrument,Agilent 7890 A Gas Chromatograph,10.1016/j.jhazmat.2021.127598,10_1016_j_jhazmat_2021_127598.pdf,"[5080, 5112]"
ionization_method,Flame Ionization Detector (GC-FID),10.1016/j.jhazmat.2021.127598,10_1016_j_jhazmat_2021_127598.pdf,"[5113, 5147]"
sample_type,collected water,10.1016/j.jhazmat.2021.127598,10_1016_j_jhazmat_2021_127598.pdf,"[4684, 4699]"
software_tools,drEEM toolbox v. 5.0,10.1016/j.jhazmat.2021.127598,10_1016_j_jhazmat_2021_127598.pdf,"[8941, 8961]"
instrument,custom-built Fourier transform ion cyclotron resonance mass spectrometer,10.1016/j.jhazmat.2021.127598,10_1016_j_jhazmat_2021_127598.pdf,"[10842, 10914]"
ionization_method,negative-ion electrospray ionization (ESI),10.1016/j.jhazmat.2021.127598,10_1016_j_jhazmat_2021_127598.pdf,"[10784, 10826]"
sample_type,petroleum-derived DOM extracts,10.1016/j.jhazmat.2021.127598,10_1016_j_jhazmat_2021_127598.pdf,"[10571, 10592]"
facility,"National High Magnetic Field Laboratory, Florida State University",10.1016/j.jhazmat.2021.127598,10_1016_j_jhazmat_2021_127598.pdf,"[10982, 11024]"
ionization_method,ESI,10.1016/j.jhazmat.2021.127598,10_1016_j_jhazmat_2021_127598.pdf,"[12036, 12039]"
instrument,Illumina MiSeq,10.1016/j.jhazmat.2021.127598,10_1016_j_jhazmat_2021_127598.pdf,"[14701, 14715]"
sample_type,16 S rRNA gene sequences,10.1016/j.jhazmat.2021.127598,10_1016_j_jhazmat_2021_127598.pdf,"[14757, 14781]"
software_tools,QIIME2 (v.2019.1),10.1016/j.jhazmat.2021.127598,10_1016_j_jhazmat_2021_127598.pdf,"[14958, 14975]"
sample_type,amplicon sequence variants (ASVs),10.1016/j.jhazmat.2021.127598,10_1016_j_jhazmat_2021_127598.pdf,"[15302, 15338]"
software_tools,q-score-joined,10.1016/j.jhazmat.2021.127598,10_1016_j_jhazmat_2021_127598.pdf,"[15208, 15222]"
software_tools,q2-deblur,10.1016/j.jhazmat.2021.127598,10_1016_j_jhazmat_2021_127598.pdf,"[15242, 15251]"
software_tools,MAFFT,10.1016/j.jhazmat.2021.127598,10_1016_j_jhazmat_2021_127598.pdf,"[15452, 15457]"
software_tools,FasTtree2,10.1016/j.jhazmat.2021.127598,10_1016_j_jhazmat_2021_127598.pdf,"[15524, 15533]"
software_tools,QIIME2,10.1016/j.jhazmat.2021.127598,10_1016_j_jhazmat_2021_127598.pdf,"[15589, 15595]"
software_tools,q2-feature-classify-sklearn plugin,10.1016/j.jhazmat.2021.127598,10_1016_j_jhazmat_2021_127598.pdf,"[15633, 15667]"
sample_type,Crude oil,10.1016/j.jhazmat.2023.132558,10_1016_j_jhazmat_2023_132558.pdf,"[59, 69]"
ionization_method,FT-ICR MS,10.1016/j.jhazmat.2023.132558,10_1016_j_jhazmat_2023_132558.pdf,"[5943, 5952]"
sample_type,Non-volatile dissolved organic carbon (NVDOC),10.1016/j.jhazmat.2023.132558,10_1016_j_jhazmat_2023_132558.pdf,"[8410, 8455]"
instrument,9.4 tesla Fourier transform ion cyclotron resonance mass spectrometer,10.1016/j.jhazmat.2023.132558,10_1016_j_jhazmat_2023_132558.pdf,"[10737, 10811]"
sample_type,all samples,10.1016/j.jhazmat.2023.132558,10_1016_j_jhazmat_2023_132558.pdf,"[10851, 10863]"
instrument,FT-ICR MS,10.1016/j.jhazmat.2023.132558,10_1016_j_jhazmat_2023_132558.pdf,"[11164, 11173]"
software_tools,EnviroOrg,10.1016/j.jhazmat.2023.132558,10_1016_j_jhazmat_2023_132558.pdf,"[11440, 11449]"
ionization_method,(-) ESI,10.1016/j.jhazmat.2023.132558,10_1016_j_jhazmat_2023_132558.pdf,"[12018, 12025]"
sample_type,compounds in crude oil that fluoresce,10.1016/j.jhazmat.2023.132558,10_1016_j_jhazmat_2023_132558.pdf,"[12910, 12947]"
sample_type,Patient whole blood samples,10.1016/j.jmsacl.2023.01.004,10_1016_j_jmsacl_2023_01_004.pdf,"[39, 66]"
ionization_method,ESI,10.1016/j.jmsacl.2023.01.004,10_1016_j_jmsacl_2023_01_004.pdf,"[2555, 2558]"
ionization_method,ESI,10.1016/j.jmsacl.2023.01.004,10_1016_j_jmsacl_2023_01_004.pdf,"[3367, 3370]"
ionization_method,ESI,10.1016/j.jmsacl.2023.01.004,10_1016_j_jmsacl_2023_01_004.pdf,"[3765, 3768]"
software_tools,Xcalibur,10.1016/j.jmsacl.2023.01.004,10_1016_j_jmsacl_2023_01_004.pdf,"[3696, 3704]"
instrument,Thermo Fisher Scientific,10.1016/j.jmsacl.2023.01.004,10_1016_j_jmsacl_2023_01_004.pdf,"[4940, 4964]"
software_tools,Xcalibur 3.0,10.1016/j.jmsacl.2023.01.004,10_1016_j_jmsacl_2023_01_004.pdf,"[5062, 5074]"
ionization_method,PTR-PIP MS1,10.1016/j.jmsacl.2023.01.004,10_1016_j_jmsacl_2023_01_004.pdf,"[5539, 5550]"
facility,our lab,10.1016/j.marpolbul.2016.01.012,10_1016_j_marpolbul_2016_01_012.pdf,"[2097, 2104]"
sample_type,Water-soluble organic species,10.1016/j.marpolbul.2016.01.012,10_1016_j_marpolbul_2016_01_012.pdf,"[3507, 3536]"
instrument,9.4 T FT-ICR mass spectrometer,10.1016/j.marpolbul.2016.01.012,10_1016_j_marpolbul_2016_01_012.pdf,"[4141, 4171]"
sample_type,Whole MC252 and surrogate crude oil and derived acidic and basic water-soluble organics (WSO),10.1016/j.marpolbul.2016.01.012,10_1016_j_marpolbul_2016_01_012.pdf,"[4173, 4266]"
software_tools,modular ICR data station (Predator),10.1016/j.marpolbul.2016.01.012,10_1016_j_marpolbul_2016_01_012.pdf,"[4469, 4504]"
sample_type,Melittin from honeybee venom,10.1016/j.mcpro.2024.100814,10_1016_j_mcpro_2024_100814.pdf,"[721, 749]"
instrument,7 T Bruker SolariX,10.1016/j.mcpro.2024.100814,10_1016_j_mcpro_2024_100814.pdf,"[2416, 2434]"
ionization_method,ESI,10.1016/j.mcpro.2024.100814,10_1016_j_mcpro_2024_100814.pdf,"[2645, 2648]"
instrument,Agilent 6560c,10.1016/j.mcpro.2024.100814,10_1016_j_mcpro_2024_100814.pdf,"[3444, 3457]"
ionization_method,ESI,10.1016/j.mcpro.2024.100814,10_1016_j_mcpro_2024_100814.pdf,"[3534, 3537]"
sample_type,melittin and apomyoglobin,10.1016/j.mcpro.2024.100814,10_1016_j_mcpro_2024_100814.pdf,"[3541, 3566]"
ionization_method,nESI,10.1016/j.mcpro.2024.100814,10_1016_j_mcpro_2024_100814.pdf,"[3981, 3985]"
instrument,Orbitrap Fusion Lumos (Thermo Fisher Scienti fi c),10.1016/j.mcpro.2024.100814,10_1016_j_mcpro_2024_100814.pdf,"[4711, 4761]"
ionization_method,heated ESI ion source,10.1016/j.mcpro.2024.100814,10_1016_j_mcpro_2024_100814.pdf,"[4791, 4812]"
sample_type,Proteins,10.1016/j.mcpro.2024.100814,10_1016_j_mcpro_2024_100814.pdf,"[4763, 4771]"
software_tools,Comprehensive Localization of Internal Protein Sequences (ClipsMS),10.1016/j.mcpro.2024.100814,10_1016_j_mcpro_2024_100814.pdf,"[6765, 6830]"
software_tools,Fragariyo,10.1016/j.mcpro.2024.100814,10_1016_j_mcpro_2024_100814.pdf,"[6932, 6941]"
software_tools,Excel,10.1016/j.mcpro.2024.100814,10_1016_j_mcpro_2024_100814.pdf,"[8055, 8060]"
instrument,ETD-FT-ICR,10.1016/j.mcpro.2024.100814,10_1016_j_mcpro_2024_100814.pdf,"[8857, 8867]"
sample_type,Protein sequences,10.1016/j.mcpro.2024.100814,10_1016_j_mcpro_2024_100814.pdf,"[8279, 8296]"
software_tools,"Fragariyo, ClipsMS, Xcalibur Qual Browser-embedded 'Xtract' algorithm (Thermo Fisher Scientific)",10.1016/j.mcpro.2024.100814,10_1016_j_mcpro_2024_100814.pdf,"[8876, 9021]"
ionization_method,ECD,10.1016/j.mcpro.2024.100814,10_1016_j_mcpro_2024_100814.pdf,"[9973, 9976]"
sample_type,"direct infusion ECD, LC-ECD, and ETD-HCD MS 3 data",10.1016/j.mcpro.2024.100814,10_1016_j_mcpro_2024_100814.pdf,"[9957, 10007]"
dataset_accession,MSV000094542,10.1016/j.mcpro.2024.100814,10_1016_j_mcpro_2024_100814.pdf,"[10034, 10046]"
instrument,Thermo Scienti fi c Orbitrap Fusion Lumos,10.1016/j.mcpro.2024.100814,10_1016_j_mcpro_2024_100814.pdf,"[10826, 10867]"
sample_type,Soil,10.1016/j.orggeochem.2016.11.004,10_1016_j_orggeochem_2016_11_004.pdf,"[36, 40]"
instrument,VCPH model TOC analyzer,10.1016/j.orggeochem.2016.11.004,10_1016_j_orggeochem_2016_11_004.pdf,"[1368, 1391]"
instrument,Thermo Scientific Evolution 300 spectrophotometer,10.1016/j.orggeochem.2016.11.004,10_1016_j_orggeochem_2016_11_004.pdf,"[1528, 1577]"
instrument,Acros-EOP ICP/AES,10.1016/j.orggeochem.2016.11.004,10_1016_j_orggeochem_2016_11_004.pdf,"[2081, 2098]"
sample_type,polymeric resins,10.1016/j.orggeochem.2016.11.004,10_1016_j_orggeochem_2016_11_004.pdf,"[4588, 4604]"
instrument,FT-ICR MS,10.1016/j.orggeochem.2016.11.004,10_1016_j_orggeochem_2016_11_004.pdf,"[6359, 6368]"
sample_type,DOM samples,10.1016/j.orggeochem.2016.11.004,10_1016_j_orggeochem_2016_11_004.pdf,"[6370, 6381]"
sample_type,bulk (untreated DOM sample) and unbound DOM from batch equilibrium experiments,10.1016/j.orggeochem.2016.11.004,10_1016_j_orggeochem_2016_11_004.pdf,"[6570, 6648]"
instrument,FT-ICR MS,10.1016/j.orggeochem.2016.11.004,10_1016_j_orggeochem_2016_11_004.pdf,"[6759, 6768]"
instrument,custom-built FT-ICR mass spectrometer,10.1016/j.orggeochem.2016.11.004,10_1016_j_orggeochem_2016_11_004.pdf,"[7806, 7843]"
ionization_method,negative-ion electrospray ionization,10.1016/j.orggeochem.2016.11.004,10_1016_j_orggeochem_2016_11_004.pdf,"[7658, 7694]"
software_tools,PetroOrg,10.1016/j.orggeochem.2016.11.004,10_1016_j_orggeochem_2016_11_004.pdf,"[9915, 9923]"
software_tools,JMP software (v. 7.0.1),10.1016/j.orggeochem.2016.11.004,10_1016_j_orggeochem_2016_11_004.pdf,"[10540, 10562]"
sample_type,peaks,10.1016/j.orggeochem.2016.11.004,10_1016_j_orggeochem_2016_11_004.pdf,"[11561, 11566]"
sample_type,"Total C and N fractions, and particle size analysis",10.1016/j.orggeochem.2018.03.005,10_1016_j_orggeochem_2018_03_005.pdf,"[2622, 2673]"
sample_type,Soil POXC,10.1016/j.orggeochem.2018.03.005,10_1016_j_orggeochem_2018_03_005.pdf,"[3249, 3258]"
sample_type,deionized water,10.1016/j.orggeochem.2018.03.005,10_1016_j_orggeochem_2018_03_005.pdf,"[3682, 3697]"
instrument,Lambda 35 UV/Vis spectrophotometer,10.1016/j.orggeochem.2018.03.005,10_1016_j_orggeochem_2018_03_005.pdf,"[3753, 3787]"
facility,"PerkinElmer, Waltham, MA",10.1016/j.orggeochem.2018.03.005,10_1016_j_orggeochem_2018_03_005.pdf,"[3789, 3813]"
instrument,FT-ICR MS,10.1016/j.orggeochem.2018.03.005,10_1016_j_orggeochem_2018_03_005.pdf,"[8288, 8297]"
sample_type,soil OM chemical species,10.1016/j.orggeochem.2018.03.005,10_1016_j_orggeochem_2018_03_005.pdf,"[7884, 7908]"
instrument,FT-ICR MS,10.1016/j.orggeochem.2018.03.005,10_1016_j_orggeochem_2018_03_005.pdf,"[8979, 8988]"
ionization_method,solid phase extraction,10.1016/j.orggeochem.2018.03.005,10_1016_j_orggeochem_2018_03_005.pdf,"[10253, 10275]"
ionization_method,ESI,10.1016/j.orggeochem.2018.03.005,10_1016_j_orggeochem_2018_03_005.pdf,"[11247, 11250]"
sample_type,Negative ion mode ESI FT-ICR mass spectra,10.1016/j.orggeochem.2018.03.005,10_1016_j_orggeochem_2018_03_005.pdf,"[11229, 11270]"
facility,National High Magnetic Field Laboratory (NHMFL),10.1016/j.orggeochem.2018.03.005,10_1016_j_orggeochem_2018_03_005.pdf,"[11413, 11459]"
ionization_method,ESI,10.1016/j.orggeochem.2018.03.005,10_1016_j_orggeochem_2018_03_005.pdf,"[12941, 12944]"
sample_type,Mass spectra,10.1016/j.orggeochem.2018.03.005,10_1016_j_orggeochem_2018_03_005.pdf,"[12702, 12714]"
facility,National High Magnetic Field Laboratory,10.1016/j.orggeochem.2018.03.005,10_1016_j_orggeochem_2018_03_005.pdf,"[12409, 12448]"
software_tools,National High Magnetic Field Laboratory software,10.1016/j.orggeochem.2018.03.005,10_1016_j_orggeochem_2018_03_005.pdf,"[12409, 12457]"
sample_type,singly charged OM species,10.1016/j.orggeochem.2018.03.005,10_1016_j_orggeochem_2018_03_005.pdf,"[13066, 13091]"
sample_type,POXCNL samples,10.1016/j.orggeochem.2018.03.005,10_1016_j_orggeochem_2018_03_005.pdf,"[14008, 14022]"
software_tools,PROC GLM of SAS 9.4,10.1016/j.orggeochem.2018.03.005,10_1016_j_orggeochem_2018_03_005.pdf,"[16222, 16241]"
instrument,FTICRMS,10.1016/j.orggeochem.2020.104164,10_1016_j_orggeochem_2020_104164.pdf,"[4365, 4372]"
sample_type,CFRE-2 sediment,10.1016/j.orggeochem.2020.104164,10_1016_j_orggeochem_2020_104164.pdf,"[4415, 4430]"
instrument,Shimadzu TOC total organic carbon analyzer,10.1016/j.orggeochem.2020.104164,10_1016_j_orggeochem_2020_104164.pdf,"[7251, 7293]"
sample_type,Dissolved organic carbon,10.1016/j.orggeochem.2020.104164,10_1016_j_orggeochem_2020_104164.pdf,"[7166, 7190]"
instrument,double beam spectrophotometer,10.1016/j.orggeochem.2020.104164,10_1016_j_orggeochem_2020_104164.pdf,"[7754, 7783]"
instrument,Cary 100 Bio UV-Visible Spectrophotometer,10.1016/j.orggeochem.2020.104164,10_1016_j_orggeochem_2020_104164.pdf,"[7785, 7826]"
instrument,Horiba Aqualog 3D fluorometer,10.1016/j.orggeochem.2020.104164,10_1016_j_orggeochem_2020_104164.pdf,"[9414, 9431]"
sample_type,Three dimensional excitation-emission matrix (EEM) fluorescence measurements,10.1016/j.orggeochem.2020.104164,10_1016_j_orggeochem_2020_104164.pdf,"[9319, 9395]"
sample_type,Samples,10.1016/j.orggeochem.2020.104164,10_1016_j_orggeochem_2020_104164.pdf,"[11714, 11721]"
instrument,9.4 T FT-ICR mass spectrometer,10.1016/j.orggeochem.2020.104164,10_1016_j_orggeochem_2020_104164.pdf,"[12403, 12433]"
ionization_method,"electrospray ionization in the negative mode, (-) ESI",10.1016/j.orggeochem.2020.104164,10_1016_j_orggeochem_2020_104164.pdf,"[12328, 12381]"
sample_type,Samples,10.1016/j.orggeochem.2020.104164,10_1016_j_orggeochem_2020_104164.pdf,"[12228, 12234]"
facility,National High Magnetic Field Laboratory (NHMFL),10.1016/j.orggeochem.2020.104164,10_1016_j_orggeochem_2020_104164.pdf,"[12449, 12495]"
software_tools,EnviroOrg TM software,10.1016/j.orggeochem.2020.104164,10_1016_j_orggeochem_2020_104164.pdf,"[12710, 12731]"
ionization_method,FT-ICRMS,10.1016/j.orggeochem.2020.104164,10_1016_j_orggeochem_2020_104164.pdf,"[13427, 13435]"
dataset_accession,https://doi.org/10.17632/g228pkdcym.1,10.1016/j.orggeochem.2020.104164,10_1016_j_orggeochem_2020_104164.pdf,"[14073, 14110]"
sample_type,environmental samples,10.1016/j.orggeochem.2023.104667,10_1016_j_orggeochem_2023_104667.pdf,"[129, 150]"
sample_type,freshwaters,10.1016/j.orggeochem.2023.104667,10_1016_j_orggeochem_2023_104667.pdf,"[156, 167]"
sample_type,marine waters,10.1016/j.orggeochem.2023.104667,10_1016_j_orggeochem_2023_104667.pdf,"[169, 182]"
sample_type,soils,10.1016/j.orggeochem.2023.104667,10_1016_j_orggeochem_2023_104667.pdf,"[184, 189]"
sample_type,plants,10.1016/j.orggeochem.2023.104667,10_1016_j_orggeochem_2023_104667.pdf,"[191, 197]"
sample_type,fossil organic hydrocarbons,10.1016/j.orggeochem.2023.104667,10_1016_j_orggeochem_2023_104667.pdf,"[203, 230]"
sample_type,Gulf of Mexico seawater,10.1016/j.orggeochem.2023.104667,10_1016_j_orggeochem_2023_104667.pdf,"[2285, 2308]"
sample_type,fossilized hydrocarbons in the form of oils,10.1016/j.orggeochem.2023.104667,10_1016_j_orggeochem_2023_104667.pdf,"[2318, 2361]"
sample_type,Minnesota forested streams,10.1016/j.orggeochem.2023.104667,10_1016_j_orggeochem_2023_104667.pdf,"[2371, 2397]"
sample_type,Grinnell Glacier lakes,10.1016/j.orggeochem.2023.104667,10_1016_j_orggeochem_2023_104667.pdf,"[2439, 2461]"
sample_type,Mississippi River International Humic Substances Society (IHSS) standard,10.1016/j.orggeochem.2023.104667,10_1016_j_orggeochem_2023_104667.pdf,"[2471, 2543]"
sample_type,"Sourdough Creek in Bozeman, Montana",10.1016/j.orggeochem.2023.104667,10_1016_j_orggeochem_2023_104667.pdf,"[2553, 2588]"
sample_type,"Yellowstone Lake in Yellowstone National Park, Wyoming",10.1016/j.orggeochem.2023.104667,10_1016_j_orggeochem_2023_104667.pdf,"[2598, 2652]"
sample_type,"Yellowstone River headwater in Yellowstone National Park, Wyoming",10.1016/j.orggeochem.2023.104667,10_1016_j_orggeochem_2023_104667.pdf,"[2663, 2728]"
sample_type,"tributary streams to the Gallatin and Missouri Rivers in Big Sky, Montana",10.1016/j.orggeochem.2023.104667,10_1016_j_orggeochem_2023_104667.pdf,"[2739, 2822]"
sample_type,montane plant litter leachates,10.1016/j.orggeochem.2023.104667,10_1016_j_orggeochem_2023_104667.pdf,"[2832, 2862]"
sample_type,"semi-arid soils in Bozeman, Montana",10.1016/j.orggeochem.2023.104667,10_1016_j_orggeochem_2023_104667.pdf,"[2872, 2909]"
sample_type,southeastern USA plant biochar leachates,10.1016/j.orggeochem.2023.104667,10_1016_j_orggeochem_2023_104667.pdf,"[2926, 2969]"
sample_type,fossilized carbon,10.1016/j.orggeochem.2023.104667,10_1016_j_orggeochem_2023_104667.pdf,"[3326, 3344]"
sample_type,Macondo oil,10.1016/j.orggeochem.2023.104667,10_1016_j_orggeochem_2023_104667.pdf,"[3411, 3422]"
sample_type,heavy fuel oil (1621e),10.1016/j.orggeochem.2023.104667,10_1016_j_orggeochem_2023_104667.pdf,"[3594, 3618]"
sample_type,seawater,10.1016/j.orggeochem.2023.104667,10_1016_j_orggeochem_2023_104667.pdf,"[3244, 3252]"
sample_type,tributaries of the Gallatin and Missouri Rivers,10.1016/j.orggeochem.2023.104667,10_1016_j_orggeochem_2023_104667.pdf,"[3727, 3774]"
sample_type,montane lakes in Glacier and Yellowstone National Parks,10.1016/j.orggeochem.2023.104667,10_1016_j_orggeochem_2023_104667.pdf,"[3846, 3907]"
sample_type,Yellowstone River headwaters,10.1016/j.orggeochem.2023.104667,10_1016_j_orggeochem_2023_104667.pdf,"[3944, 3972]"
ionization_method,FT-ICR MS,10.1016/j.orggeochem.2023.104667,10_1016_j_orggeochem_2023_104667.pdf,"[4641, 4650]"
sample_type,Natural organic matter (NOM),10.1016/j.orggeochem.2023.104667,10_1016_j_orggeochem_2023_104667.pdf,"[6508, 6536]"
sample_type,peatlands,10.1016/j.orggeochem.2023.104667,10_1016_j_orggeochem_2023_104667.pdf,"[6025, 6033]"
sample_type,MissNOM,10.1016/j.orggeochem.2023.104667,10_1016_j_orggeochem_2023_104667.pdf,"[6869, 6876]"
sample_type,soil and plant derived OM,10.1016/j.orggeochem.2023.104667,10_1016_j_orggeochem_2023_104667.pdf,"[7023, 7048]"
sample_type,montane litter leachates,10.1016/j.orggeochem.2023.104667,10_1016_j_orggeochem_2023_104667.pdf,"[7139, 7163]"
sample_type,"biochar leachates of southeastern US leaves, grasses, and pine needles",10.1016/j.orggeochem.2023.104667,10_1016_j_orggeochem_2023_104667.pdf,"[7197, 7267]"
sample_type,"montane litter leachates (sources: riparian grass, leaf, and pine needle)",10.1016/j.orggeochem.2023.104667,10_1016_j_orggeochem_2023_104667.pdf,"[7601, 7674]"
sample_type,leachate solution,10.1016/j.orggeochem.2023.104667,10_1016_j_orggeochem_2023_104667.pdf,"[8477, 8494]"
sample_type,oil samples,10.1016/j.orggeochem.2023.104667,10_1016_j_orggeochem_2023_104667.pdf,"[9108, 9119]"
ionization_method,FT-ICR MS,10.1016/j.orggeochem.2023.104667,10_1016_j_orggeochem_2023_104667.pdf,"[10498, 10507]"
sample_type,organic matter samples,10.1016/j.orggeochem.2023.104667,10_1016_j_orggeochem_2023_104667.pdf,"[10595, 10617]"
sample_type,Glacial,10.1016/j.orggeochem.2023.104667,10_1016_j_orggeochem_2023_104667.pdf,"[11731, 11738]"
sample_type,Seawater,10.1016/j.orggeochem.2023.104667,10_1016_j_orggeochem_2023_104667.pdf,"[12331, 12339]"
sample_type,Macondo Oil,10.1016/j.orggeochem.2023.104667,10_1016_j_orggeochem_2023_104667.pdf,"[12656, 12667]"
sample_type,Heavy Fuel Oil (benthic origin),10.1016/j.orggeochem.2023.104667,10_1016_j_orggeochem_2023_104667.pdf,"[12956, 12987]"
sample_type,Stream water,10.1016/j.orggeochem.2023.104667,10_1016_j_orggeochem_2023_104667.pdf,"[14346, 14358]"
sample_type,Suwannee River Fulvic Acid II,10.1016/j.orggeochem.2023.104667,10_1016_j_orggeochem_2023_104667.pdf,"[14456, 14485]"
sample_type,IHSS Standard 2S101F,10.1016/j.orggeochem.2023.104667,10_1016_j_orggeochem_2023_104667.pdf,"[14646, 14666]"
sample_type,IHSS Natural Organic Matter,10.1016/j.orggeochem.2023.104667,10_1016_j_orggeochem_2023_104667.pdf,"[14667, 14687]"
sample_type,Matter Missouri River Headwaters: up and downstream of the golf course,10.1016/j.orggeochem.2023.104667,10_1016_j_orggeochem_2023_104667.pdf,"[14946, 15016]"
sample_type,Surface waters,10.1016/j.orggeochem.2023.104667,10_1016_j_orggeochem_2023_104667.pdf,"[15272, 15286]"
sample_type,Grass leachate,10.1016/j.orggeochem.2023.104667,10_1016_j_orggeochem_2023_104667.pdf,"[16146, 16160]"
sample_type,Biochar leachate,10.1016/j.orggeochem.2023.104667,10_1016_j_orggeochem_2023_104667.pdf,"[17046, 17062]"
sample_type,biochar undergoing thermal degradation,10.1016/j.orggeochem.2023.104667,10_1016_j_orggeochem_2023_104667.pdf,"[17908, 17946]"
sample_type,DOM,10.1016/j.orggeochem.2023.104667,10_1016_j_orggeochem_2023_104667.pdf,"[20586, 20589]"
sample_type,winter wheat (Triticum aestivum L.),10.1016/j.orggeochem.2023.104667,10_1016_j_orggeochem_2023_104667.pdf,"[21487, 21523]"
sample_type,conventional till fallow-wheat (FW),10.1016/j.orggeochem.2023.104667,10_1016_j_orggeochem_2023_104667.pdf,"[21548, 21583]"
sample_type,no-till continuous cropping annual-wheat rotation (AW),10.1016/j.orggeochem.2023.104667,10_1016_j_orggeochem_2023_104667.pdf,"[21589, 21647]"
sample_type,DOM extracts,10.1016/j.orggeochem.2023.104667,10_1016_j_orggeochem_2023_104667.pdf,"[22814, 22827]"
ionization_method,Electrospray Ionization (ESI),10.1016/j.orggeochem.2023.104667,10_1016_j_orggeochem_2023_104667.pdf,"[23521, 23551]"
sample_type,DOM,10.1016/j.orggeochem.2023.104667,10_1016_j_orggeochem_2023_104667.pdf,"[23338, 23341]"
instrument,9.4 T superconducting magnet FT-ICR mass spectrometer,10.1016/j.orggeochem.2023.104667,10_1016_j_orggeochem_2023_104667.pdf,"[24336, 24389]"
ionization_method,negative ion mode ESI,10.1016/j.orggeochem.2023.104667,10_1016_j_orggeochem_2023_104667.pdf,"[24015, 24036]"
sample_type,DOM samples,10.1016/j.orggeochem.2023.104667,10_1016_j_orggeochem_2023_104667.pdf,"[24755, 24766]"
facility,"NHMFL in Tallahassee, Florida, USA",10.1016/j.orggeochem.2023.104667,10_1016_j_orggeochem_2023_104667.pdf,"[24397, 24431]"
sample_type,DOM molecular formula assignments,10.1016/j.orggeochem.2023.104667,10_1016_j_orggeochem_2023_104667.pdf,"[25179, 25212]"
ionization_method,ESI,10.1016/j.orggeochem.2023.104667,10_1016_j_orggeochem_2023_104667.pdf,"[26214, 26217]"
instrument,4 T FT-ICR MS,10.1016/j.orggeochem.2023.104667,10_1016_j_orggeochem_2023_104667.pdf,"[26468, 26481]"
sample_type,elemental compositions containing CcHhNnOoSs,10.1016/j.orggeochem.2023.104667,10_1016_j_orggeochem_2023_104667.pdf,"[26497, 26543]"
software_tools,PetroOrg,10.1016/j.orggeochem.2023.104667,10_1016_j_orggeochem_2023_104667.pdf,"[27172, 27180]"
software_tools,EnviroOrg (NHMFL software by Yuri Corilo),10.1016/j.orggeochem.2023.104667,10_1016_j_orggeochem_2023_104667.pdf,"[27255, 27295]"
software_tools,NHMFL software,10.1016/j.orggeochem.2023.104667,10_1016_j_orggeochem_2023_104667.pdf,"[27691, 27706]"
sample_type,"marine DOM, glacial OM, and/or non-oxygenated OM chemical species from primary producers and energy rich materials",10.1016/j.orggeochem.2023.104667,10_1016_j_orggeochem_2023_104667.pdf,"[32403, 32517]"
ionization_method,FT-ICR MS,10.1016/j.orggeochem.2023.104667,10_1016_j_orggeochem_2023_104667.pdf,"[33545, 33554]"
sample_type,DOM percentages (MLBR derived from the fraction with H/C < 1.5),10.1016/j.orggeochem.2023.104667,10_1016_j_orggeochem_2023_104667.pdf,"[33083, 33139]"
dataset_accession,DOI 10.17605/OSF.IO/3YSGD,10.1016/j.orggeochem.2023.104667,10_1016_j_orggeochem_2023_104667.pdf,"[33640, 33665]"
dataset_accession,DOI 10.17605/OSF.IO/UPBWE,10.1016/j.orggeochem.2023.104667,10_1016_j_orggeochem_2023_104667.pdf,"[33670, 33695]"
sample_type,Natural waters,10.1016/j.orggeochem.2024.104846,10_1016_j_orggeochem_2024_104846.pdf,"[63, 78]"
sample_type,DOM endmembers,10.1016/j.orggeochem.2024.104846,10_1016_j_orggeochem_2024_104846.pdf,"[1000, 1014]"
instrument,Shimadzu TOC-L CPH high temperature catalytic oxidation total organic analyzer,10.1016/j.orggeochem.2024.104846,10_1016_j_orggeochem_2024_104846.pdf,"[2339, 2425]"
sample_type,groundwater,10.1016/j.orggeochem.2024.104846,10_1016_j_orggeochem_2024_104846.pdf,"[2981, 2992]"
sample_type,blackwater-1 samples,10.1016/j.orggeochem.2024.104846,10_1016_j_orggeochem_2024_104846.pdf,"[2997, 3017]"
instrument,custom-built hybrid linear ion trap FT-ICR MS,10.1016/j.orggeochem.2024.104846,10_1016_j_orggeochem_2024_104846.pdf,"[5997, 6045]"
ionization_method,microelectrospray source,10.1016/j.orggeochem.2024.104846,10_1016_j_orggeochem_2024_104846.pdf,"[6208, 6232]"
sample_type,Methanolic extracts,10.1016/j.orggeochem.2024.104846,10_1016_j_orggeochem_2024_104846.pdf,"[5958, 5977]"
facility,"National High Magnetic Field Laboratory (Tallahassee, FL)",10.1016/j.orggeochem.2024.104846,10_1016_j_orggeochem_2024_104846.pdf,"[6111, 6168]"
ionization_method,FT-ICR MS,10.1016/j.orggeochem.2024.104846,10_1016_j_orggeochem_2024_104846.pdf,"[7714, 7723]"
software_tools,factoextra package in R,10.1016/j.orggeochem.2024.104846,10_1016_j_orggeochem_2024_104846.pdf,"[9475, 9498]"
dataset_accession,https://osf.io/awy27/,10.1016/j.orggeochem.2024.104846,10_1016_j_orggeochem_2024_104846.pdf,"[9645, 9666]"
sample_type,metabolomics samples,10.1016/j.orggeochem.2024.104880,10_1016_j_orggeochem_2024_104880.pdf,"[2656, 2668]"
instrument,bioinert Ultimate RSLCnano 3000 LC system,10.1016/j.orggeochem.2024.104880,10_1016_j_orggeochem_2024_104880.pdf,"[4327, 4368]"
instrument,Thermo Scientific Orbitrap IQ-X,10.1016/j.orggeochem.2024.104880,10_1016_j_orggeochem_2024_104880.pdf,"[5252, 5283]"
ionization_method,heated electrospray ionization (ESI),10.1016/j.orggeochem.2024.104880,10_1016_j_orggeochem_2024_104880.pdf,"[5322, 5361]"
instrument,custom-built hybrid linear ion trap FT-ICR mass spectrometer,10.1016/j.orggeochem.2024.104880,10_1016_j_orggeochem_2024_104880.pdf,"[6427, 6487]"
ionization_method,heated electrospray source,10.1016/j.orggeochem.2024.104880,10_1016_j_orggeochem_2024_104880.pdf,"[6357, 6383]"
instrument,LC-Orbitrap,10.1016/j.orggeochem.2024.104880,10_1016_j_orggeochem_2024_104880.pdf,"[7036, 7047]"
sample_type,Individual samples,10.1016/j.orggeochem.2024.104880,10_1016_j_orggeochem_2024_104880.pdf,"[7005, 7023]"
instrument,LC FT-ICR MS,10.1016/j.orggeochem.2024.104880,10_1016_j_orggeochem_2024_104880.pdf,"[7876, 7888]"
sample_type,pooled samples,10.1016/j.orggeochem.2024.104880,10_1016_j_orggeochem_2024_104880.pdf,"[7849, 7863]"
software_tools,CoreMS,10.1016/j.orggeochem.2024.104880,10_1016_j_orggeochem_2024_104880.pdf,"[7920, 7926]"
dataset_accession,MSV000094385,10.1016/j.orggeochem.2024.104880,10_1016_j_orggeochem_2024_104880.pdf,"[9390, 9402]"
sample_type,Water samples,10.1016/j.orggeochem.2024.104886,10_1016_j_orggeochem_2024_104886.pdf,"[1160, 1174]"
instrument,Shimadzu TOC-V CPN Analyser,10.1016/j.orggeochem.2024.104886,10_1016_j_orggeochem_2024_104886.pdf,"[2001, 2031]"
facility,MAGU,10.1016/j.orggeochem.2024.104886,10_1016_j_orggeochem_2024_104886.pdf,"[2037, 2041]"
sample_type,Surface water,10.1016/j.orggeochem.2024.104886,10_1016_j_orggeochem_2024_104886.pdf,"[3572, 3585]"
ionization_method,Fourier transform ion cyclotron resonance mass spectrometry (FTICR MS),10.1016/j.orggeochem.2024.104886,10_1016_j_orggeochem_2024_104886.pdf,"[5670, 5740]"
instrument,21 Tesla FTICR MS,10.1016/j.orggeochem.2024.104886,10_1016_j_orggeochem_2024_104886.pdf,"[6567, 6585]"
ionization_method,negative-mode electrospray ionization,10.1016/j.orggeochem.2024.104886,10_1016_j_orggeochem_2024_104886.pdf,"[6595, 6634]"
sample_type,data,10.1016/j.orggeochem.2024.104886,10_1016_j_orggeochem_2024_104886.pdf,"[10967, 10971]"
instrument,high-purity Germanium (HPGe) γ -spectrometer,10.1016/j.palaeo.2025.112798,10_1016_j_palaeo_2025_112798.pdf,"[1786, 1830]"
sample_type,Sediment samples,10.1016/j.palaeo.2025.112798,10_1016_j_palaeo_2025_112798.pdf,"[1287, 1303]"
instrument,TOC analyzer,10.1016/j.palaeo.2025.112798,10_1016_j_palaeo_2025_112798.pdf,"[2286, 2298]"
sample_type,"Dissolved organic carbon (DOC), absorption and fluorescence spectroscopy",10.1016/j.palaeo.2025.112798,10_1016_j_palaeo_2025_112798.pdf,"[2942, 3014]"
instrument,FS5 spectrofluorometer,10.1016/j.palaeo.2025.112798,10_1016_j_palaeo_2025_112798.pdf,"[4076, 4098]"
instrument,21-T FT-ICR MS,10.1016/j.palaeo.2025.112798,10_1016_j_palaeo_2025_112798.pdf,"[5515, 5531]"
ionization_method,negative electrospray ionization,10.1016/j.palaeo.2025.112798,10_1016_j_palaeo_2025_112798.pdf,"[5473, 5506]"
sample_type,SPE-DOM samples,10.1016/j.palaeo.2025.112798,10_1016_j_palaeo_2025_112798.pdf,"[5435, 5450]"
facility,National High Magnetic Field Laboratory,10.1016/j.palaeo.2025.112798,10_1016_j_palaeo_2025_112798.pdf,"[5542, 5582]"
sample_type,DOC,10.1016/j.palaeo.2025.112798,10_1016_j_palaeo_2025_112798.pdf,"[7259, 7262]"
software_tools,'MixSIAR' package in R 4.2.0 software,10.1016/j.palaeo.2025.112798,10_1016_j_palaeo_2025_112798.pdf,"[7272, 7311]"
instrument,F-7000 fluorescence spectrometer,10.1016/j.scitotenv.2018.05.180,10_1016_j_scitotenv_2018_05_180.pdf,"[6074, 6107]"
sample_type,FDOM EEMs measurements,10.1016/j.scitotenv.2018.05.180,10_1016_j_scitotenv_2018_05_180.pdf,"[6031, 6053]"
instrument,FT-ICR MS,10.1016/j.scitotenv.2018.05.180,10_1016_j_scitotenv_2018_05_180.pdf,"[8562, 8571]"
sample_type,DOM molecules,10.1016/j.scitotenv.2018.05.180,10_1016_j_scitotenv_2018_05_180.pdf,"[8761, 8774]"
instrument,21 Tesla FT-ICR MS,10.1016/j.scitotenv.2018.05.180,10_1016_j_scitotenv_2018_05_180.pdf,"[10012, 10030]"
ionization_method,negative mode electrospray ionization,10.1016/j.scitotenv.2018.05.180,10_1016_j_scitotenv_2018_05_180.pdf,"[9966, 10003]"
sample_type,Dissolved organic carbon,10.1016/j.scitotenv.2018.05.180,10_1016_j_scitotenv_2018_05_180.pdf,"[10987, 11011]"
sample_type,chemical oxygen demand,10.1016/j.scitotenv.2018.05.180,10_1016_j_scitotenv_2018_05_180.pdf,"[11019, 11041]"
sample_type,chlorophyll-a,10.1016/j.scitotenv.2018.05.180,10_1016_j_scitotenv_2018_05_180.pdf,"[11049, 11062]"
sample_type,stable isotopic measurements,10.1016/j.scitotenv.2018.05.180,10_1016_j_scitotenv_2018_05_180.pdf,"[11075, 11103]"
sample_type,Water samples,10.1016/j.scitotenv.2018.05.180,10_1016_j_scitotenv_2018_05_180.pdf,"[11479, 11492]"
sample_type,Bulk δ 13 C-DOM,10.1016/j.scitotenv.2018.05.180,10_1016_j_scitotenv_2018_05_180.pdf,"[12135, 12150]"
sample_type,δ 15 N-TDN,10.1016/j.scitotenv.2018.05.180,10_1016_j_scitotenv_2018_05_180.pdf,"[12478, 12488]"
instrument,Flash EA1112 analyzer,10.1016/j.scitotenv.2018.05.180,10_1016_j_scitotenv_2018_05_180.pdf,"[13028, 13049]"
sample_type,solid residue,10.1016/j.scitotenv.2018.05.180,10_1016_j_scitotenv_2018_05_180.pdf,"[12919, 12932]"
instrument,YSI EXO2 multi-parameter water quality sonde,10.1016/j.scitotenv.2019.01.220,10_1016_j_scitotenv_2019_01_220.pdf,"[1812, 1856]"
sample_type,Salinity and fluorescent DOM (FDOM) concentrations,10.1016/j.scitotenv.2019.01.220,10_1016_j_scitotenv_2019_01_220.pdf,"[1682, 1732]"
instrument,LGR DLT-100,10.1016/j.scitotenv.2019.01.220,10_1016_j_scitotenv_2019_01_220.pdf,"[5476, 5487]"
sample_type,δ18O samples,10.1016/j.scitotenv.2019.01.220,10_1016_j_scitotenv_2019_01_220.pdf,"[5410, 5424]"
instrument,Thermo Finnigan MAT Deltaplus,10.1016/j.scitotenv.2019.01.220,10_1016_j_scitotenv_2019_01_220.pdf,"[6502, 6531]"
sample_type,CDOM residue,10.1016/j.scitotenv.2019.01.220,10_1016_j_scitotenv_2019_01_220.pdf,"[6214, 6226]"
instrument,FT-ICR MS,10.1016/j.scitotenv.2019.01.220,10_1016_j_scitotenv_2019_01_220.pdf,"[7162, 7171]"
ionization_method,negative-ion electrospray,10.1016/j.scitotenv.2019.01.220,10_1016_j_scitotenv_2019_01_220.pdf,"[7366, 7391]"
instrument,21 T FT-ICR MS (Bruker),10.1016/j.scitotenv.2019.01.220,10_1016_j_scitotenv_2019_01_220.pdf,"[8279, 8301]"
sample_type,DOM,10.1016/j.scitotenv.2019.01.220,10_1016_j_scitotenv_2019_01_220.pdf,"[7940, 7943]"
facility,"National High Magnetic Field Laboratory, Tallahassee, Florida, USA",10.1016/j.scitotenv.2019.01.220,10_1016_j_scitotenv_2019_01_220.pdf,"[8315, 8381]"
software_tools,EnviroOrg,10.1016/j.scitotenv.2019.01.220,10_1016_j_scitotenv_2019_01_220.pdf,"[8478, 8487]"
sample_type,Surface waters,10.1016/j.scitotenv.2020.142411,10_1016_j_scitotenv_2020_142411.pdf,"[3080, 3094]"
sample_type,Glacier meltwaters,10.1016/j.scitotenv.2020.142411,10_1016_j_scitotenv_2020_142411.pdf,"[3175, 3193]"
sample_type,Surface sediments,10.1016/j.scitotenv.2020.142411,10_1016_j_scitotenv_2020_142411.pdf,"[3598, 3615]"
sample_type,Grass,10.1016/j.scitotenv.2020.142411,10_1016_j_scitotenv_2020_142411.pdf,"[3812, 3817]"
sample_type,Sediment,10.1016/j.scitotenv.2020.142411,10_1016_j_scitotenv_2020_142411.pdf,"[4111, 4119]"
instrument,TOC-V WP total organic carbon analyzer,10.1016/j.scitotenv.2020.142411,10_1016_j_scitotenv_2020_142411.pdf,"[5175, 5213]"
instrument,Aqualog,10.1016/j.scitotenv.2020.142411,10_1016_j_scitotenv_2020_142411.pdf,"[5862, 5869]"
software_tools,MATLAB R2019a using DOMFluor toolbox,10.1016/j.scitotenv.2020.142411,10_1016_j_scitotenv_2020_142411.pdf,"[5925, 5961]"
instrument,FT-ICR MS,10.1016/j.scitotenv.2020.142411,10_1016_j_scitotenv_2020_142411.pdf,"[6944, 6953]"
instrument,FT-ICR MS,10.1016/j.scitotenv.2020.142411,10_1016_j_scitotenv_2020_142411.pdf,"[7643, 7652]"
ionization_method,negative ion mode,10.1016/j.scitotenv.2020.142411,10_1016_j_scitotenv_2020_142411.pdf,"[7710, 7727]"
facility,"National High Magnetic Field Laboratory in Florida, USA",10.1016/j.scitotenv.2020.142411,10_1016_j_scitotenv_2020_142411.pdf,"[7743, 7798]"
software_tools,"a browser-based software (Leefmann et al., 2019)",10.1016/j.scitotenv.2020.142411,10_1016_j_scitotenv_2020_142411.pdf,"[8184, 8232]"
sample_type,solvents,10.1016/j.scitotenv.2021.151884,10_1016_j_scitotenv_2021_151884.pdf,"[67, 75]"
sample_type,oil,10.1016/j.scitotenv.2021.151884,10_1016_j_scitotenv_2021_151884.pdf,"[1463, 1466]"
sample_type,IM,10.1016/j.scitotenv.2021.151884,10_1016_j_scitotenv_2021_151884.pdf,"[1679, 1681]"
ionization_method,Negative-ion,10.1016/j.scitotenv.2021.151884,10_1016_j_scitotenv_2021_151884.pdf,"[5183, 5195]"
sample_type,WSO concentrations,10.1016/j.scitotenv.2021.151884,10_1016_j_scitotenv_2021_151884.pdf,"[5478, 5496]"
sample_type,Water samples,10.1016/j.scitotenv.2023.166291,10_1016_j_scitotenv_2023_166291.pdf,"[55, 68]"
facility,Southeast Water Reclamation Facility (SEWRF),10.1016/j.scitotenv.2023.166291,10_1016_j_scitotenv_2023_166291.pdf,"[883, 927]"
sample_type,MWW sample,10.1016/j.scitotenv.2023.166291,10_1016_j_scitotenv_2023_166291.pdf,"[1719, 1729]"
facility,SEWRF,10.1016/j.scitotenv.2023.166291,10_1016_j_scitotenv_2023_166291.pdf,"[1752, 1757]"
instrument,FT-ICR MS,10.1016/j.scitotenv.2023.166291,10_1016_j_scitotenv_2023_166291.pdf,"[3522, 3531]"
ionization_method,negative-ion ESI,10.1016/j.scitotenv.2023.166291,10_1016_j_scitotenv_2023_166291.pdf,"[3505, 3521]"
instrument,custom-built FT-ICR mass spectrometer,10.1016/j.scitotenv.2023.166291,10_1016_j_scitotenv_2023_166291.pdf,"[4450, 4487]"
ionization_method,microelectrospray,10.1016/j.scitotenv.2023.166291,10_1016_j_scitotenv_2023_166291.pdf,"[4759, 4776]"
sample_type,Sample solution,10.1016/j.scitotenv.2023.166291,10_1016_j_scitotenv_2023_166291.pdf,"[4719, 4735]"
software_tools,PetroOrg,10.1016/j.scitotenv.2023.166291,10_1016_j_scitotenv_2023_166291.pdf,"[7217, 7225]"
dataset_accession,https://osf.io/n8mza/ (DOI 10.17605/OSF.IO/N8MZA),10.1016/j.scitotenv.2023.166291,10_1016_j_scitotenv_2023_166291.pdf,"[8088, 8138]"
instrument,Beckman model J2-21,10.1016/j.scitotenv.2023.167382,10_1016_j_scitotenv_2023_167382.pdf,"[2398, 2418]"
sample_type,soil,10.1016/j.scitotenv.2023.167382,10_1016_j_scitotenv_2023_167382.pdf,"[2127, 2131]"
facility,North Florida Research,10.1016/j.scitotenv.2023.167382,10_1016_j_scitotenv_2023_167382.pdf,"[2707, 2729]"
sample_type,Solutions,10.1016/j.scitotenv.2023.167382,10_1016_j_scitotenv_2023_167382.pdf,"[2791, 2800]"
instrument,hot block (Environmental Express),10.1016/j.scitotenv.2023.167382,10_1016_j_scitotenv_2023_167382.pdf,"[3023, 3056]"
instrument,Nicolet iS50 FTIR spectrometer,10.1016/j.scitotenv.2023.167382,10_1016_j_scitotenv_2023_167382.pdf,"[5602, 5635]"
sample_type,soil samples,10.1016/j.scitotenv.2023.167382,10_1016_j_scitotenv_2023_167382.pdf,"[5244, 5257]"
instrument,21 Tesla Fourier transform ion cyclotron resonance -mass spectrometry (FT ICR-MS),10.1016/j.scitotenv.2023.167382,10_1016_j_scitotenv_2023_167382.pdf,"[8652, 8733]"
sample_type,WEOC samples,10.1016/j.scitotenv.2023.167382,10_1016_j_scitotenv_2023_167382.pdf,"[8746, 8758]"
ionization_method,negative-ion microelectrospray ionization,10.1016/j.scitotenv.2023.167382,10_1016_j_scitotenv_2023_167382.pdf,"[10044, 10085]"
sample_type,SPE extracts and procedural controls,10.1016/j.scitotenv.2023.167382,10_1016_j_scitotenv_2023_167382.pdf,"[9934, 9970]"
facility,"National High Magnetic Field Lab in Tallahassee, FL",10.1016/j.scitotenv.2023.167382,10_1016_j_scitotenv_2023_167382.pdf,"[9988, 10039]"
instrument,custom-built hybrid linear ion trap FT ICR mass spectrometer,10.1016/j.scitotenv.2023.167382,10_1016_j_scitotenv_2023_167382.pdf,"[10333, 10393]"
sample_type,SPE extracts,10.1016/j.scitotenv.2023.167382,10_1016_j_scitotenv_2023_167382.pdf,"[10299, 10311]"
software_tools,PetroOrg,10.1016/j.scitotenv.2023.167382,10_1016_j_scitotenv_2023_167382.pdf,"[11863, 11871]"
sample_type,soil horizons,10.1016/j.scitotenv.2023.167382,10_1016_j_scitotenv_2023_167382.pdf,"[12661, 12674]"
instrument,FT ICR-MS,10.1016/j.scitotenv.2023.167382,10_1016_j_scitotenv_2023_167382.pdf,"[15683, 15693]"
dataset_accession,https://osf.io/az8gk/,10.1016/j.scitotenv.2023.167382,10_1016_j_scitotenv_2023_167382.pdf,"[15748, 15769]"
dataset_accession,https://zenodo.,10.1016/j.scitotenv.2023.167382,10_1016_j_scitotenv_2023_167382.pdf,"[15793, 15808]"
instrument,TOCVCPN total organic C/N analyzer,10.1016/j.seh.2023.100023,10_1016_j_seh_2023_100023.pdf,"[2696, 2730]"
sample_type,soil samples,10.1016/j.seh.2023.100023,10_1016_j_seh_2023_100023.pdf,"[2647, 2659]"
instrument,21 T FT-ICR MS,10.1016/j.seh.2023.100023,10_1016_j_seh_2023_100023.pdf,"[7829, 7843]"
sample_type,SPE extracts,10.1016/j.seh.2023.100023,10_1016_j_seh_2023_100023.pdf,"[7935, 7947]"
instrument,custom-built hybrid linear ion trap FT-ICR mass spectrometer,10.1016/j.seh.2023.100023,10_1016_j_seh_2023_100023.pdf,"[8515, 8575]"
sample_type,DOM extracts,10.1016/j.seh.2023.100023,10_1016_j_seh_2023_100023.pdf,"[8481, 8493]"
software_tools,PetroOrg,10.1016/j.seh.2023.100023,10_1016_j_seh_2023_100023.pdf,"[9004, 9012]"
dataset_accession,https://osf.io/758ux/,10.1016/j.seh.2023.100023,10_1016_j_seh_2023_100023.pdf,"[9353, 9374]"
instrument,ThermoFisher Dualbeam Helios G4 SEM microscope,10.1016/j.seh.2024.100114,10_1016_j_seh_2024_100114.pdf,"[2186, 2232]"
sample_type,low (300 °C) and high (900 °C) temperature biochar,10.1016/j.seh.2024.100114,10_1016_j_seh_2024_100114.pdf,"[2021, 2073]"
instrument,custom-built hybrid linear ion trap/21 T FT-ICR mass spectrometer,10.1016/j.seh.2024.100114,10_1016_j_seh_2024_100114.pdf,"[5215, 5280]"
ionization_method,negative-ion electrospray ionization,10.1016/j.seh.2024.100114,10_1016_j_seh_2024_100114.pdf,"[5058, 5094]"
sample_type,all samples,10.1016/j.seh.2024.100114,10_1016_j_seh_2024_100114.pdf,"[5144, 5155]"
facility,National High Magnetic Field Laboratory,10.1016/j.seh.2024.100114,10_1016_j_seh_2024_100114.pdf,"[5288, 5327]"
instrument,FT-ICR MS,10.1016/j.seh.2024.100114,10_1016_j_seh_2024_100114.pdf,"[6109, 6118]"
sample_type,300 °C Biochar sample,10.1016/j.seh.2024.100114,10_1016_j_seh_2024_100114.pdf,"[5738, 5760]"
sample_type,Porewater,10.1016/j.seh.2025.100148,10_1016_j_seh_2025_100148.pdf,"[4503, 4512]"
instrument,FT-ICR MS,10.1016/j.seh.2025.100148,10_1016_j_seh_2025_100148.pdf,"[5516, 5525]"
sample_type,porewater,10.1016/j.seh.2025.100148,10_1016_j_seh_2025_100148.pdf,"[5586, 5595]"
sample_type,total organic matter,10.1016/j.seh.2025.100148,10_1016_j_seh_2025_100148.pdf,"[8535, 8555]"
instrument,Bruker BioSpin Avance III 500 MHz NMR spectrometer,10.1016/j.seh.2025.100148,10_1016_j_seh_2025_100148.pdf,"[9367, 9417]"
sample_type,freeze dried extracts,10.1016/j.seh.2025.100148,10_1016_j_seh_2025_100148.pdf,"[8969, 8990]"
facility,"Karlsruhe, Germany",10.1016/j.seh.2025.100148,10_1016_j_seh_2025_100148.pdf,"[9419, 9437]"
sample_type,metatranscriptome sequencing,10.1016/j.seh.2025.100148,10_1016_j_seh_2025_100148.pdf,"[10954, 10982]"
sample_type,Soil cores,10.1016/j.seh.2025.100148,10_1016_j_seh_2025_100148.pdf,"[12743, 12753]"
instrument,21 T FT-ICR MS,10.1016/j.seh.2025.100148,10_1016_j_seh_2025_100148.pdf,"[13889, 13903]"
sample_type,Porewater DOM,10.1016/j.seh.2025.100148,10_1016_j_seh_2025_100148.pdf,"[13955, 13964]"
instrument,custom-built hybrid linear ion trap FT-ICR mass spectrometer,10.1016/j.seh.2025.100148,10_1016_j_seh_2025_100148.pdf,"[15268, 15328]"
ionization_method,negative ions,10.1016/j.seh.2025.100148,10_1016_j_seh_2025_100148.pdf,"[15249, 15262]"
software_tools,RStudio utilizing R software (V4.1.2),10.1016/j.seh.2025.100148,10_1016_j_seh_2025_100148.pdf,"[16187, 16224]"
dataset_accession,OSF.IO/TZKWN,10.1016/j.seh.2025.100148,10_1016_j_seh_2025_100148.pdf,"[16461, 16473]"
sample_type,Glutaraldehyde solution,10.1016/j.str.2017.08.002,10_1016_j_str_2017_08_002.pdf,"[2735, 2758]"
sample_type,ProteoExtract all-in-one trypsin digestion kit,10.1016/j.str.2017.08.002,10_1016_j_str_2017_08_002.pdf,"[2905, 2951]"
sample_type,Uranyl Formate,10.1016/j.str.2017.08.002,10_1016_j_str_2017_08_002.pdf,"[3075, 3089]"
instrument,Superdex 200 Increase 10/300 GL,10.1016/j.str.2017.08.002,10_1016_j_str_2017_08_002.pdf,"[7325, 7356]"
sample_type,Bacterial Strains Used for Protein Expression,10.1016/j.str.2017.08.002,10_1016_j_str_2017_08_002.pdf,"[8249, 8294]"
sample_type,Proteins,10.1016/j.str.2017.08.002,10_1016_j_str_2017_08_002.pdf,"[9471, 9479]"
instrument,VP-ITC microcalorimeter,10.1016/j.str.2017.08.002,10_1016_j_str_2017_08_002.pdf,"[12425, 12448]"
instrument,Beckman Optima XL-I,10.1016/j.str.2017.08.002,10_1016_j_str_2017_08_002.pdf,"[14604, 14623]"
sample_type,Rvb1/2p and Pih1p-Tah1p (or Pih1p truncation mutant) complexes,10.1016/j.str.2017.08.002,10_1016_j_str_2017_08_002.pdf,"[14246, 14308]"
software_tools,UltraScan III software version 3.3,10.1016/j.str.2017.08.002,10_1016_j_str_2017_08_002.pdf,"[14973, 15007]"
instrument,FEI Titan Krios,10.1016/j.str.2017.08.002,10_1016_j_str_2017_08_002.pdf,"[17239, 17254]"
sample_type,"negatively stained R22TP, ScR2TP, and the ice-embedded ScR2TP samples",10.1016/j.str.2017.08.002,10_1016_j_str_2017_08_002.pdf,"[17149, 17218]"
sample_type,ScR2TP complex,10.1016/j.str.2017.08.002,10_1016_j_str_2017_08_002.pdf,"[20059, 20073]"
sample_type,Nop58p,10.1016/j.str.2017.08.002,10_1016_j_str_2017_08_002.pdf,"[20113, 20119]"
sample_type,peptide mixture,10.1016/j.str.2017.08.002,10_1016_j_str_2017_08_002.pdf,"[21150, 21165]"
instrument,Velos LTQ-Orbitrap Mass Spectrometer,10.1016/j.str.2017.08.002,10_1016_j_str_2017_08_002.pdf,"[21741, 21777]"
ionization_method,electrospray ionization (ESI),10.1016/j.str.2017.08.002,10_1016_j_str_2017_08_002.pdf,"[21693, 21722]"
software_tools,ProteoWizard MSConvert,10.1016/j.str.2017.08.002,10_1016_j_str_2017_08_002.pdf,"[22117, 22139]"
software_tools,StavroX,10.1016/j.str.2017.08.002,10_1016_j_str_2017_08_002.pdf,"[22227, 22234]"
instrument,LTQ Orbitrap Velos,10.1016/j.str.2017.08.002,10_1016_j_str_2017_08_002.pdf,"[23414, 23432]"
sample_type,Trypsin-digested peptides from copurified ScR2TP,10.1016/j.str.2017.08.002,10_1016_j_str_2017_08_002.pdf,"[23264, 23312]"
software_tools,MaxQuant software at standard settings,10.1016/j.str.2017.08.002,10_1016_j_str_2017_08_002.pdf,"[23479, 23517]"
sample_type,Purified Pih1p-Tah1p,10.1016/j.str.2017.08.002,10_1016_j_str_2017_08_002.pdf,"[24346, 24366]"
instrument,custom-built Velso Pro (Thermo Scientific) 21 T FT-ICR mass spectrometer,10.1016/j.str.2017.08.002,10_1016_j_str_2017_08_002.pdf,"[25028, 25100]"
sample_type,The ionized eluate,10.1016/j.str.2017.08.002,10_1016_j_str_2017_08_002.pdf,"[24991, 25009]"
dataset_accession,EMDB code 8839,10.1016/j.str.2017.08.002,10_1016_j_str_2017_08_002.pdf,"[25916, 25930]"
instrument,FT-ICR-MS,10.1016/j.watres.2016.03.060,10_1016_j_watres_2016_03_060.pdf,"[4453, 4462]"
sample_type,DON in the 0.45 m m-fi ltered samples,10.1016/j.watres.2016.03.060,10_1016_j_watres_2016_03_060.pdf,"[4468, 4505]"
ionization_method,dopant-assisted photoionization,10.1016/j.watres.2016.03.060,10_1016_j_watres_2016_03_060.pdf,"[5075, 5106]"
sample_type,"Turfgrass, St. Augustine",10.1016/j.watres.2017.11.040,10_1016_j_watres_2017_11_040.pdf,"[1027, 1051]"
sample_type,Leachate,10.1016/j.watres.2017.11.040,10_1016_j_watres_2017_11_040.pdf,"[4168, 4176]"
sample_type,NOx e N,10.1016/j.watres.2017.11.040,10_1016_j_watres_2017_11_040.pdf,"[4769, 4776]"
sample_type,NH3 e N,10.1016/j.watres.2017.11.040,10_1016_j_watres_2017_11_040.pdf,"[4778, 4785]"
sample_type,total N (TN),10.1016/j.watres.2017.11.040,10_1016_j_watres_2017_11_040.pdf,"[4787, 4799]"
sample_type,total dissolved N (TDN),10.1016/j.watres.2017.11.040,10_1016_j_watres_2017_11_040.pdf,"[4801, 4824]"
instrument,Finnigan MATDeltaplusXL,10.1016/j.watres.2017.11.040,10_1016_j_watres_2017_11_040.pdf,"[6607, 6630]"
sample_type,powder,10.1016/j.watres.2017.11.040,10_1016_j_watres_2017_11_040.pdf,"[6426, 6432]"
instrument,FTICR-MS,10.1016/j.watres.2017.11.040,10_1016_j_watres_2017_11_040.pdf,"[7493, 7501]"
ionization_method,positive mode atmospheric pressure photoionization (þ APPI),10.1016/j.watres.2017.11.040,10_1016_j_watres_2017_11_040.pdf,"[7941, 8001]"
sample_type,leachate,10.1016/j.watres.2017.11.040,10_1016_j_watres_2017_11_040.pdf,"[7347, 7355]"
facility,National High Magnetic Field Laboratory,10.1016/j.watres.2017.11.040,10_1016_j_watres_2017_11_040.pdf,"[7509, 7548]"
ionization_method,APPI,10.1016/j.watres.2017.11.040,10_1016_j_watres_2017_11_040.pdf,"[8118, 8122]"
instrument,elemental analyzer (Thermo Flash EA 1112),10.1016/j.watres.2017.11.040,10_1016_j_watres_2017_11_040.pdf,"[9199, 9240]"
sample_type,TN and 15 N abundance,10.1016/j.watres.2017.11.040,10_1016_j_watres_2017_11_040.pdf,"[9404, 9425]"
instrument,ultrahigh-resolution mass spectrometer,10.1016/j.watres.2019.115048,10_1016_j_watres_2019_115048.pdf,"[3133, 3158]"
ionization_method,electrospray ionization Fourier transform ion cyclotron resonance mass spectroscopy (FT-ICR MS),10.1016/j.watres.2019.115048,10_1016_j_watres_2019_115048.pdf,"[8105, 8200]"
sample_type,experimental shallow-lake mesocosms,10.1016/j.watres.2019.115048,10_1016_j_watres_2019_115048.pdf,"[10178, 10213]"
sample_type,CH4 gas,10.1016/j.watres.2019.115048,10_1016_j_watres_2019_115048.pdf,"[13537, 13544]"
sample_type,CDOM,10.1016/j.watres.2019.115048,10_1016_j_watres_2019_115048.pdf,"[14645, 14649]"
sample_type,DOM samples,10.1016/j.watres.2019.115048,10_1016_j_watres_2019_115048.pdf,"[15692, 15703]"
instrument,Agilent GC6890N,10.1016/j.watres.2019.115048,10_1016_j_watres_2019_115048.pdf,"[18294, 18309]"
ionization_method,electrospray ionization,10.1016/j.watres.2019.115048,10_1016_j_watres_2019_115048.pdf,"[21068, 21091]"
sample_type,"anions, cations, nitrogen species (nitrate nitrogen (N e NO3) and ammonium nitrogen (N e NH4)), stable water isotopes ( 2 H and 18 O), alkalinity, total DOC, LC-OCD",10.1016/j.watres.2019.115201,10_1016_j_watres_2019_115201.pdf,"[3495, 3659]"
software_tools,FT-ICR MS,10.1016/j.watres.2019.115201,10_1016_j_watres_2019_115201.pdf,"[3664, 3673]"
instrument,Lachat flow injection analyser,10.1016/j.watres.2019.115201,10_1016_j_watres_2019_115201.pdf,"[7632, 7663]"
sample_type,N e NO3 and N e NH4,10.1016/j.watres.2019.115201,10_1016_j_watres_2019_115201.pdf,"[7513, 7532]"
facility,Mark Wainwright Analytical Centre at UNSW,10.1016/j.watres.2019.115201,10_1016_j_watres_2019_115201.pdf,"[7582, 7623]"
instrument,high temperature elemental analyser (Thermo Fisher Flash 2000 HT EA),10.1016/j.watres.2019.115201,10_1016_j_watres_2019_115201.pdf,"[8475, 8543]"
sample_type,Dried and crushed sediment samples,10.1016/j.watres.2019.115201,10_1016_j_watres_2019_115201.pdf,"[8418, 8452]"
instrument,DOC-LABOR LC-OCD sizeexclusion chromatography system,10.1016/j.watres.2019.115201,10_1016_j_watres_2019_115201.pdf,"[9337, 9389]"
sample_type,"classes of dissolved organic materials (organic acids, bases and neutral species)",10.1016/j.watres.2019.115201,10_1016_j_watres_2019_115201.pdf,"[9411, 9492]"
software_tools,ChromCALC,10.1016/j.watres.2019.115201,10_1016_j_watres_2019_115201.pdf,"[10028, 10037]"
instrument,FT-ICR MS,10.1016/j.watres.2019.115201,10_1016_j_watres_2019_115201.pdf,"[11114, 11123]"
sample_type,DOM molecular character,10.1016/j.watres.2019.115201,10_1016_j_watres_2019_115201.pdf,"[11074, 11097]"
facility,"National High Magnetic Field Laboratory in Tallahassee, Florida, USA",10.1016/j.watres.2019.115201,10_1016_j_watres_2019_115201.pdf,"[11131, 11199]"
ionization_method,negative ion electrospray ionization,10.1016/j.watres.2019.115201,10_1016_j_watres_2019_115201.pdf,"[11568, 11604]"
sample_type,FT-ICR MS SPE extracts,10.1016/j.watres.2019.115201,10_1016_j_watres_2019_115201.pdf,"[11528, 11550]"
software_tools,PetroOrg,10.1016/j.watres.2019.115201,10_1016_j_watres_2019_115201.pdf,"[12901, 12909]"
ionization_method,Fourier transform-ion cyclotron resonance mass spectrometry (FT-ICR MS),10.1016/j.watres.2022.119357,10_1016_j_watres_2022_119357.pdf,"[1108, 1179]"
sample_type,Water,10.1016/j.watres.2022.119357,10_1016_j_watres_2022_119357.pdf,"[2164, 2169]"
sample_type,Samples for DOC concentration,10.1016/j.watres.2022.119357,10_1016_j_watres_2022_119357.pdf,"[2564, 2593]"
sample_type,FT-ICR MS samples,10.1016/j.watres.2022.119357,10_1016_j_watres_2022_119357.pdf,"[2634, 2651]"
sample_type,Filtered water,10.1016/j.watres.2022.119357,10_1016_j_watres_2022_119357.pdf,"[3639, 3654]"
sample_type,Water filtered through pre-rinsed glass fiber syringe filters,10.1016/j.watres.2022.119357,10_1016_j_watres_2022_119357.pdf,"[3711, 3746]"
sample_type,Serum bottles,10.1016/j.watres.2022.119357,10_1016_j_watres_2022_119357.pdf,"[3891, 3904]"
instrument,Shimadzu TOC-L CPH,10.1016/j.watres.2022.119357,10_1016_j_watres_2022_119357.pdf,"[4780, 4798]"
instrument,21 T FT-ICR MS,10.1016/j.watres.2022.119357,10_1016_j_watres_2022_119357.pdf,"[5577, 5591]"
facility,National High Magnetic Field Laboratory (NHMFL),10.1016/j.watres.2022.119357,10_1016_j_watres_2022_119357.pdf,"[5599, 5648]"
sample_type,Surface water samples,10.1016/j.watres.2023.119812,10_1016_j_watres_2023_119812.pdf,"[1496, 1517]"
instrument,UV-3600 spectrophotometer,10.1016/j.watres.2023.119812,10_1016_j_watres_2023_119812.pdf,"[3093, 3118]"
sample_type,DOM samples,10.1016/j.watres.2023.119812,10_1016_j_watres_2023_119812.pdf,"[3241, 3252]"
instrument,MAT-253 isotope ratio mass spectrometer,10.1016/j.watres.2023.119812,10_1016_j_watres_2023_119812.pdf,"[4957, 4999]"
instrument,21-tesla FT-ICR MS,10.1016/j.watres.2023.119812,10_1016_j_watres_2023_119812.pdf,"[6084, 6102]"
ionization_method,negative electrospray ionization,10.1016/j.watres.2023.119812,10_1016_j_watres_2023_119812.pdf,"[6108, 6141]"
sample_type,DOM samples,10.1016/j.watres.2023.119812,10_1016_j_watres_2023_119812.pdf,"[5713, 5724]"
facility,"National High Magnetic Field Laboratory in Tallahassee, Florida, USA",10.1016/j.watres.2023.119812,10_1016_j_watres_2023_119812.pdf,"[6161, 6236]"
software_tools,PetroOrg,10.1016/j.watres.2023.119812,10_1016_j_watres_2023_119812.pdf,"[6519, 6527]"
software_tools,SPSS 19.0,10.1016/j.watres.2023.119812,10_1016_j_watres_2023_119812.pdf,"[8720, 8729]"
software_tools,R 4.2.0,10.1016/j.watres.2023.119812,10_1016_j_watres_2023_119812.pdf,"[8866, 8874]"
software_tools,factoextra package,10.1016/j.watres.2023.119812,10_1016_j_watres_2023_119812.pdf,"[9009, 9019]"
sample_type,surface water samples,10.1016/j.watres.2023.120808,10_1016_j_watres_2023_120808.pdf,"[1089, 1112]"
instrument,Shimadzu TOC-L,10.1016/j.watres.2023.120808,10_1016_j_watres_2023_120808.pdf,"[1799, 1813]"
sample_type,total dissolved carbon (TDC) and dissolved organic carbon (DOC) concentrations,10.1016/j.watres.2023.120808,10_1016_j_watres_2023_120808.pdf,"[1652, 1738]"
instrument,custom-built hybrid linear ion trap FT-ICR MS,10.1016/j.watres.2023.120808,10_1016_j_watres_2023_120808.pdf,"[3939, 3987]"
ionization_method,negative-ion electrospray ionization,10.1016/j.watres.2023.120808,10_1016_j_watres_2023_120808.pdf,"[3895, 3931]"
instrument,UV-3600 spectrophotometer,10.1016/j.watres.2023.120808,10_1016_j_watres_2023_120808.pdf,"[4987, 5012]"
instrument,MAT253 plus,10.1016/j.watres.2023.120808,10_1016_j_watres_2023_120808.pdf,"[5966, 5977]"
sample_type,water sample,10.1016/j.watres.2023.120808,10_1016_j_watres_2023_120808.pdf,"[5719, 5731]"
sample_type,sediments,10.1016/j.watres.2024.122094,10_1016_j_watres_2024_122094.pdf,"[76, 85]"
sample_type,non-halogenated WEOM,10.1016/j.watres.2024.122094,10_1016_j_watres_2024_122094.pdf,"[2749, 2769]"
software_tools,Centrifuge,10.1016/j.watres.2024.122094,10_1016_j_watres_2024_122094.pdf,"[4499, 4509]"
dataset_accession,PRJNA1066388,10.1016/j.watres.2024.122094,10_1016_j_watres_2024_122094.pdf,"[4673, 4685]"
sample_type,media samples,10.1016/j.watres.2024.122130,10_1016_j_watres_2024_122130.pdf,"[5581, 5594]"
sample_type,DNA,10.1016/j.watres.2024.122130,10_1016_j_watres_2024_122130.pdf,"[5682, 5685]"
instrument,custom-built hybrid linear ion trap FT-ICR MS,10.1016/j.watres.2024.122130,10_1016_j_watres_2024_122130.pdf,"[9946, 9991]"
ionization_method,negative-ion electrospray ionization,10.1016/j.watres.2024.122130,10_1016_j_watres_2024_122130.pdf,"[9330, 9366]"
ionization_method,Negative ions,10.1016/j.watres.2024.122130,10_1016_j_watres_2024_122130.pdf,"[11554, 11567]"
software_tools,PetroOrg,10.1016/j.watres.2024.122130,10_1016_j_watres_2024_122130.pdf,"[13499, 13507]"
instrument,21 T FT-ICR MS,10.1016/j.watres.2025.124698,10_1016_j_watres_2025_124698.pdf,"[2542, 2556]"
ionization_method,positive and negative-ion electrospray ionization,10.1016/j.watres.2025.124698,10_1016_j_watres_2025_124698.pdf,"[2492, 2541]"
instrument,"custom-built, hybrid linear ion trap / FT-ICR mass spectrometer",10.1016/j.watres.2025.124698,10_1016_j_watres_2025_124698.pdf,"[2657, 2720]"
ionization_method,in-house micro-ESI source,10.1016/j.watres.2025.124698,10_1016_j_watres_2025_124698.pdf,"[2853, 2878]"
sample_type,Sample extracts,10.1016/j.watres.2025.124698,10_1016_j_watres_2025_124698.pdf,"[2622, 2637]"
instrument,Orbitrap Exploris 120,10.1016/j.watres.2025.124698,10_1016_j_watres_2025_124698.pdf,"[4675, 4696]"
software_tools,Python,10.1016/j.watres.2025.124698,10_1016_j_watres_2025_124698.pdf,"[5452, 5458]"
dataset_accession,k75w3,10.1016/j.watres.2025.124698,10_1016_j_watres_2025_124698.pdf,"[7405, 7410]"
sample_type,water samples,10.1016/j.watres.2025.125251,10_1016_j_watres_2025_125251.pdf,"[3321, 3334]"
instrument,Thermo commercial station,10.1016/j.watres.2025.125251,10_1016_j_watres_2025_125251.pdf,"[5337, 5362]"
ionization_method,FT-ICR MS,10.1016/j.watres.2025.125251,10_1016_j_watres_2025_125251.pdf,"[7246, 7255]"
sample_type,DON formulas,10.1016/j.watres.2025.125251,10_1016_j_watres_2025_125251.pdf,"[13053, 13065]"
ionization_method,electrospray ionization,10.1021/ac0108461,10_1021_ac0108461.pdf,"[1222, 1245]"
ionization_method,negative ion ESI,10.1021/ac0108461,10_1021_ac0108461.pdf,"[1937, 1953]"
instrument,homebuilt 9.4-T FTICR,10.1021/ac0108461,10_1021_ac0108461.pdf,"[3734, 3755]"
ionization_method,Positive-ion ESI,10.1021/ac0108461,10_1021_ac0108461.pdf,"[3348, 3364]"
ionization_method,ESI,10.1021/ac0108461,10_1021_ac0108461.pdf,"[5198, 5201]"
sample_type,a mixture of ATP and PAPS with added sodium triflate,10.1021/ac0108461,10_1021_ac0108461.pdf,"[5225, 5277]"
software_tools,Isopro 3.1,10.1021/ac0108461,10_1021_ac0108461.pdf,"[6102, 6112]"
instrument,a 9.4-T instrument,10.1021/ac053302y,10_1021_ac053302y.pdf,"[3670, 3688]"
ionization_method,ESI FTICR,10.1021/ac053302y,10_1021_ac053302y.pdf,"[3610, 3619]"
ionization_method,ESI,10.1021/ac053302y,10_1021_ac053302y.pdf,"[7493, 7496]"
sample_type,petroleum samples,10.1021/ac053302y,10_1021_ac053302y.pdf,"[7539, 7556]"
ionization_method,"FD/FI, ESI, LD/MALDI",10.1021/ac053302y,10_1021_ac053302y.pdf,"[8380, 8391]"
instrument,9.4-T instrument,10.1021/ac053302y,10_1021_ac053302y.pdf,"[10697, 10713]"
ionization_method,Negative-ion ESI,10.1021/ac053302y,10_1021_ac053302y.pdf,"[10604, 10620]"
sample_type,acidic asphaltenes,10.1021/ac053302y,10_1021_ac053302y.pdf,"[10665, 10683]"
ionization_method,negative-ion ESI,10.1021/ac053302y,10_1021_ac053302y.pdf,"[12459, 12475]"
sample_type,compounds,10.1021/ac053302y,10_1021_ac053302y.pdf,"[13959, 13968]"
instrument,FTICR MS,10.1021/ac053302y,10_1021_ac053302y.pdf,"[15817, 15825]"
ionization_method,negative-ion ESI,10.1021/ac053302y,10_1021_ac053302y.pdf,"[16505, 16521]"
ionization_method,negative-ion ESI,10.1021/ac053302y,10_1021_ac053302y.pdf,"[17162, 17179]"
sample_type,North American crude oil and its associated production deposit,10.1021/ac053302y,10_1021_ac053302y.pdf,"[17056, 17124]"
sample_type,3-D van Krevelen diagrams for crude oils,10.1021/ac053302y,10_1021_ac053302y.pdf,"[18561, 18590]"
ionization_method,ESI FTICR MS,10.1021/ac053302y,10_1021_ac053302y.pdf,"[20021, 20033]"
sample_type,asphalt volcano sample,10.1021/ac502672b,10_1021_ac502672b.pdf,"[68, 90]"
ionization_method,ESI Source,10.1021/ac502672b,10_1021_ac502672b.pdf,"[2578, 2588]"
instrument,9.4 T FT-ICR Mass Spectrometer,10.1021/ac502672b,10_1021_ac502672b.pdf,"[2981, 3011]"
sample_type,Whole Il Duomo extract and chromatographic fractions,10.1021/ac502672b,10_1021_ac502672b.pdf,"[3013, 3065]"
sample_type,proteins,10.1021/acs.analchem.0c01064,10_1021_acs_analchem_0c01064.pdf,"[2398, 2405]"
instrument,custom hybrid dual-cell linear radiofrequency (RF) ion trap 21 T Fourier transform-ion cyclotron resonance mass spectrometer (FT-ICR MS),10.1021/acs.analchem.0c01064,10_1021_acs_analchem_0c01064.pdf,"[2872, 3008]"
ionization_method,atmospheric pressure ionization,10.1021/acs.analchem.0c01064,10_1021_acs_analchem_0c01064.pdf,"[3246, 3277]"
instrument,21 T FT-ICR MS system,10.1021/acs.analchem.0c01064,10_1021_acs_analchem_0c01064.pdf,"[4621, 4642]"
ionization_method,ETD or CID,10.1021/acs.analchem.0c01064,10_1021_acs_analchem_0c01064.pdf,"[4987, 4997]"
instrument,nanoHPLC system (ACQUITY M-Class),10.1021/acs.analchem.0c01064,10_1021_acs_analchem_0c01064.pdf,"[5676, 5708]"
sample_type,Reconstituted protein from GELFrEE fraction 1,10.1021/acs.analchem.0c01064,10_1021_acs_analchem_0c01064.pdf,"[5247, 5292]"
ionization_method,nanoelectrospray ionization,10.1021/acs.analchem.0c01064,10_1021_acs_analchem_0c01064.pdf,"[6251, 6278]"
sample_type,samples,10.1021/acs.analchem.0c01064,10_1021_acs_analchem_0c01064.pdf,"[6218, 6225]"
software_tools,xTract,10.1021/acs.analchem.0c01064,10_1021_acs_analchem_0c01064.pdf,"[7177, 7183]"
ionization_method,direct infusion,10.1021/acs.analchem.0c01064,10_1021_acs_analchem_0c01064.pdf,"[7678, 7693]"
sample_type,carbonic anhydrase II,10.1021/acs.analchem.0c01064,10_1021_acs_analchem_0c01064.pdf,"[7702, 7723]"
sample_type,oil,10.1021/acs.analchem.0c05230,10_1021_acs_analchem_0c05230.pdf,"[1987, 1990]"
ionization_method,negative-ion micro-electrospray,10.1021/acs.analchem.0c05230,10_1021_acs_analchem_0c05230.pdf,"[2948, 2979]"
sample_type,WSO species from microcosm samples,10.1021/acs.analchem.0c05230,10_1021_acs_analchem_0c05230.pdf,"[2764, 2812]"
sample_type,Pierce Intact Protein Standard Mix,10.1021/acs.analchem.1c00847,10_1021_acs_analchem_1c00847.pdf,"[47, 81]"
sample_type,recombinant protein A/G,10.1021/acs.analchem.1c00847,10_1021_acs_analchem_1c00847.pdf,"[86, 109]"
sample_type,Equine myoglobin,10.1021/acs.analchem.1c00847,10_1021_acs_analchem_1c00847.pdf,"[172, 188]"
instrument,21 T FT-ICR MS system,10.1021/acs.analchem.1c00847,10_1021_acs_analchem_1c00847.pdf,"[1794, 1815]"
facility,in-house,10.1021/acs.analchem.1c00847,10_1021_acs_analchem_1c00847.pdf,"[1773, 1781]"
instrument,Velos Pro,10.1021/acs.analchem.1c00847,10_1021_acs_analchem_1c00847.pdf,"[1963, 1972]"
ionization_method,ETD (FETD) reagent ion source,10.1021/acs.analchem.1c00847,10_1021_acs_analchem_1c00847.pdf,"[2103, 2132]"
sample_type,Liquid Chromatography,10.1021/acs.analchem.1c00847,10_1021_acs_analchem_1c00847.pdf,"[3604, 3625]"
sample_type,"intact protein standards, MCF7 cell lysates",10.1021/acs.analchem.1c00847,10_1021_acs_analchem_1c00847.pdf,"[4203, 4228]"
ionization_method,microelectrospray ionization,10.1021/acs.analchem.1c00847,10_1021_acs_analchem_1c00847.pdf,"[4708, 4736]"
sample_type,myoglobin and protein A/G,10.1021/acs.analchem.1c00847,10_1021_acs_analchem_1c00847.pdf,"[5381, 5406]"
instrument,21 T FT-ICR system,10.1021/acs.analchem.1c00847,10_1021_acs_analchem_1c00847.pdf,"[6404, 6422]"
facility,NHMFL,10.1021/acs.analchem.1c00847,10_1021_acs_analchem_1c00847.pdf,"[6426, 6431]"
ionization_method,PTR,10.1021/acs.analchem.1c00847,10_1021_acs_analchem_1c00847.pdf,"[6573, 6576]"
software_tools,ProSight Lite 39,10.1021/acs.analchem.1c00847,10_1021_acs_analchem_1c00847.pdf,"[7597, 7613]"
instrument,custom-designed 21 T FT-ICR MS,10.1021/acs.analchem.1c01169,10_1021_acs_analchem_1c01169.pdf,"[505, 535]"
sample_type,Arabian heavy gas oil distillate and Mackay Canadian bitumen distillate,10.1021/acs.analchem.1c01169,10_1021_acs_analchem_1c01169.pdf,"[288, 374]"
software_tools,Predator data station,10.1021/acs.analchem.1c01169,10_1021_acs_analchem_1c01169.pdf,"[846, 867]"
ionization_method,atmospheric pressure photoionization (APPI),10.1021/acs.analchem.1c01169,10_1021_acs_analchem_1c01169.pdf,"[1200, 1243]"
sample_type,petroleum,10.1021/acs.analchem.1c01169,10_1021_acs_analchem_1c01169.pdf,"[2558, 2567]"
ionization_method,LC-MS,10.1021/acs.analchem.1c01169,10_1021_acs_analchem_1c01169.pdf,"[2871, 2876]"
software_tools,"PetroOrg, in-house developed MATLAB scripts (R2018 v9.4.0.813654)",10.1021/acs.analchem.1c01169,10_1021_acs_analchem_1c01169.pdf,"[2957, 3052]"
instrument,FT-ICR Mass Spectrometer,10.1021/acs.analchem.1c03058,10_1021_acs_analchem_1c03058.pdf,"[204, 215]"
instrument,a 600 MHz/14.1 T solid-state NMR spectrometer,10.1021/acs.analchem.1c03058,10_1021_acs_analchem_1c03058.pdf,"[4660, 4705]"
sample_type,Kentucky bluegrass impregnated with 10 mM AsymPolPOK,10.1021/acs.analchem.1c03058,10_1021_acs_analchem_1c03058.pdf,"[4771, 4823]"
sample_type,biochar,10.1021/acs.analchem.1c03058,10_1021_acs_analchem_1c03058.pdf,"[6725, 6732]"
instrument,FTICR MS,10.1021/acs.analchem.1c03058,10_1021_acs_analchem_1c03058.pdf,"[9093, 9101]"
ionization_method,two ionization modes (not specified),10.1021/acs.analchem.1c03058,10_1021_acs_analchem_1c03058.pdf,"[9069, 9089]"
ionization_method,APPI,10.1021/acs.analchem.1c03058,10_1021_acs_analchem_1c03058.pdf,"[9183, 9187]"
sample_type,nonfunctionalized PAHs in biochar,10.1021/acs.analchem.1c03058,10_1021_acs_analchem_1c03058.pdf,"[9109, 9142]"
instrument,600 MHz/14,10.1021/acs.analchem.1c03058,10_1021_acs_analchem_1c03058.pdf,"[11010, 11020]"
sample_type,Kentucky bluegrass biochar,10.1021/acs.analchem.1c03058,10_1021_acs_analchem_1c03058.pdf,"[10525, 10551]"
instrument,1 T solid-state NMR spectrometer,10.1021/acs.analchem.1c03058,10_1021_acs_analchem_1c03058.pdf,"[11021, 11053]"
sample_type,Kentucky bluegrass biochar sample,10.1021/acs.analchem.1c03058,10_1021_acs_analchem_1c03058.pdf,"[12456, 12489]"
ionization_method,APPI FT-ICR MS,10.1021/acs.analchem.1c03058,10_1021_acs_analchem_1c03058.pdf,"[12624, 12638]"
ionization_method,positive-ion APPI,10.1021/acs.analchem.1c03058,10_1021_acs_analchem_1c03058.pdf,"[12804, 12821]"
sample_type,acetone/cyclohexane fraction of Kentucky bluegrass biochar,10.1021/acs.analchem.1c03058,10_1021_acs_analchem_1c03058.pdf,"[12849, 12907]"
ionization_method,ionization mode,10.1021/acs.analchem.1c03058,10_1021_acs_analchem_1c03058.pdf,"[13980, 13995]"
instrument,FT-ICR MS,10.1021/acs.analchem.1c03058,10_1021_acs_analchem_1c03058.pdf,"[20458, 20467]"
ionization_method,negative-ion ESI,10.1021/acs.analchem.1c03058,10_1021_acs_analchem_1c03058.pdf,"[20145, 20161]"
ionization_method,negative-ion ESI,10.1021/acs.analchem.1c03058,10_1021_acs_analchem_1c03058.pdf,"[21415, 21431]"
sample_type,"unsubstituted N1 species, pyrrolic nitrogen, nonpolar hydrocarbon, O1 species, weakly acidic/neutral nitrogen N 1 , N2, and N3 classes",10.1021/acs.analchem.1c03058,10_1021_acs_analchem_1c03058.pdf,"[21201, 21377]"
ionization_method,negative-ion ESI,10.1021/acs.analchem.1c03058,10_1021_acs_analchem_1c03058.pdf,"[22526, 22542]"
sample_type,biochar-derived samples,10.1021/acs.analchem.1c03058,10_1021_acs_analchem_1c03058.pdf,"[22499, 22522]"
ionization_method,negative-ion electrospray ionization,10.1021/acs.analchem.1c03058,10_1021_acs_analchem_1c03058.pdf,"[23185, 23221]"
ionization_method,negative ESI,10.1021/acs.analchem.1c03058,10_1021_acs_analchem_1c03058.pdf,"[24024, 24036]"
ionization_method,ESI FT-ICR MS,10.1021/acs.analchem.1c03058,10_1021_acs_analchem_1c03058.pdf,"[25463, 25476]"
ionization_method,Negative-Ion ESI,10.1021/acs.analchem.1c03058,10_1021_acs_analchem_1c03058.pdf,"[26767, 26783]"
ionization_method,negative-ion ESI,10.1021/acs.analchem.1c03058,10_1021_acs_analchem_1c03058.pdf,"[27253, 27269]"
instrument,FT-ICR MS,10.1021/acs.analchem.1c03058,10_1021_acs_analchem_1c03058.pdf,"[28755, 28764]"
sample_type,biochar,10.1021/acs.analchem.1c03058,10_1021_acs_analchem_1c03058.pdf,"[28798, 28805]"
ionization_method,negative-ion ESI,10.1021/acs.analchem.1c03058,10_1021_acs_analchem_1c03058.pdf,"[30903, 30919]"
ionization_method,+ESI,10.1021/acs.analchem.1c05018,10_1021_acs_analchem_1c05018.pdf,"[1367, 1371]"
sample_type,Water-soluble organics,10.1021/acs.analchem.1c05018,10_1021_acs_analchem_1c05018.pdf,"[1181, 1203]"
instrument,21 T FT-ICR MS,10.1021/acs.analchem.1c05018,10_1021_acs_analchem_1c05018.pdf,"[2664, 2678]"
ionization_method,microelectrospray source,10.1021/acs.analchem.1c05018,10_1021_acs_analchem_1c05018.pdf,"[2620, 2644]"
software_tools,PetroOrg,10.1021/acs.analchem.1c05018,10_1021_acs_analchem_1c05018.pdf,"[2969, 2977]"
dataset_accession,https://osf.io/758ux/,10.1021/acs.analchem.1c05018,10_1021_acs_analchem_1c05018.pdf,"[3189, 3210]"
instrument,21 T FT-ICR MS,10.1021/acs.analchem.2c02377,10_1021_acs_analchem_2c02377.pdf,"[1631, 1645]"
instrument,FT-ICR mass spectrometer,10.1021/acs.analchem.2c02377,10_1021_acs_analchem_2c02377.pdf,"[4306, 4317]"
ionization_method,negative-ion ESI,10.1021/acs.analchem.2c02377,10_1021_acs_analchem_2c02377.pdf,"[4289, 4305]"
sample_type,Suwannee River Fulvic Acid,10.1021/acs.analchem.2c02377,10_1021_acs_analchem_2c02377.pdf,"[4330, 4356]"
sample_type,Hippocampal cells,10.1021/acs.analchem.3c00393,10_1021_acs_analchem_3c00393.pdf,"[1756, 1773]"
sample_type,"Postnatal day one (P1) Long-Evans, genetically homogeneous, BluGill rat",10.1021/acs.analchem.3c00393,10_1021_acs_analchem_3c00393.pdf,"[1795, 1866]"
instrument,Axio Imager M2 (Zeiss),10.1021/acs.analchem.3c00393,10_1021_acs_analchem_3c00393.pdf,"[4277, 4298]"
sample_type,Brightfield and fluorescent images,10.1021/acs.analchem.3c00393,10_1021_acs_analchem_3c00393.pdf,"[4222, 4256]"
ionization_method,MALDI,10.1021/acs.analchem.3c00393,10_1021_acs_analchem_3c00393.pdf,"[5712, 5717]"
sample_type,Single-cell images,10.1021/acs.analchem.3c00393,10_1021_acs_analchem_3c00393.pdf,"[5673, 5691]"
ionization_method,MALDI MSI,10.1021/acs.analchem.3c00393,10_1021_acs_analchem_3c00393.pdf,"[6680, 6689]"
sample_type,single-cell pixels,10.1021/acs.analchem.3c00393,10_1021_acs_analchem_3c00393.pdf,"[6723, 6741]"
software_tools,Scikit's KNeighborsClassifier,10.1021/acs.analchem.3c00393,10_1021_acs_analchem_3c00393.pdf,"[7494, 7523]"
software_tools,SCANPY,10.1021/acs.analchem.3c00393,10_1021_acs_analchem_3c00393.pdf,"[7601, 7607]"
software_tools,MATLAB 2020b,10.1021/acs.analchem.3c00393,10_1021_acs_analchem_3c00393.pdf,"[7980, 7992]"
instrument,"7 T FTICR mass spectrometer (Bruker Corp., Billerica, MA)",10.1021/acs.analchem.3c00393,10_1021_acs_analchem_3c00393.pdf,"[8631, 8688]"
ionization_method,MALDI/ESI,10.1021/acs.analchem.3c00393,10_1021_acs_analchem_3c00393.pdf,"[8721, 8730]"
software_tools,microMS,10.1021/acs.analchem.3c00393,10_1021_acs_analchem_3c00393.pdf,"[9332, 9339]"
instrument,21 T FTICR,10.1021/acs.analchem.3c00393,10_1021_acs_analchem_3c00393.pdf,"[9486, 9496]"
ionization_method,"MALDI MS imaging experiments, elevated-pressure MALDI ion source",10.1021/acs.analchem.3c00393,10_1021_acs_analchem_3c00393.pdf,"[9864, 9931]"
facility,National High Magnetic Field Laboratory (NHMFL),10.1021/acs.analchem.3c00393,10_1021_acs_analchem_3c00393.pdf,"[9515, 9562]"
ionization_method,MALDI,10.1021/acs.analchem.3c00393,10_1021_acs_analchem_3c00393.pdf,"[10548, 10553]"
sample_type,"The system uses a Q-switched frequency-tripled Nd:YLF laser emitting 349 nm light (Explorer One, Spectra Physics, Mountain View, CA)",10.1021/acs.analchem.3c00393,10_1021_acs_analchem_3c00393.pdf,"[10260, 10392]"
instrument,TG 209,10.1021/acs.analchem.4c01288,10_1021_acs_analchem_4c01288.pdf,"[1494, 1500]"
ionization_method,Atmospheric Pressure Photoionization (APPI),10.1021/acs.analchem.4c01288,10_1021_acs_analchem_4c01288.pdf,"[1135, 1173]"
sample_type,BS,10.1021/acs.analchem.4c01288,10_1021_acs_analchem_4c01288.pdf,"[1216, 1218]"
ionization_method,Direct Infusion ESI( ± ),10.1021/acs.analchem.4c01288,10_1021_acs_analchem_4c01288.pdf,"[3064, 3088]"
sample_type,samples,10.1021/acs.analchem.4c01288,10_1021_acs_analchem_4c01288.pdf,"[3146, 3153]"
instrument,APPI Ion Max source (Thermo-Fisher Scientific),10.1021/acs.analchem.4c01288,10_1021_acs_analchem_4c01288.pdf,"[3754, 3799]"
ionization_method,"APPI(+), APPI",10.1021/acs.analchem.4c01288,10_1021_acs_analchem_4c01288.pdf,"[3619, 3627]"
sample_type,samples,10.1021/acs.analchem.4c01288,10_1021_acs_analchem_4c01288.pdf,"[3628, 3635]"
ionization_method,all ionization techniques,10.1021/acs.analchem.4c01288,10_1021_acs_analchem_4c01288.pdf,"[4903, 4928]"
sample_type,Mass spectra,10.1021/acs.analchem.4c01288,10_1021_acs_analchem_4c01288.pdf,"[4642, 4654]"
instrument,Pegasus GCHRT 4D,10.1021/acs.analchem.4c01288,10_1021_acs_analchem_4c01288.pdf,"[5735, 5751]"
ionization_method,Electron Ionization,10.1021/acs.analchem.4c01288,10_1021_acs_analchem_4c01288.pdf,"[5598, 5617]"
sample_type,APIs (mixed with tetramethylammonium hydroxide),10.1021/acs.analchem.4c01288,10_1021_acs_analchem_4c01288.pdf,"[6027, 6087]"
software_tools,ChromaTOF HRT software (v5.10),10.1021/acs.analchem.4c01288,10_1021_acs_analchem_4c01288.pdf,"[7109, 7138]"
sample_type,plots (Figure S10); zoom-in for HABS at m / z 313 for 21 T direct infusion APPI FT-ICR MS,10.1021/acs.analchem.4c01288,10_1021_acs_analchem_4c01288.pdf,"[8492, 8581]"
instrument,custom-built 21 T FT-ICR mass spectrometer,10.1021/acs.analchem.5c02420,10_1021_acs_analchem_5c02420.pdf,"[1403, 1445]"
ionization_method,positive-ion APPI,10.1021/acs.analchem.5c02420,10_1021_acs_analchem_5c02420.pdf,"[971, 988]"
instrument,21 T FT-ICR mass spectrometer,10.1021/acs.analchem.5c02420,10_1021_acs_analchem_5c02420.pdf,"[2647, 2676]"
sample_type,"petroleum mass difference database, Middle Eastern HVGO sample",10.1021/acs.analchem.5c02420,10_1021_acs_analchem_5c02420.pdf,"[2116, 2201]"
sample_type,monoisotopic formula,10.1021/acs.analchem.5c02420,10_1021_acs_analchem_5c02420.pdf,"[4571, 4591]"
software_tools,"Peak lists (uncalibrated, global calibration, mass difference calibrated, and walking calibrated)",10.1021/acs.analchem.5c02420,10_1021_acs_analchem_5c02420.pdf,"[4696, 4793]"
dataset_accession,10.17605/OSF.IO/D7G3N,10.1021/acs.analchem.5c02420,10_1021_acs_analchem_5c02420.pdf,"[4905, 4926]"
ionization_method,positive and negative ion electrospray ionization (ESI),10.1021/acs.analchem.5c04154,10_1021_acs_analchem_5c04154.pdf,"[2512, 2567]"
ionization_method,ESI,10.1021/acs.analchem.5c04154,10_1021_acs_analchem_5c04154.pdf,"[2936, 2939]"
sample_type,soil,10.1021/acs.analchem.5c04154,10_1021_acs_analchem_5c04154.pdf,"[4282, 4286]"
ionization_method,+APPI and -ESI,10.1021/acs.analchem.5c04154,10_1021_acs_analchem_5c04154.pdf,"[5095, 5109]"
sample_type,soil extracts,10.1021/acs.analchem.5c04154,10_1021_acs_analchem_5c04154.pdf,"[5208, 5221]"
sample_type,WSO extracts,10.1021/acs.analchem.5c04154,10_1021_acs_analchem_5c04154.pdf,"[5284, 5296]"
instrument,custom-built hybrid linear ion trap FT-ICR mass spectrometer,10.1021/acs.analchem.5c04154,10_1021_acs_analchem_5c04154.pdf,"[6303, 6363]"
ionization_method,positive-ion atmospheric pressure photoionization (+APPI),10.1021/acs.analchem.5c04154,10_1021_acs_analchem_5c04154.pdf,"[6174, 6231]"
sample_type,Soil extracts,10.1021/acs.analchem.5c04154,10_1021_acs_analchem_5c04154.pdf,"[6268, 6281]"
sample_type,Mass spectra,10.1021/acs.analchem.5c04154,10_1021_acs_analchem_5c04154.pdf,"[6526, 6538]"
sample_type,"Fulvic and humic acid standards, including Suwannee River isolates",10.1021/acs.analchem.5c05562,10_1021_acs_analchem_5c05562.pdf,"[28, 94]"
sample_type,Water-soluble compounds derived from fossil fuel-based materials,10.1021/acs.analchem.5c05562,10_1021_acs_analchem_5c05562.pdf,"[159, 224]"
sample_type,22 Model compounds with diverse oxygen-containing functional groups,10.1021/acs.analchem.5c05562,10_1021_acs_analchem_5c05562.pdf,"[344, 411]"
instrument,POROS GoPure 50 D resin functionalized with dimethylaminopropyl groups (Thermo Fisher Scientific),10.1021/acs.analchem.5c05562,10_1021_acs_analchem_5c05562.pdf,"[750, 847]"
sample_type,DOM standards and fossil fuel-derived samples,10.1021/acs.analchem.5c05562,10_1021_acs_analchem_5c05562.pdf,"[849, 895]"
instrument,custom-built 21 T FT-ICR MS,10.1021/acs.analchem.5c05562,10_1021_acs_analchem_5c05562.pdf,"[2005, 2032]"
ionization_method,negative-ion heated electrospray ionization (HESI),10.1021/acs.analchem.5c05562,10_1021_acs_analchem_5c05562.pdf,"[2039, 2089]"
sample_type,DOM standards and fossil fuel-derived samples,10.1021/acs.analchem.5c05562,10_1021_acs_analchem_5c05562.pdf,"[1939, 1985]"
instrument,Thermo Fisher Scientific Orbitrap Eclipse TM Tribrid TM MS,10.1021/acs.analchem.5c05562,10_1021_acs_analchem_5c05562.pdf,"[2200, 2258]"
ionization_method,negative-ion heated electrospray ionization (HESI),10.1021/acs.analchem.5c05562,10_1021_acs_analchem_5c05562.pdf,"[2039, 2089]"
sample_type,Model compounds,10.1021/acs.analchem.5c05562,10_1021_acs_analchem_5c05562.pdf,"[2160, 2175]"
software_tools,"Predator, PetroOrg, and PyC2MC",10.1021/acs.analchem.5c05562,10_1021_acs_analchem_5c05562.pdf,"[2577, 2607]"
software_tools,Xcalibur TM,10.1021/acs.analchem.5c05562,10_1021_acs_analchem_5c05562.pdf,"[2627, 2638]"
dataset_accession,OSF.IO/CEV5S,10.1021/acs.analchem.5c05562,10_1021_acs_analchem_5c05562.pdf,"[3435, 3447]"
instrument,21 tesla (T) FTICR mass spectrometer,10.1021/acs.analchem.5c06165,10_1021_acs_analchem_5c06165.pdf,"[2916, 2952]"
facility,National High Magnetic Field Laboratory,10.1021/acs.analchem.5c06165,10_1021_acs_analchem_5c06165.pdf,"[2960, 2999]"
instrument,Orbitrap Eclipse Tribrid,10.1021/acs.analchem.5c06165,10_1021_acs_analchem_5c06165.pdf,"[3025, 3049]"
ionization_method,positive electrospray ionization via direct infusion and high-performance liquid chromatography,10.1021/acs.analchem.5c06165,10_1021_acs_analchem_5c06165.pdf,"[3346, 3441]"
instrument,GC/APCI-MS,10.1021/acs.analchem.6b01652,10_1021_acs_analchem_6b01652.pdf,"[1974, 1984]"
instrument,5973 GC/MS,10.1021/acs.analchem.6b01652,10_1021_acs_analchem_6b01652.pdf,"[3817, 3827]"
instrument,Agilent 1100 HPLC system,10.1021/acs.analchem.7b01461,10_1021_acs_analchem_7b01461.pdf,"[2919, 2943]"
sample_type,peptide standards and protein digests,10.1021/acs.analchem.7b01461,10_1021_acs_analchem_7b01461.pdf,"[2857, 2894]"
instrument,7 T Bruker SolariX,10.1021/acs.analchem.7b01461,10_1021_acs_analchem_7b01461.pdf,"[3640, 3658]"
ionization_method,electrospray ionization (ESI),10.1021/acs.analchem.7b01461,10_1021_acs_analchem_7b01461.pdf,"[4129, 4158]"
software_tools,Bruker Data Analysis 4.0 or Predator Analysis 4.1.8,10.1021/acs.analchem.7b01461,10_1021_acs_analchem_7b01461.pdf,"[4920, 4971]"
ionization_method,Atmospheric Pressure Photoionization (APPI),10.1021/acs.analchem.7b02004,10_1021_acs_analchem_7b02004.pdf,"[457, 500]"
sample_type,underwater asphalt volcano sample,10.1021/acs.analchem.7b02004,10_1021_acs_analchem_7b02004.pdf,"[98, 131]"
ionization_method,APPI,10.1021/acs.analchem.7b02004,10_1021_acs_analchem_7b02004.pdf,"[1163, 1167]"
sample_type,Suwanee River fulvic acid (SRFA),10.1021/acs.analchem.7b04159,10_1021_acs_analchem_7b04159.pdf,"[463, 494]"
sample_type,dissolved organic matter (DOM),10.1021/acs.analchem.7b04159,10_1021_acs_analchem_7b04159.pdf,"[579, 609]"
sample_type,NIST Standard Reference Material 2777 Weathered Gulf of Mexico Oil,10.1021/acs.analchem.7b04159,10_1021_acs_analchem_7b04159.pdf,"[1214, 1280]"
sample_type,An asphalt volcano sample ( Il Duomito ),10.1021/acs.analchem.7b04159,10_1021_acs_analchem_7b04159.pdf,"[1357, 1397]"
sample_type,Canadian bitumen,10.1021/acs.analchem.7b04159,10_1021_acs_analchem_7b04159.pdf,"[1565, 1581]"
ionization_method,Negative-Ion-Mode ESI,10.1021/acs.analchem.7b04159,10_1021_acs_analchem_7b04159.pdf,"[1978, 1999]"
software_tools,PetroOrg,10.1021/acs.analchem.7b04159,10_1021_acs_analchem_7b04159.pdf,"[4875, 4883]"
sample_type,patient plasma sample,10.1021/acs.analchem.8b03294,10_1021_acs_analchem_8b03294.pdf,"[967, 988]"
sample_type,Immunoglobulin Reduction,10.1021/acs.analchem.8b03294,10_1021_acs_analchem_8b03294.pdf,"[1477, 1501]"
ionization_method,nano-LC ESI MS/MS,10.1021/acs.analchem.8b03294,10_1021_acs_analchem_8b03294.pdf,"[1795, 1812]"
instrument,Waters Acquity UPLC M-Class System,10.1021/acs.analchem.8b03294,10_1021_acs_analchem_8b03294.pdf,"[2433, 2467]"
sample_type,Immunoglobulins,10.1021/acs.analchem.8b03294,10_1021_acs_analchem_8b03294.pdf,"[2833, 2848]"
sample_type,AL amyloidosis patient sample 1 subunits,10.1021/acs.analchem.8b03294,10_1021_acs_analchem_8b03294.pdf,"[3284, 3324]"
instrument,21 T FT -ICR mass spectrometer,10.1021/acs.analchem.8b03294,10_1021_acs_analchem_8b03294.pdf,"[3997, 4027]"
ionization_method,electrospray ionization (ESI),10.1021/acs.analchem.8b03294,10_1021_acs_analchem_8b03294.pdf,"[4039, 4068]"
ionization_method,MS/MS,10.1021/acs.analchem.8b03294,10_1021_acs_analchem_8b03294.pdf,"[5980, 5985]"
sample_type,mIgs light chain kappa/ lambda classes,10.1021/acs.analchem.8b03294,10_1021_acs_analchem_8b03294.pdf,"[5920, 5958]"
software_tools,"ProSight Lite, Xtract",10.1021/acs.analchem.8b03294,10_1021_acs_analchem_8b03294.pdf,"[6048, 6061]"
sample_type,assigned amino acids,10.1021/acs.analchem.8b03294,10_1021_acs_analchem_8b03294.pdf,"[6735, 6755]"
software_tools,Xtract parameters,10.1021/acs.analchem.8b03294,10_1021_acs_analchem_8b03294.pdf,"[6880, 6897]"
sample_type,Healthy rat brain,10.1021/acs.analchem.9b04768,10_1021_acs_analchem_9b04768.pdf,"[1119, 1136]"
instrument,hybrid linear ion trap 21 T FT-ICR mass spectrometer,10.1021/acs.analchem.9b04768,10_1021_acs_analchem_9b04768.pdf,"[1974, 2026]"
sample_type,MSI experiments,10.1021/acs.analchem.9b04768,10_1021_acs_analchem_9b04768.pdf,"[1938, 1953]"
facility,National High Magnetic Field Laboratory (NHMFL) at Florida State University,10.1021/acs.analchem.9b04768,10_1021_acs_analchem_9b04768.pdf,"[2034, 2109]"
ionization_method,MALDI,10.1021/acs.analchem.9b04768,10_1021_acs_analchem_9b04768.pdf,"[3468, 3473]"
sample_type,peaks,10.1021/acs.analchem.9b04768,10_1021_acs_analchem_9b04768.pdf,"[6443, 6448]"
sample_type,"The WT and the simpli fi ed knob-intohole protein, which is an in vitro -assembled knob-into-hole IgG4 construct with two identical Fab chains",10.1021/acs.analchem.9b04855,10_1021_acs_analchem_9b04855.pdf,"[96, 238]"
facility,Genentech Inc.,10.1021/acs.analchem.9b04855,10_1021_acs_analchem_9b04855.pdf,"[272, 286]"
instrument,Chip-TOF mass spectrometer,10.1021/acs.analchem.9b04855,10_1021_acs_analchem_9b04855.pdf,"[1053, 1079]"
sample_type,"E. coli-derived knob-into-hole and WTE. coli antibodies, as well as the WT-CHO antibody",10.1021/acs.analchem.9b04855,10_1021_acs_analchem_9b04855.pdf,"[1155, 1243]"
sample_type,"WTE. coli, and the knob-into-holeE. coli IgG4 molecules",10.1021/acs.analchem.9b04855,10_1021_acs_analchem_9b04855.pdf,"[2080, 2136]"
instrument,Orbitrap Elite,10.1021/acs.analchem.9b04855,10_1021_acs_analchem_9b04855.pdf,"[3075, 3089]"
sample_type,H/D exchange MS experiments,10.1021/acs.analchem.9b04855,10_1021_acs_analchem_9b04855.pdf,"[2947, 2974]"
instrument,custom-built 21 T hybrid ion-trap FTICR mass spectrometer,10.1021/acs.analchem.9b04954,10_1021_acs_analchem_9b04954.pdf,"[78, 135]"
software_tools,Predator,10.1021/acs.analchem.9b04954,10_1021_acs_analchem_9b04954.pdf,"[744, 752]"
sample_type,Bitumen,10.1021/acs.analchem.9b04954,10_1021_acs_analchem_9b04954.pdf,"[1839, 1846]"
ionization_method,nanoelectrospray ionization,10.1021/acs.analchem.9b04954,10_1021_acs_analchem_9b04954.pdf,"[4052, 4079]"
sample_type,proteins,10.1021/acs.analchem.9b04954,10_1021_acs_analchem_9b04954.pdf,"[4018, 4026]"
software_tools,THRASH algorithm,10.1021/acs.analchem.9b04954,10_1021_acs_analchem_9b04954.pdf,"[4762, 4778]"
software_tools,"ProSight Lite (v1.4, build 1.4.6)",10.1021/acs.analchem.9b04954,10_1021_acs_analchem_9b04954.pdf,"[4928, 4960]"
sample_type,Cells,10.1021/acs.biochem.8b00022,10_1021_acs_biochem_8b00022.pdf,"[1696, 1701]"
instrument,KinTek RQF-3 Rapid Quench-Flow,10.1021/acs.biochem.8b00022,10_1021_acs_biochem_8b00022.pdf,"[4645, 4675]"
sample_type,experiments were performed in triplicate with a calibrated KinTek RQF-3 Rapid Quench-Flow Instrument maintained at 25 ° C by a circulating water bath.,10.1021/acs.biochem.8b00022,10_1021_acs_biochem_8b00022.pdf,"[4586, 4736]"
sample_type,G6PDH,10.1021/acs.biochem.8b00022,10_1021_acs_biochem_8b00022.pdf,"[5747, 5752]"
instrument,21 T Fourier transform ion cyclotron resonance mass spectrometer (FT-ICR MS),10.1021/acs.biochem.8b00022,10_1021_acs_biochem_8b00022.pdf,"[7197, 7273]"
ionization_method,positive electrospray ionization,10.1021/acs.biochem.8b00022,10_1021_acs_biochem_8b00022.pdf,"[7164, 7196]"
sample_type,protein,10.1021/acs.biochem.8b00733,10_1021_acs_biochem_8b00733.pdf,"[28, 35]"
sample_type,monomeric and dimeric species,10.1021/acs.biochem.8b00733,10_1021_acs_biochem_8b00733.pdf,"[2889, 2918]"
instrument,Ä KTA Puri fi er high-performance liquid chromatography (HPLC) instrument,10.1021/acs.biochem.8b00733,10_1021_acs_biochem_8b00733.pdf,"[3054, 3125]"
instrument,AVIV 202SF circular dichroism spectrometer,10.1021/acs.biochem.8b00733,10_1021_acs_biochem_8b00733.pdf,"[4375, 4417]"
software_tools,"CDS 3.02A software made by AVIV Biomedical, Inc.",10.1021/acs.biochem.8b00733,10_1021_acs_biochem_8b00733.pdf,"[4423, 4471]"
instrument,Photon Technology International (PTI) fluorescence spectrometer,10.1021/acs.biochem.8b00733,10_1021_acs_biochem_8b00733.pdf,"[4968, 5032]"
sample_type,intrinsic tryptophan fl uorescence emission for each of the NCAD1 stocks,10.1021/acs.biochem.8b00733,10_1021_acs_biochem_8b00733.pdf,"[4870, 4942]"
software_tools,Felix 3.2,10.1021/acs.biochem.8b00733,10_1021_acs_biochem_8b00733.pdf,"[5070, 5079]"
sample_type,heat-treated NCAD1 monomer stock,10.1021/acs.biochem.8b00733,10_1021_acs_biochem_8b00733.pdf,"[5675, 5707]"
software_tools,IGOR Pro,10.1021/acs.biochem.8b00733,10_1021_acs_biochem_8b00733.pdf,"[6240, 6248]"
software_tools,Microsoft Excel,10.1021/acs.biochem.8b00733,10_1021_acs_biochem_8b00733.pdf,"[6308, 6323]"
sample_type,second-order assembly data,10.1021/acs.biochem.8b00733,10_1021_acs_biochem_8b00733.pdf,"[6360, 6386]"
ionization_method,hydrogen/deuterium-exchange,10.1021/acs.biochem.8b00733,10_1021_acs_biochem_8b00733.pdf,"[9049, 9076]"
sample_type,NCAD1,10.1021/acs.biochem.8b00733,10_1021_acs_biochem_8b00733.pdf,"[8908, 8913]"
facility,"National High Magnetic Field Laboratory in Tallahassee, FL",10.1021/acs.biochem.8b00733,10_1021_acs_biochem_8b00733.pdf,"[8954, 9012]"
instrument,custom-built Velos Pro,10.1021/acs.biochem.8b00733,10_1021_acs_biochem_8b00733.pdf,"[10051, 10073]"
ionization_method,electrospray ionization,10.1021/acs.biochem.8b00733,10_1021_acs_biochem_8b00733.pdf,"[9946, 9969]"
instrument,5 T Fourier transform ion cyclotron resonance mass spectrometer,10.1021/acs.biochem.8b00733,10_1021_acs_biochem_8b00733.pdf,"[10077, 10122]"
instrument,Storm 820,10.1021/acs.biochem.8b00766,10_1021_acs_biochem_8b00766.pdf,"[2046, 2055]"
sample_type,DNA,10.1021/acs.biochem.8b00766,10_1021_acs_biochem_8b00766.pdf,"[2270, 2273]"
sample_type,Sso MCM variants,10.1021/acs.biochem.8b00766,10_1021_acs_biochem_8b00766.pdf,"[4734, 4750]"
instrument,14.5 T FT-ICR MS,10.1021/acs.biochem.8b00766,10_1021_acs_biochem_8b00766.pdf,"[6854, 6870]"
ionization_method,electrospray ionization,10.1021/acs.biochem.8b00766,10_1021_acs_biochem_8b00766.pdf,"[6792, 6815]"
sample_type,Sso MCM WT or Y519A,10.1021/acs.biochem.8b00766,10_1021_acs_biochem_8b00766.pdf,"[6601, 6620]"
software_tools,Predator software package,10.1021/acs.biochem.8b00766,10_1021_acs_biochem_8b00766.pdf,"[6975, 7000]"
sample_type,peptides,10.1021/acs.biochem.8b00766,10_1021_acs_biochem_8b00766.pdf,"[7481, 7488]"
instrument,Storm 820,10.1021/acs.biochem.8b00766,10_1021_acs_biochem_8b00766.pdf,"[8694, 8703]"
sample_type,Reaction mixtures,10.1021/acs.biochem.8b00766,10_1021_acs_biochem_8b00766.pdf,"[8526, 8543]"
instrument,AKTA purifier liquid chromatography system,10.1021/acs.energyfuels.0c01522,10_1021_acs_energyfuels_0c01522.pdf,"[61, 103]"
instrument,9.4 T FT-ICR mass spectrometer,10.1021/acs.energyfuels.0c01522,10_1021_acs_energyfuels_0c01522.pdf,"[1079, 1109]"
ionization_method,positive APPI,10.1021/acs.energyfuels.0c01522,10_1021_acs_energyfuels_0c01522.pdf,"[1146, 1159]"
sample_type,Puri fi ed Asphaltenes,10.1021/acs.energyfuels.0c01522,10_1021_acs_energyfuels_0c01522.pdf,"[1900, 1922]"
software_tools,"Predator Analysis, PetroOrg",10.1021/acs.energyfuels.0c01522,10_1021_acs_energyfuels_0c01522.pdf,"[1808, 1838]"
sample_type,asphaltenes,10.1021/acs.energyfuels.0c01522,10_1021_acs_energyfuels_0c01522.pdf,"[1924, 1935]"
instrument,Fourier transform ion cyclotron resonance mass spectrometer,10.1021/acs.energyfuels.0c01564,10_1021_acs_energyfuels_0c01564.pdf,"[1847, 1893]"
sample_type,asphaltenes,10.1021/acs.energyfuels.0c01564,10_1021_acs_energyfuels_0c01564.pdf,"[1090, 1101]"
sample_type,molecules in these models,10.1021/acs.energyfuels.0c01564,10_1021_acs_energyfuels_0c01564.pdf,"[12997, 13022]"
sample_type,asphaltenes,10.1021/acs.energyfuels.0c01564,10_1021_acs_energyfuels_0c01564.pdf,"[13722, 13733]"
instrument,FT-ICR MS,10.1021/acs.energyfuels.0c01564,10_1021_acs_energyfuels_0c01564.pdf,"[15127, 15136]"
sample_type,asphaltenes,10.1021/acs.energyfuels.0c01564,10_1021_acs_energyfuels_0c01564.pdf,"[15194, 15205]"
ionization_method,collision-induced dissociation (CID),10.1021/acs.energyfuels.0c01564,10_1021_acs_energyfuels_0c01564.pdf,"[15989, 16025]"
ionization_method,infrared multiphoton dissociation (IRMPD),10.1021/acs.energyfuels.0c01564,10_1021_acs_energyfuels_0c01564.pdf,"[16030, 16071]"
instrument,FT-ICR MS,10.1021/acs.energyfuels.0c01564,10_1021_acs_energyfuels_0c01564.pdf,"[16086, 16095]"
sample_type,asphaltenes,10.1021/acs.energyfuels.0c01564,10_1021_acs_energyfuels_0c01564.pdf,"[19213, 19224]"
sample_type,petroleum fractions,10.1021/acs.energyfuels.0c01564,10_1021_acs_energyfuels_0c01564.pdf,"[23825, 23844]"
sample_type,PAHs expected in petroleum,10.1021/acs.energyfuels.0c01564,10_1021_acs_energyfuels_0c01564.pdf,"[28695, 28721]"
instrument,FT-ICR MS,10.1021/acs.energyfuels.0c01564,10_1021_acs_energyfuels_0c01564.pdf,"[30697, 30706]"
ionization_method,cold-spray ionization,10.1021/acs.energyfuels.0c01564,10_1021_acs_energyfuels_0c01564.pdf,"[39873, 39894]"
sample_type,asphaltene fraction,10.1021/acs.energyfuels.0c01564,10_1021_acs_energyfuels_0c01564.pdf,"[42932, 42951]"
sample_type,asphaltene molecules,10.1021/acs.energyfuels.0c01564,10_1021_acs_energyfuels_0c01564.pdf,"[43874, 43894]"
sample_type,petroleum,10.1021/acs.energyfuels.0c01564,10_1021_acs_energyfuels_0c01564.pdf,"[51187, 51196]"
sample_type,asphaltene molecular structures,10.1021/acs.energyfuels.0c01564,10_1021_acs_energyfuels_0c01564.pdf,"[53036, 53067]"
sample_type,asphaltenes,10.1021/acs.energyfuels.0c01564,10_1021_acs_energyfuels_0c01564.pdf,"[57381, 57392]"
sample_type,Composition of heavy petroleums,10.1021/acs.energyfuels.0c01564,10_1021_acs_energyfuels_0c01564.pdf,"[61059, 61090]"
instrument,21 T FT-ICR Mass Spectrometer,10.1021/acs.energyfuels.0c01564,10_1021_acs_energyfuels_0c01564.pdf,"[63696, 63725]"
sample_type,Complex Organic Mixtures,10.1021/acs.energyfuels.0c01564,10_1021_acs_energyfuels_0c01564.pdf,"[63762, 63786]"
instrument,FT-ICR Mass Spectrometry,10.1021/acs.energyfuels.0c01564,10_1021_acs_energyfuels_0c01564.pdf,"[64393, 64417]"
sample_type,Petroleum from Light Distillates to Asphaltenes,10.1021/acs.energyfuels.0c01564,10_1021_acs_energyfuels_0c01564.pdf,"[64296, 64343]"
sample_type,Heavy Petroleum Composition,10.1021/acs.energyfuels.0c01564,10_1021_acs_energyfuels_0c01564.pdf,"[65928, 65955]"
instrument,Ultrahigh-Resolution FT-ICR Mass Spectrometer,10.1021/acs.energyfuels.0c01564,10_1021_acs_energyfuels_0c01564.pdf,"[66218, 66250]"
sample_type,heavy petroleum systems,10.1021/acs.energyfuels.0c01564,10_1021_acs_energyfuels_0c01564.pdf,"[69071, 69094]"
sample_type,asphaltene aggregates,10.1021/acs.energyfuels.0c01564,10_1021_acs_energyfuels_0c01564.pdf,"[71302, 71323]"
sample_type,asphaltenes and related substances,10.1021/acs.energyfuels.0c01564,10_1021_acs_energyfuels_0c01564.pdf,"[73493, 73515]"
instrument,electron spin resonance,10.1021/acs.energyfuels.0c01564,10_1021_acs_energyfuels_0c01564.pdf,"[73519, 73542]"
ionization_method,atmospheric pressure photoionization,10.1021/acs.energyfuels.0c01564,10_1021_acs_energyfuels_0c01564.pdf,"[78782, 78818]"
sample_type,asphaltenes,10.1021/acs.energyfuels.0c01564,10_1021_acs_energyfuels_0c01564.pdf,"[79106, 79117]"
sample_type,Condensed Aromatic Systems,10.1021/acs.energyfuels.0c01564,10_1021_acs_energyfuels_0c01564.pdf,"[80675, 80701]"
sample_type,Oligoacenes,10.1021/acs.energyfuels.0c01564,10_1021_acs_energyfuels_0c01564.pdf,"[80827, 80838]"
sample_type,Polyacene and Cyclacene,10.1021/acs.energyfuels.0c01564,10_1021_acs_energyfuels_0c01564.pdf,"[80998, 81021]"
sample_type,"Pentacene, Hexacene, and Heptacene",10.1021/acs.energyfuels.0c01564,10_1021_acs_energyfuels_0c01564.pdf,"[81353, 81387]"
sample_type,crude oils and their derivatives,10.1021/acs.energyfuels.0c01564,10_1021_acs_energyfuels_0c01564.pdf,"[85005, 85037]"
instrument,Alliance e2695 separation module,10.1021/acs.energyfuels.0c02158,10_1021_acs_energyfuels_0c02158.pdf,"[121, 153]"
software_tools,EMPOWER3,10.1021/acs.energyfuels.0c02158,10_1021_acs_energyfuels_0c02158.pdf,"[300, 308]"
instrument,Thermo Scienti fi c Element XRsector fi eld ICP-HRMS,10.1021/acs.energyfuels.0c02158,10_1021_acs_energyfuels_0c02158.pdf,"[1110, 1162]"
instrument,custom-built hybrid dual ion-trap 21 T FT-ICR mass spectrometer,10.1021/acs.energyfuels.0c02158,10_1021_acs_energyfuels_0c02158.pdf,"[1981, 2044]"
software_tools,"Predator Analysis, PetroOrg",10.1021/acs.energyfuels.0c02158,10_1021_acs_energyfuels_0c02158.pdf,"[2806, 2823]"
sample_type,Puri fi ed Asphaltenes,10.1021/acs.energyfuels.0c02158,10_1021_acs_energyfuels_0c02158.pdf,"[3248, 3270]"
sample_type,Athabasca Bitumen,10.1021/acs.energyfuels.0c02158,10_1021_acs_energyfuels_0c02158.pdf,"[3922, 3939]"
instrument,9.4 T FT-ICR mass spectrometer,10.1021/acs.energyfuels.0c02437,10_1021_acs_energyfuels_0c02437.pdf,"[2906, 2936]"
ionization_method,positive-ion (+) atmospheric pressure photoionization (APPI),10.1021/acs.energyfuels.0c02437,10_1021_acs_energyfuels_0c02437.pdf,"[2806, 2866]"
sample_type,All samples,10.1021/acs.energyfuels.0c02437,10_1021_acs_energyfuels_0c02437.pdf,"[2691, 2702]"
instrument,MALDI,10.1021/acs.energyfuels.0c02525,10_1021_acs_energyfuels_0c02525.pdf,"[733, 738]"
sample_type,Asphaltene 2017 (from a Middle Eastern crude oil; vanadium content: 640 ppm) and its extrography fractions,10.1021/acs.energyfuels.0c02525,10_1021_acs_energyfuels_0c02525.pdf,"[58, 134]"
sample_type,Peak area data,10.1021/acs.energyfuels.0c02525,10_1021_acs_energyfuels_0c02525.pdf,"[2430, 2444]"
instrument,LA-ICP-MS,10.1021/acs.energyfuels.0c02525,10_1021_acs_energyfuels_0c02525.pdf,"[2990, 2999]"
ionization_method,ESI,10.1021/acs.energyfuels.0c02525,10_1021_acs_energyfuels_0c02525.pdf,"[3667, 3670]"
sample_type,HPTLC plates,10.1021/acs.energyfuels.0c02525,10_1021_acs_energyfuels_0c02525.pdf,"[3577, 3589]"
instrument,Agilent 7700 Series ICP MS,10.1021/acs.energyfuels.0c02525,10_1021_acs_energyfuels_0c02525.pdf,"[3879, 3905]"
instrument,"hybrid quadrupole FT-ICR instrument (SolariXR, Bruker Daltonics)",10.1021/acs.energyfuels.0c02525,10_1021_acs_energyfuels_0c02525.pdf,"[6297, 6360]"
ionization_method,LDI/MALDI,10.1021/acs.energyfuels.0c02525,10_1021_acs_energyfuels_0c02525.pdf,"[6444, 6453]"
software_tools,DataAnalysis (ver. 4.4),10.1021/acs.energyfuels.0c02525,10_1021_acs_energyfuels_0c02525.pdf,"[6828, 6851]"
software_tools,OriginPro (ver. 2016),10.1021/acs.energyfuels.0c02525,10_1021_acs_energyfuels_0c02525.pdf,"[6853, 6874]"
sample_type,asphaltenes,10.1021/acs.energyfuels.0c02654,10_1021_acs_energyfuels_0c02654.pdf,"[966, 977]"
instrument,custom-built 9.4 T FT-ICR mass spectrometer,10.1021/acs.energyfuels.0c02654,10_1021_acs_energyfuels_0c02654.pdf,"[4510, 4553]"
ionization_method,positive-ion (+) atmospheric pressure photoionization (APPI),10.1021/acs.energyfuels.0c02654,10_1021_acs_energyfuels_0c02654.pdf,"[4433, 4493]"
sample_type,"native asphaltenes, native/oxidized maltenes, PPA samples, extrography fractions",10.1021/acs.energyfuels.0c02654,10_1021_acs_energyfuels_0c02654.pdf,"[4198, 4286]"
instrument,Ion Max APPI source (Thermo Fisher Scienti fi c),10.1021/acs.energyfuels.0c02654,10_1021_acs_energyfuels_0c02654.pdf,"[4610, 4658]"
ionization_method,APPI,10.1021/acs.energyfuels.0c02654,10_1021_acs_energyfuels_0c02654.pdf,"[4618, 4622]"
software_tools,"Predator, PetroOrg Software",10.1021/acs.energyfuels.0c02654,10_1021_acs_energyfuels_0c02654.pdf,"[5218, 5248]"
ionization_method,IRMPD,10.1021/acs.energyfuels.0c02654,10_1021_acs_energyfuels_0c02654.pdf,"[5557, 5562]"
sample_type,Asphaltene samples,10.1021/acs.energyfuels.0c02687,10_1021_acs_energyfuels_0c02687.pdf,"[68, 86]"
instrument,high-resolution ICP mass spectrometer (Thermo),10.1021/acs.energyfuels.0c02687,10_1021_acs_energyfuels_0c02687.pdf,"[3153, 3198]"
instrument,MultiMode VIII (BRUKER),10.1021/acs.energyfuels.0c02687,10_1021_acs_energyfuels_0c02687.pdf,"[6658, 6681]"
software_tools,Nanoscope ver. 8.15,10.1021/acs.energyfuels.0c02687,10_1021_acs_energyfuels_0c02687.pdf,"[6699, 6718]"
sample_type,asphaltenes,10.1021/acs.energyfuels.0c02752,10_1021_acs_energyfuels_0c02752.pdf,"[886, 897]"
instrument,FT-ICR MS,10.1021/acs.energyfuels.0c02752,10_1021_acs_energyfuels_0c02752.pdf,"[3486, 3495]"
ionization_method,Positive-Ion Atmospheric Pressure Photoionization (APPI(+)),10.1021/acs.energyfuels.0c02752,10_1021_acs_energyfuels_0c02752.pdf,"[3695, 3744]"
instrument,Thermo-Fisher Ion Max APPI source,10.1021/acs.energyfuels.0c02752,10_1021_acs_energyfuels_0c02752.pdf,"[4002, 4035]"
sample_type,asphaltene samples,10.1021/acs.energyfuels.0c02752,10_1021_acs_energyfuels_0c02752.pdf,"[4387, 4397]"
sample_type,IAA sample,10.1021/acs.energyfuels.0c02752,10_1021_acs_energyfuels_0c02752.pdf,"[4736, 4746]"
software_tools,PetroOrg N-18.3,10.1021/acs.energyfuels.0c02752,10_1021_acs_energyfuels_0c02752.pdf,"[5876, 5891]"
sample_type,ions,10.1021/acs.energyfuels.0c02752,10_1021_acs_energyfuels_0c02752.pdf,"[6775, 6779]"
instrument,custom built 9.4 Tesla FT-ICR MS,10.1021/acs.energyfuels.0c02869,10_1021_acs_energyfuels_0c02869.pdf,"[3149, 3181]"
ionization_method,(+) ESI,10.1021/acs.energyfuels.0c02869,10_1021_acs_energyfuels_0c02869.pdf,"[3901, 3908]"
sample_type,oil samples,10.1021/acs.energyfuels.0c02869,10_1021_acs_energyfuels_0c02869.pdf,"[3775, 3786]"
software_tools,Predator and PetroOrg,10.1021/acs.energyfuels.0c02869,10_1021_acs_energyfuels_0c02869.pdf,"[4190, 4211]"
instrument,ICP MS (Thermo Scienti fi c Element XR),10.1021/acs.energyfuels.0c03349,10_1021_acs_energyfuels_0c03349.pdf,"[2359, 2398]"
ionization_method,APPI,10.1021/acs.energyfuels.0c03349,10_1021_acs_energyfuels_0c03349.pdf,"[4534, 4538]"
instrument,custom-built 21 T FT-ICR mass spectrometer,10.1021/acs.energyfuels.0c03349,10_1021_acs_energyfuels_0c03349.pdf,"[5424, 5466]"
sample_type,asphaltene samples,10.1021/acs.energyfuels.0c03349,10_1021_acs_energyfuels_0c03349.pdf,"[4867, 4885]"
software_tools,Empower 3 Chromatography Data Software,10.1021/acs.energyfuels.0c03349,10_1021_acs_energyfuels_0c03349.pdf,"[4816, 4854]"
instrument,Velos Pro linear ion trap,10.1021/acs.energyfuels.0c03349,10_1021_acs_energyfuels_0c03349.pdf,"[5539, 5564]"
facility,"Thermo Scienti fi c, San Jose, CA",10.1021/acs.energyfuels.0c03349,10_1021_acs_energyfuels_0c03349.pdf,"[5566, 5599]"
software_tools,"8,76 Predator data station",10.1021/acs.energyfuels.0c03349,10_1021_acs_energyfuels_0c03349.pdf,"[5708, 5734]"
software_tools,Predator Software,10.1021/acs.energyfuels.0c03349,10_1021_acs_energyfuels_0c03349.pdf,"[6771, 6788]"
software_tools,PetroOrg Software,10.1021/acs.energyfuels.0c03349,10_1021_acs_energyfuels_0c03349.pdf,"[6906, 6923]"
ionization_method,Atmospheric Pressure Chemical Ionization,10.1021/acs.energyfuels.0c03751,10_1021_acs_energyfuels_0c03751.pdf,"[1762, 1802]"
sample_type,asphaltenes,10.1021/acs.energyfuels.0c03751,10_1021_acs_energyfuels_0c03751.pdf,"[1158, 1169]"
ionization_method,APCI,10.1021/acs.energyfuels.0c03751,10_1021_acs_energyfuels_0c03751.pdf,"[1961, 1965]"
sample_type,Asphaltene samples,10.1021/acs.energyfuels.0c03751,10_1021_acs_energyfuels_0c03751.pdf,"[1884, 1902]"
instrument,Model 4572 stainless-steel batch reactor,10.1021/acs.energyfuels.1c01336,10_1021_acs_energyfuels_1c01336.pdf,"[660, 700]"
sample_type,Feedstock (500 g) containing 5 wt % algae solids in crude glycerol,10.1021/acs.energyfuels.1c01336,10_1021_acs_energyfuels_1c01336.pdf,"[771, 837]"
instrument,Series II 2400 elemental analyzer,10.1021/acs.energyfuels.1c01336,10_1021_acs_energyfuels_1c01336.pdf,"[3398, 3431]"
sample_type,algal feedstocks and HTL products,10.1021/acs.energyfuels.1c01336,10_1021_acs_energyfuels_1c01336.pdf,"[3342, 3375]"
instrument,Spectrum Two FT-IR spectrophotometer,10.1021/acs.energyfuels.1c01336,10_1021_acs_energyfuels_1c01336.pdf,"[4201, 4237]"
sample_type,biocrude oil,10.1021/acs.energyfuels.1c01336,10_1021_acs_energyfuels_1c01336.pdf,"[3773, 3785]"
sample_type,upgraded oil,10.1021/acs.energyfuels.1c01336,10_1021_acs_energyfuels_1c01336.pdf,"[3738, 3750]"
instrument,custom-built 9.4 T Fourier transform ion cyclotron mass spectrometer (FT-ICR MS),10.1021/acs.energyfuels.1c01336,10_1021_acs_energyfuels_1c01336.pdf,"[4699, 4779]"
ionization_method,"positive-ion electrospray ionization (ESI), atmospheric pressure photoionization (APPI)",10.1021/acs.energyfuels.1c01336,10_1021_acs_energyfuels_1c01336.pdf,"[4866, 4953]"
sample_type,biocrude oil,10.1021/acs.energyfuels.1c01336,10_1021_acs_energyfuels_1c01336.pdf,"[6595, 6607]"
sample_type,cyclohexane,10.1021/acs.energyfuels.1c01336,10_1021_acs_energyfuels_1c01336.pdf,"[6610, 6621]"
sample_type,upgraded oil,10.1021/acs.energyfuels.1c01336,10_1021_acs_energyfuels_1c01336.pdf,"[6796, 6808]"
sample_type,H-beta,10.1021/acs.energyfuels.1c01336,10_1021_acs_energyfuels_1c01336.pdf,"[6827, 6833]"
sample_type,Raney Ni,10.1021/acs.energyfuels.1c01336,10_1021_acs_energyfuels_1c01336.pdf,"[7028, 7036]"
sample_type,Pt/C,10.1021/acs.energyfuels.1c01336,10_1021_acs_energyfuels_1c01336.pdf,"[7229, 7233]"
sample_type,ethyl acetate,10.1021/acs.energyfuels.1c01336,10_1021_acs_energyfuels_1c01336.pdf,"[7414, 7427]"
sample_type,upgraded oil,10.1021/acs.energyfuels.1c01336,10_1021_acs_energyfuels_1c01336.pdf,"[7600, 7612]"
ionization_method,positive-ion APPI,10.1021/acs.energyfuels.1c01336,10_1021_acs_energyfuels_1c01336.pdf,"[9150, 9167]"
sample_type,hydrocarbon (HC) class,10.1021/acs.energyfuels.1c01336,10_1021_acs_energyfuels_1c01336.pdf,"[9111, 9133]"
sample_type,asphaltenes,10.1021/acs.energyfuels.1c01837,10_1021_acs_energyfuels_1c01837.pdf,"[983, 994]"
sample_type,asphaltenes,10.1021/acs.energyfuels.1c01837,10_1021_acs_energyfuels_1c01837.pdf,"[1881, 1892]"
ionization_method,atmospheric pressure photoionization,10.1021/acs.energyfuels.1c01837,10_1021_acs_energyfuels_1c01837.pdf,"[3201, 3237]"
sample_type,C7-asphaltenes,10.1021/acs.energyfuels.1c01837,10_1021_acs_energyfuels_1c01837.pdf,"[6090, 6104]"
ionization_method,noncontact atomic force microscopy (nc-AFM),10.1021/acs.energyfuels.1c01837,10_1021_acs_energyfuels_1c01837.pdf,"[8121, 8164]"
ionization_method,IRMPD,10.1021/acs.energyfuels.1c01837,10_1021_acs_energyfuels_1c01837.pdf,"[8874, 8879]"
sample_type,asphaltenes,10.1021/acs.energyfuels.1c01837,10_1021_acs_energyfuels_1c01837.pdf,"[9070, 9081]"
sample_type,nanoaggregates of asphaltenes in solution,10.1021/acs.energyfuels.1c01837,10_1021_acs_energyfuels_1c01837.pdf,"[10809, 10850]"
sample_type,asphaltenes,10.1021/acs.energyfuels.1c01837,10_1021_acs_energyfuels_1c01837.pdf,"[14806, 14817]"
sample_type,oils,10.1021/acs.energyfuels.1c01837,10_1021_acs_energyfuels_1c01837.pdf,"[19344, 19348]"
instrument,CEOS,10.1021/acs.energyfuels.1c01837,10_1021_acs_energyfuels_1c01837.pdf,"[19375, 19379]"
instrument,PC-SAFT,10.1021/acs.energyfuels.1c01837,10_1021_acs_energyfuels_1c01837.pdf,"[19542, 19549]"
instrument,PC-SAFT,10.1021/acs.energyfuels.1c01837,10_1021_acs_energyfuels_1c01837.pdf,"[19709, 19716]"
instrument,CPA,10.1021/acs.energyfuels.1c01837,10_1021_acs_energyfuels_1c01837.pdf,"[19876, 19879]"
sample_type,asphaltene-rich phase,10.1021/acs.energyfuels.1c01837,10_1021_acs_energyfuels_1c01837.pdf,"[21476, 21497]"
sample_type,asphaltenes,10.1021/acs.energyfuels.1c01837,10_1021_acs_energyfuels_1c01837.pdf,"[22736, 22747]"
sample_type,asphaltene aggregates,10.1021/acs.energyfuels.1c01837,10_1021_acs_energyfuels_1c01837.pdf,"[26354, 26375]"
sample_type,component molecules,10.1021/acs.energyfuels.1c01837,10_1021_acs_energyfuels_1c01837.pdf,"[26924, 26943]"
sample_type,asphaltene solutions,10.1021/acs.energyfuels.1c01837,10_1021_acs_energyfuels_1c01837.pdf,"[31299, 31319]"
sample_type,asphaltene samples,10.1021/acs.energyfuels.1c01837,10_1021_acs_energyfuels_1c01837.pdf,"[32806, 32824]"
instrument,FTICR MS,10.1021/acs.energyfuels.1c01837,10_1021_acs_energyfuels_1c01837.pdf,"[35866, 35874]"
sample_type,asphaltenes,10.1021/acs.energyfuels.1c01837,10_1021_acs_energyfuels_1c01837.pdf,"[35878, 35889]"
sample_type,asphaltene-rich phase,10.1021/acs.energyfuels.1c01837,10_1021_acs_energyfuels_1c01837.pdf,"[37543, 37564]"
sample_type,mixture,10.1021/acs.energyfuels.1c01837,10_1021_acs_energyfuels_1c01837.pdf,"[38397, 38404]"
ionization_method,+ESI,10.1021/acs.energyfuels.1c01837,10_1021_acs_energyfuels_1c01837.pdf,"[40993, 40997]"
sample_type,Middle Eastern heavy crude oil,10.1021/acs.energyfuels.1c01837,10_1021_acs_energyfuels_1c01837.pdf,"[40904, 40934]"
sample_type,asphaltene mixture,10.1021/acs.energyfuels.1c01837,10_1021_acs_energyfuels_1c01837.pdf,"[43352, 43370]"
sample_type,asphaltene aggregates,10.1021/acs.energyfuels.1c01837,10_1021_acs_energyfuels_1c01837.pdf,"[44023, 44044]"
sample_type,asphaltenes,10.1021/acs.energyfuels.1c01837,10_1021_acs_energyfuels_1c01837.pdf,"[44786, 44797]"
ionization_method,laser desorption,10.1021/acs.energyfuels.1c01837,10_1021_acs_energyfuels_1c01837.pdf,"[45512, 45528]"
sample_type,asphaltene film,10.1021/acs.energyfuels.1c01837,10_1021_acs_energyfuels_1c01837.pdf,"[45535, 45545]"
ionization_method,SALDI-MS,10.1021/acs.energyfuels.1c01837,10_1021_acs_energyfuels_1c01837.pdf,"[46683, 46691]"
sample_type,C7-asphaltenes,10.1021/acs.energyfuels.1c01837,10_1021_acs_energyfuels_1c01837.pdf,"[48635, 48649]"
sample_type,colloidal material,10.1021/acs.energyfuels.1c01837,10_1021_acs_energyfuels_1c01837.pdf,"[49433, 49451]"
software_tools,GPC analysis with polystyrene standards for calibration,10.1021/acs.energyfuels.1c01837,10_1021_acs_energyfuels_1c01837.pdf,"[49790, 49845]"
sample_type,compositional gradients in reservoirs,10.1021/acs.energyfuels.1c01837,10_1021_acs_energyfuels_1c01837.pdf,"[51049, 51086]"
sample_type,Asphaltene,10.1021/acs.energyfuels.1c01837,10_1021_acs_energyfuels_1c01837.pdf,"[51669, 51679]"
instrument,high-resolution mass spectrometry detection,10.1021/acs.energyfuels.1c01837,10_1021_acs_energyfuels_1c01837.pdf,"[54771, 54814]"
sample_type,residue fractions of a crude oil,10.1021/acs.energyfuels.1c01837,10_1021_acs_energyfuels_1c01837.pdf,"[54661, 54693]"
instrument,ICP-MS,10.1021/acs.energyfuels.1c01837,10_1021_acs_energyfuels_1c01837.pdf,"[66056, 66062]"
sample_type,"Whole PetroPhase 2017 Asphaltenes and Their Acetone, Hep/Tol, and Tol/THF/MeOH Extrography Fractions",10.1021/acs.energyfuels.1c01837,10_1021_acs_energyfuels_1c01837.pdf,"[66081, 66181]"
sample_type,whole PetroPhase 2017 asphaltenes,10.1021/acs.energyfuels.1c01837,10_1021_acs_energyfuels_1c01837.pdf,"[67621, 67654]"
sample_type,asphaltenes,10.1021/acs.energyfuels.1c01837,10_1021_acs_energyfuels_1c01837.pdf,"[78726, 78737]"
sample_type,asphaltene,10.1021/acs.energyfuels.1c01837,10_1021_acs_energyfuels_1c01837.pdf,"[82810, 82820]"
sample_type,asphaltenes,10.1021/acs.energyfuels.1c01837,10_1021_acs_energyfuels_1c01837.pdf,"[83789, 83800]"
ionization_method,ICP-HR-MS,10.1021/acs.energyfuels.1c01837,10_1021_acs_energyfuels_1c01837.pdf,"[84674, 84683]"
sample_type,"products of hydroprocessing up to 385 ° C, GPC chromatograms",10.1021/acs.energyfuels.1c01837,10_1021_acs_energyfuels_1c01837.pdf,"[84754, 84795]"
sample_type,nanoaggregates,10.1021/acs.energyfuels.1c01837,10_1021_acs_energyfuels_1c01837.pdf,"[87850, 87864]"
ionization_method,IRMPD,10.1021/acs.energyfuels.1c01837,10_1021_acs_energyfuels_1c01837.pdf,"[88564, 88569]"
sample_type,extrographic fractions of PetroPhase 2017 asphaltenes,10.1021/acs.energyfuels.1c01837,10_1021_acs_energyfuels_1c01837.pdf,"[88134, 88187]"
instrument,FT-ICR MS,10.1021/acs.energyfuels.1c01837,10_1021_acs_energyfuels_1c01837.pdf,"[88574, 88583]"
ionization_method,(+)APPI,10.1021/acs.energyfuels.1c01837,10_1021_acs_energyfuels_1c01837.pdf,"[91775, 91782]"
sample_type,"Athabasca bitumen and Maya asphaltenes, Wyoming deposit sample",10.1021/acs.energyfuels.1c01837,10_1021_acs_energyfuels_1c01837.pdf,"[94808, 94846]"
sample_type,asphaltenes,10.1021/acs.energyfuels.1c01837,10_1021_acs_energyfuels_1c01837.pdf,"[96431, 96442]"
sample_type,asphaltenes,10.1021/acs.energyfuels.1c01837,10_1021_acs_energyfuels_1c01837.pdf,"[101207, 101218]"
sample_type,asphaltene nanoaggregates,10.1021/acs.energyfuels.1c01837,10_1021_acs_energyfuels_1c01837.pdf,"[103604, 103629]"
sample_type,asphaltene monomers,10.1021/acs.energyfuels.1c01837,10_1021_acs_energyfuels_1c01837.pdf,"[107607, 107626]"
sample_type,asphaltene nanoaggregates,10.1021/acs.energyfuels.1c01837,10_1021_acs_energyfuels_1c01837.pdf,"[116237, 116262]"
sample_type,asphaltenes,10.1021/acs.energyfuels.1c01837,10_1021_acs_energyfuels_1c01837.pdf,"[116466, 116477]"
instrument,FT-ICR Mass Spectrometer,10.1021/acs.energyfuels.1c01837,10_1021_acs_energyfuels_1c01837.pdf,"[126792, 126803]"
sample_type,Petroleum from Light Distillates to Asphaltenes,10.1021/acs.energyfuels.1c01837,10_1021_acs_energyfuels_1c01837.pdf,"[126696, 126743]"
sample_type,Crude Oil,10.1021/acs.energyfuels.1c01837,10_1021_acs_energyfuels_1c01837.pdf,"[129257, 129266]"
instrument,Ultra-High-Resolution Mass Spectrometer,10.1021/acs.energyfuels.1c01837,10_1021_acs_energyfuels_1c01837.pdf,"[132228, 132254]"
sample_type,Asphaltenes,10.1021/acs.energyfuels.1c01837,10_1021_acs_energyfuels_1c01837.pdf,"[133006, 133017]"
instrument,ESI FT-ICR MS,10.1021/acs.energyfuels.1c01837,10_1021_acs_energyfuels_1c01837.pdf,"[136548, 136561]"
ionization_method,ESI,10.1021/acs.energyfuels.1c01837,10_1021_acs_energyfuels_1c01837.pdf,"[136548, 136551]"
sample_type,asphaltenes,10.1021/acs.energyfuels.1c01837,10_1021_acs_energyfuels_1c01837.pdf,"[138250, 138261]"
sample_type,asphaltene,10.1021/acs.energyfuels.1c01837,10_1021_acs_energyfuels_1c01837.pdf,"[139912, 139922]"
instrument,Inductively Coupled Plasma HighResolution Mass Spectrometry,10.1021/acs.energyfuels.1c01837,10_1021_acs_energyfuels_1c01837.pdf,"[140249, 140308]"
sample_type,"benzo[b]naphtho[2,3 d]thiophene",10.1021/acs.energyfuels.1c01837,10_1021_acs_energyfuels_1c01837.pdf,"[149624, 149655]"
instrument,high resolution Fouriertransform ion cyclotron resonance mass spectrometry,10.1021/acs.energyfuels.1c01837,10_1021_acs_energyfuels_1c01837.pdf,"[151430, 151504]"
sample_type,asphaltene model compounds,10.1021/acs.energyfuels.1c01837,10_1021_acs_energyfuels_1c01837.pdf,"[152510, 152536]"
instrument,LDI TOF-MS,10.1021/acs.energyfuels.1c02002,10_1021_acs_energyfuels_1c02002.pdf,"[830, 840]"
sample_type,vanadyl and nickel porphyrins,10.1021/acs.energyfuels.1c02002,10_1021_acs_energyfuels_1c02002.pdf,"[663, 692]"
instrument,LDI TOF-MS,10.1021/acs.energyfuels.1c02002,10_1021_acs_energyfuels_1c02002.pdf,"[1151, 1161]"
ionization_method,positive-ion ESI,10.1021/acs.energyfuels.1c02002,10_1021_acs_energyfuels_1c02002.pdf,"[1554, 1570]"
sample_type,Etio porphyrins,10.1021/acs.energyfuels.1c02002,10_1021_acs_energyfuels_1c02002.pdf,"[1175, 1190]"
instrument,FT-ICR MS,10.1021/acs.energyfuels.1c02002,10_1021_acs_energyfuels_1c02002.pdf,"[2827, 2836]"
ionization_method,Positive-ion ESI,10.1021/acs.energyfuels.1c02002,10_1021_acs_energyfuels_1c02002.pdf,"[2810, 2826]"
sample_type,asphaltene,10.1021/acs.energyfuels.1c02002,10_1021_acs_energyfuels_1c02002.pdf,"[4652, 4662]"
ionization_method,inductively coupled plasma ion source,10.1021/acs.energyfuels.1c02002,10_1021_acs_energyfuels_1c02002.pdf,"[7025, 7062]"
sample_type,petroporphyrins,10.1021/acs.energyfuels.1c02002,10_1021_acs_energyfuels_1c02002.pdf,"[7151, 7166]"
ionization_method,inductively coupled plasma high resolution mass spectrometry (ICP HR MS),10.1021/acs.energyfuels.1c02002,10_1021_acs_energyfuels_1c02002.pdf,"[8136, 8208]"
ionization_method,GCP ICP HR MS,10.1021/acs.energyfuels.1c02002,10_1021_acs_energyfuels_1c02002.pdf,"[8333, 8346]"
sample_type,"Sulfur, vanadium, and nickel compounds from four crude oils, residues, and SARA fractions",10.1021/acs.energyfuels.1c02002,10_1021_acs_energyfuels_1c02002.pdf,"[8210, 8299]"
sample_type,asphaltene,10.1021/acs.energyfuels.1c02002,10_1021_acs_energyfuels_1c02002.pdf,"[9994, 10004]"
ionization_method,laser ablation inductively coupled plasma mass spectrometry,10.1021/acs.energyfuels.1c02002,10_1021_acs_energyfuels_1c02002.pdf,"[11023, 11082]"
sample_type,porphyrins,10.1021/acs.energyfuels.1c02002,10_1021_acs_energyfuels_1c02002.pdf,"[11444, 11454]"
instrument,FTICR MS,10.1021/acs.energyfuels.1c02002,10_1021_acs_energyfuels_1c02002.pdf,"[15016, 15024]"
ionization_method,MALDI,10.1021/acs.energyfuels.1c02002,10_1021_acs_energyfuels_1c02002.pdf,"[14930, 14935]"
sample_type,crude oil sample,10.1021/acs.energyfuels.1c02002,10_1021_acs_energyfuels_1c02002.pdf,"[15170, 15186]"
sample_type,vanadyl porphyrin fractions,10.1021/acs.energyfuels.1c02002,10_1021_acs_energyfuels_1c02002.pdf,"[15396, 15423]"
sample_type,porphyrins,10.1021/acs.energyfuels.1c02002,10_1021_acs_energyfuels_1c02002.pdf,"[16458, 16468]"
instrument,MALDI ToF-MS,10.1021/acs.energyfuels.1c02002,10_1021_acs_energyfuels_1c02002.pdf,"[17706, 17718]"
ionization_method,MALDI,10.1021/acs.energyfuels.1c02002,10_1021_acs_energyfuels_1c02002.pdf,"[17706, 17711]"
ionization_method,Electron Impact Ionization,10.1021/acs.energyfuels.1c02002,10_1021_acs_energyfuels_1c02002.pdf,"[18446, 18472]"
instrument,high-resolution TOF,10.1021/acs.energyfuels.1c02002,10_1021_acs_energyfuels_1c02002.pdf,"[19477, 19496]"
ionization_method,ESI,10.1021/acs.energyfuels.1c02002,10_1021_acs_energyfuels_1c02002.pdf,"[19890, 19893]"
ionization_method,ESI FT-ICR MS,10.1021/acs.energyfuels.1c02002,10_1021_acs_energyfuels_1c02002.pdf,"[20865, 20878]"
instrument,APPI FT-ICR MS,10.1021/acs.energyfuels.1c02002,10_1021_acs_energyfuels_1c02002.pdf,"[22741, 22755]"
sample_type,vanadyl porphyrins in unfractionated heavy petroleum and virgin asphaltenes,10.1021/acs.energyfuels.1c02002,10_1021_acs_energyfuels_1c02002.pdf,"[22662, 22737]"
instrument,APPI FT-ICR MS,10.1021/acs.energyfuels.1c02002,10_1021_acs_energyfuels_1c02002.pdf,"[23710, 23724]"
ionization_method,APPI,10.1021/acs.energyfuels.1c02002,10_1021_acs_energyfuels_1c02002.pdf,"[23710, 23714]"
sample_type,asphaltenes isolated from vacuum gas oil distillate cuts,10.1021/acs.energyfuels.1c02002,10_1021_acs_energyfuels_1c02002.pdf,"[23578, 23634]"
ionization_method,Laser Desorption Ionization (LDI),10.1021/acs.energyfuels.1c02002,10_1021_acs_energyfuels_1c02002.pdf,"[25788, 25821]"
ionization_method,LDI,10.1021/acs.energyfuels.1c02002,10_1021_acs_energyfuels_1c02002.pdf,"[26666, 26669]"
sample_type,whole PetroPhase 2017 asphaltenes,10.1021/acs.energyfuels.1c02002,10_1021_acs_energyfuels_1c02002.pdf,"[27458, 27491]"
ionization_method,(+)APPI,10.1021/acs.energyfuels.1c02002,10_1021_acs_energyfuels_1c02002.pdf,"[27637, 27644]"
ionization_method,MALDI,10.1021/acs.energyfuels.1c02002,10_1021_acs_energyfuels_1c02002.pdf,"[28430, 28435]"
instrument,MALDI-TOF,10.1021/acs.energyfuels.1c02002,10_1021_acs_energyfuels_1c02002.pdf,"[30537, 30546]"
sample_type,petroporphyrins,10.1021/acs.energyfuels.1c02002,10_1021_acs_energyfuels_1c02002.pdf,"[30972, 30987]"
sample_type,metalloporphyrins,10.1021/acs.energyfuels.1c02002,10_1021_acs_energyfuels_1c02002.pdf,"[37581, 37598]"
ionization_method,+ESI,10.1021/acs.energyfuels.1c02002,10_1021_acs_energyfuels_1c02002.pdf,"[45137, 45141]"
instrument,FT-ICR MS,10.1021/acs.energyfuels.1c02002,10_1021_acs_energyfuels_1c02002.pdf,"[48968, 48977]"
ionization_method,ESI,10.1021/acs.energyfuels.1c02002,10_1021_acs_energyfuels_1c02002.pdf,"[49158, 49161]"
instrument,FT-ICR MS,10.1021/acs.energyfuels.1c02002,10_1021_acs_energyfuels_1c02002.pdf,"[51486, 51495]"
ionization_method,ESI,10.1021/acs.energyfuels.1c02002,10_1021_acs_energyfuels_1c02002.pdf,"[51724, 51727]"
sample_type,hydrotreated intermediates of nickel 149 and vanadyl 60 porphyrins with model compounds octaethylporphyrin (OEP),10.1021/acs.energyfuels.1c02002,10_1021_acs_energyfuels_1c02002.pdf,"[51533, 51645]"
instrument,9.4 T FT-ICR,10.1021/acs.energyfuels.1c02002,10_1021_acs_energyfuels_1c02002.pdf,"[52559, 52571]"
ionization_method,atmospheric pressure photoionization (APPI),10.1021/acs.energyfuels.1c02002,10_1021_acs_energyfuels_1c02002.pdf,"[52515, 52558]"
sample_type,Mesoproterozoic shale extract,10.1021/acs.energyfuels.1c02002,10_1021_acs_energyfuels_1c02002.pdf,"[52593, 52622]"
ionization_method,FT-ICR MS,10.1021/acs.energyfuels.1c02002,10_1021_acs_energyfuels_1c02002.pdf,"[52905, 52914]"
instrument,FT-ICR MS,10.1021/acs.energyfuels.1c02002,10_1021_acs_energyfuels_1c02002.pdf,"[54261, 54270]"
sample_type,petroleum porphyrins,10.1021/acs.energyfuels.1c02002,10_1021_acs_energyfuels_1c02002.pdf,"[54316, 54336]"
ionization_method,+ESI MS,10.1021/acs.energyfuels.1c02002,10_1021_acs_energyfuels_1c02002.pdf,"[54794, 54801]"
sample_type,nonporphyrinenriched fraction of Venezuela heavy oil,10.1021/acs.energyfuels.1c02002,10_1021_acs_energyfuels_1c02002.pdf,"[54722, 54774]"
sample_type,porphyrins,10.1021/acs.energyfuels.1c02002,10_1021_acs_energyfuels_1c02002.pdf,"[56833, 56843]"
instrument,FT-ICR MS,10.1021/acs.energyfuels.1c02002,10_1021_acs_energyfuels_1c02002.pdf,"[57723, 57732]"
sample_type,petroporphyrins,10.1021/acs.energyfuels.1c02002,10_1021_acs_energyfuels_1c02002.pdf,"[57734, 57749]"
instrument,Orbitrap mass spectrometer,10.1021/acs.energyfuels.1c02002,10_1021_acs_energyfuels_1c02002.pdf,"[59346, 59372]"
sample_type,geological samples,10.1021/acs.energyfuels.1c02002,10_1021_acs_energyfuels_1c02002.pdf,"[59076, 59094]"
instrument,Ultrahigh-Resolution Mass Spectrometer,10.1021/acs.energyfuels.1c02107,10_1021_acs_energyfuels_1c02107.pdf,"[135, 160]"
sample_type,Asphaltenes,10.1021/acs.energyfuels.1c02107,10_1021_acs_energyfuels_1c02107.pdf,"[120, 131]"
instrument,high- fi eld Fourier transform ion cyclotron resonance mass spectrometer,10.1021/acs.energyfuels.1c02107,10_1021_acs_energyfuels_1c02107.pdf,"[892, 951]"
ionization_method,FTICR MS,10.1021/acs.energyfuels.1c02107,10_1021_acs_energyfuels_1c02107.pdf,"[966, 974]"
sample_type,unfractionated/whole asphaltenes,10.1021/acs.energyfuels.1c02107,10_1021_acs_energyfuels_1c02107.pdf,"[1081, 1113]"
sample_type,asphaltene,10.1021/acs.energyfuels.1c02107,10_1021_acs_energyfuels_1c02107.pdf,"[4505, 4515]"
ionization_method,field desorption/field ionization (FD/FI),10.1021/acs.energyfuels.1c02107,10_1021_acs_energyfuels_1c02107.pdf,"[5840, 5915]"
sample_type,maltenic petroleum compounds,10.1021/acs.energyfuels.1c02107,10_1021_acs_energyfuels_1c02107.pdf,"[5519, 5547]"
ionization_method,Fourier transform ion cyclotron resonance mass spectrometry (FT-ICR MS),10.1021/acs.energyfuels.1c02107,10_1021_acs_energyfuels_1c02107.pdf,"[7357, 7428]"
sample_type,crude oil resins and asphaltenes,10.1021/acs.energyfuels.1c02107,10_1021_acs_energyfuels_1c02107.pdf,"[9564, 9596]"
ionization_method,soft ionization,10.1021/acs.energyfuels.1c02107,10_1021_acs_energyfuels_1c02107.pdf,"[11551, 11566]"
sample_type,model compounds,10.1021/acs.energyfuels.1c02107,10_1021_acs_energyfuels_1c02107.pdf,"[13198, 13213]"
sample_type,asphaltenes,10.1021/acs.energyfuels.1c02107,10_1021_acs_energyfuels_1c02107.pdf,"[19510, 19521]"
ionization_method,thermal cracking,10.1021/acs.energyfuels.1c02107,10_1021_acs_energyfuels_1c02107.pdf,"[19490, 19506]"
sample_type,island model compounds,10.1021/acs.energyfuels.1c02107,10_1021_acs_energyfuels_1c02107.pdf,"[21919, 21941]"
ionization_method,matrix-assisted laser desorption/ionization (MALDI),10.1021/acs.energyfuels.1c02107,10_1021_acs_energyfuels_1c02107.pdf,"[22957, 22989]"
sample_type,cracking products,10.1021/acs.energyfuels.1c02107,10_1021_acs_energyfuels_1c02107.pdf,"[23013, 23030]"
ionization_method,CID with helium,10.1021/acs.energyfuels.1c02107,10_1021_acs_energyfuels_1c02107.pdf,"[24774, 24789]"
ionization_method,infrared multiphoton dissociation (IRMPD),10.1021/acs.energyfuels.1c02107,10_1021_acs_energyfuels_1c02107.pdf,"[24808, 24849]"
ionization_method,FTICR MS,10.1021/acs.energyfuels.1c02107,10_1021_acs_energyfuels_1c02107.pdf,"[26050, 26058]"
ionization_method,(+) ESI,10.1021/acs.energyfuels.1c02107,10_1021_acs_energyfuels_1c02107.pdf,"[28063, 28070]"
sample_type,whole/unfractionated asphaltene samples,10.1021/acs.energyfuels.1c02107,10_1021_acs_energyfuels_1c02107.pdf,"[27736, 27775]"
ionization_method,ESI,10.1021/acs.energyfuels.1c02107,10_1021_acs_energyfuels_1c02107.pdf,"[28637, 28640]"
ionization_method,conventional CID,10.1021/acs.energyfuels.1c02107,10_1021_acs_energyfuels_1c02107.pdf,"[29424, 29440]"
sample_type,petroleum model compounds,10.1021/acs.energyfuels.1c02107,10_1021_acs_energyfuels_1c02107.pdf,"[29721, 29746]"
ionization_method,CID,10.1021/acs.energyfuels.1c02107,10_1021_acs_energyfuels_1c02107.pdf,"[30773, 30776]"
sample_type,"an alkyl-bridged, four-core compound",10.1021/acs.energyfuels.1c02107,10_1021_acs_energyfuels_1c02107.pdf,"[30692, 30728]"
ionization_method,atmospheric pressure ionization,10.1021/acs.energyfuels.1c02107,10_1021_acs_energyfuels_1c02107.pdf,"[31959, 31990]"
ionization_method,"ESI, APPI",10.1021/acs.energyfuels.1c02107,10_1021_acs_energyfuels_1c02107.pdf,"[31998, 32007]"
sample_type,petroleum compounds,10.1021/acs.energyfuels.1c02107,10_1021_acs_energyfuels_1c02107.pdf,"[33644, 33663]"
instrument,FT-ICR MS,10.1021/acs.energyfuels.1c02107,10_1021_acs_energyfuels_1c02107.pdf,"[33748, 33757]"
sample_type,asphaltenes,10.1021/acs.energyfuels.1c02107,10_1021_acs_energyfuels_1c02107.pdf,"[34457, 34468]"
instrument,(+) APPI 21 T FT-ICR MS,10.1021/acs.energyfuels.1c02107,10_1021_acs_energyfuels_1c02107.pdf,"[35630, 35653]"
ionization_method,+) APPI,10.1021/acs.energyfuels.1c02107,10_1021_acs_energyfuels_1c02107.pdf,"[35631, 35638]"
instrument,FT-ICR MS,10.1021/acs.energyfuels.1c02107,10_1021_acs_energyfuels_1c02107.pdf,"[37532, 37541]"
ionization_method,(+) APPI,10.1021/acs.energyfuels.1c02107,10_1021_acs_energyfuels_1c02107.pdf,"[38149, 38157]"
sample_type,Arabian heavy asphaltenes,10.1021/acs.energyfuels.1c02107,10_1021_acs_energyfuels_1c02107.pdf,"[38082, 38107]"
ionization_method,(+) APPI,10.1021/acs.energyfuels.1c02107,10_1021_acs_energyfuels_1c02107.pdf,"[38533, 38541]"
sample_type,Asphaltenes,10.1021/acs.energyfuels.1c02107,10_1021_acs_energyfuels_1c02107.pdf,"[38344, 38355]"
instrument,(+) APPI 21 T FT-ICR MS,10.1021/acs.energyfuels.1c02107,10_1021_acs_energyfuels_1c02107.pdf,"[39823, 39846]"
ionization_method,APPI,10.1021/acs.energyfuels.1c02107,10_1021_acs_energyfuels_1c02107.pdf,"[39637, 39641]"
sample_type,PetroPhase 2017 Asphaltenes,10.1021/acs.energyfuels.1c02107,10_1021_acs_energyfuels_1c02107.pdf,"[39385, 39412]"
ionization_method,APPI,10.1021/acs.energyfuels.1c02107,10_1021_acs_energyfuels_1c02107.pdf,"[41106, 41110]"
sample_type,PetroPhase 2017 asphaltenes,10.1021/acs.energyfuels.1c02107,10_1021_acs_energyfuels_1c02107.pdf,"[40307, 40334]"
sample_type,PetroPhase 2017 asphaltenes,10.1021/acs.energyfuels.1c02107,10_1021_acs_energyfuels_1c02107.pdf,"[41373, 41400]"
ionization_method,ultrahigh-resolution MS,10.1021/acs.energyfuels.1c02107,10_1021_acs_energyfuels_1c02107.pdf,"[44054, 44077]"
ionization_method,electrospray ionization (ESI),10.1021/acs.energyfuels.1c02107,10_1021_acs_energyfuels_1c02107.pdf,"[46451, 46480]"
sample_type,"proteins, carbohydrates, lipids, and heavy petroleum fractions",10.1021/acs.energyfuels.1c02107,10_1021_acs_energyfuels_1c02107.pdf,"[46730, 46792]"
ionization_method,Atmospheric Pressure Photoionization (APPI),10.1021/acs.energyfuels.1c02107,10_1021_acs_energyfuels_1c02107.pdf,"[48049, 48092]"
sample_type,equimolar mixtures of pyridinic/pyrrolic petroleum model compounds,10.1021/acs.energyfuels.1c02107,10_1021_acs_energyfuels_1c02107.pdf,"[48537, 48605]"
ionization_method,Electrospray Ionization,10.1021/acs.energyfuels.1c02107,10_1021_acs_energyfuels_1c02107.pdf,"[49482, 49505]"
ionization_method,(+) ESI,10.1021/acs.energyfuels.1c02107,10_1021_acs_energyfuels_1c02107.pdf,"[50103, 50110]"
sample_type,nitrogen-containing model compounds,10.1021/acs.energyfuels.1c02107,10_1021_acs_energyfuels_1c02107.pdf,"[50064, 50099]"
sample_type,"mixtures of 63 model compounds containing phenol, carboxylic acid, and amide functionalities",10.1021/acs.energyfuels.1c02107,10_1021_acs_energyfuels_1c02107.pdf,"[50611, 50703]"
ionization_method,APCI,10.1021/acs.energyfuels.1c02107,10_1021_acs_energyfuels_1c02107.pdf,"[51565, 51569]"
ionization_method,nonresonant single-photon ionization,10.1021/acs.energyfuels.1c02107,10_1021_acs_energyfuels_1c02107.pdf,"[52230, 52266]"
instrument,time-offl ight (TOF) mass spectrometer,10.1021/acs.energyfuels.1c02107,10_1021_acs_energyfuels_1c02107.pdf,"[54521, 54559]"
ionization_method,SPI L 2 MS,10.1021/acs.energyfuels.1c02107,10_1021_acs_energyfuels_1c02107.pdf,"[55350, 55360]"
sample_type,asphaltene samples,10.1021/acs.energyfuels.1c02107,10_1021_acs_energyfuels_1c02107.pdf,"[55712, 55730]"
ionization_method,single-photon ionization,10.1021/acs.energyfuels.1c02107,10_1021_acs_energyfuels_1c02107.pdf,"[56383, 56407]"
ionization_method,UVPD,10.1021/acs.energyfuels.1c02107,10_1021_acs_energyfuels_1c02107.pdf,"[57260, 57264]"
ionization_method,ESI,10.1021/acs.energyfuels.1c02107,10_1021_acs_energyfuels_1c02107.pdf,"[58413, 58416]"
sample_type,light crude oil,10.1021/acs.energyfuels.1c02107,10_1021_acs_energyfuels_1c02107.pdf,"[58472, 58487]"
instrument,9.4 T FT-ICR MS,10.1021/acs.energyfuels.1c02107,10_1021_acs_energyfuels_1c02107.pdf,"[59396, 59411]"
ionization_method,"APPI, ESI, APCI",10.1021/acs.energyfuels.1c02107,10_1021_acs_energyfuels_1c02107.pdf,"[59143, 59162]"
instrument,mass spectrometer,10.1021/acs.energyfuels.1c02107,10_1021_acs_energyfuels_1c02107.pdf,"[59979, 59996]"
facility,National High Magnetic Field Laboratory,10.1021/acs.energyfuels.1c02107,10_1021_acs_energyfuels_1c02107.pdf,"[61196, 61235]"
ionization_method,APPI,10.1021/acs.energyfuels.1c02107,10_1021_acs_energyfuels_1c02107.pdf,"[61893, 61897]"
sample_type,puri fi ed vanadyl porphyrins,10.1021/acs.energyfuels.1c02107,10_1021_acs_energyfuels_1c02107.pdf,"[61945, 61974]"
instrument,FT-ICR MS,10.1021/acs.energyfuels.1c02107,10_1021_acs_energyfuels_1c02107.pdf,"[62442, 62451]"
ionization_method,APPI,10.1021/acs.energyfuels.1c02107,10_1021_acs_energyfuels_1c02107.pdf,"[63065, 63069]"
sample_type,nonaggregated asphaltene ions (monomers),10.1021/acs.energyfuels.1c02107,10_1021_acs_energyfuels_1c02107.pdf,"[63015, 63046]"
instrument,9.4 T FT-ICR MS,10.1021/acs.energyfuels.1c02107,10_1021_acs_energyfuels_1c02107.pdf,"[63929, 63944]"
ionization_method,(+) APPI,10.1021/acs.energyfuels.1c02107,10_1021_acs_energyfuels_1c02107.pdf,"[64298, 64306]"
ionization_method,APPI,10.1021/acs.energyfuels.1c02107,10_1021_acs_energyfuels_1c02107.pdf,"[66562, 66566]"
sample_type,"asphaltenes, maltenes",10.1021/acs.energyfuels.1c02107,10_1021_acs_energyfuels_1c02107.pdf,"[65642, 65654]"
ionization_method,ESI and APPI,10.1021/acs.energyfuels.1c02107,10_1021_acs_energyfuels_1c02107.pdf,"[66889, 66901]"
instrument,FT-ICR MS,10.1021/acs.energyfuels.1c02107,10_1021_acs_energyfuels_1c02107.pdf,"[67749, 67758]"
instrument,FT-ICR MS,10.1021/acs.energyfuels.1c02107,10_1021_acs_energyfuels_1c02107.pdf,"[68326, 68335]"
ionization_method,(+) APPI,10.1021/acs.energyfuels.1c02107,10_1021_acs_energyfuels_1c02107.pdf,"[69002, 69010]"
sample_type,interfacial material (IM) from bitumen oil,10.1021/acs.energyfuels.1c02107,10_1021_acs_energyfuels_1c02107.pdf,"[68264, 68306]"
ionization_method,APPI-MS,10.1021/acs.energyfuels.1c02107,10_1021_acs_energyfuels_1c02107.pdf,"[70819, 70826]"
ionization_method,FT-ICR,10.1021/acs.energyfuels.1c02107,10_1021_acs_energyfuels_1c02107.pdf,"[72089, 72095]"
ionization_method,"atmospheric pressure ionization (e.g., ESI, APPI)",10.1021/acs.energyfuels.1c02107,10_1021_acs_energyfuels_1c02107.pdf,"[75019, 75068]"
sample_type,petroleum compounds,10.1021/acs.energyfuels.1c02107,10_1021_acs_energyfuels_1c02107.pdf,"[74996, 75015]"
instrument,FT-ICR MS,10.1021/acs.energyfuels.1c02107,10_1021_acs_energyfuels_1c02107.pdf,"[75080, 75089]"
sample_type,asphaltenes and silica gel,10.1021/acs.energyfuels.1c02107,10_1021_acs_energyfuels_1c02107.pdf,"[75643, 75669]"
sample_type,whole asphaltene samples,10.1021/acs.energyfuels.1c02107,10_1021_acs_energyfuels_1c02107.pdf,"[76910, 76934]"
ionization_method,APPI,10.1021/acs.energyfuels.1c02107,10_1021_acs_energyfuels_1c02107.pdf,"[77705, 77709]"
instrument,(+) APPI 9.4 T FT-ICR MS,10.1021/acs.energyfuels.1c02107,10_1021_acs_energyfuels_1c02107.pdf,"[79908, 79932]"
ionization_method,+APPI,10.1021/acs.energyfuels.1c02107,10_1021_acs_energyfuels_1c02107.pdf,"[79909, 79916]"
sample_type,whole n C7 asphaltenes and their extrography fractions,10.1021/acs.energyfuels.1c02107,10_1021_acs_energyfuels_1c02107.pdf,"[79953, 80007]"
instrument,4 T FT-ICR MS,10.1021/acs.energyfuels.1c02107,10_1021_acs_energyfuels_1c02107.pdf,"[80195, 80208]"
ionization_method,APPI,10.1021/acs.energyfuels.1c02107,10_1021_acs_energyfuels_1c02107.pdf,"[80360, 80364]"
sample_type,low-DBE compounds,10.1021/acs.energyfuels.1c02107,10_1021_acs_energyfuels_1c02107.pdf,"[82886, 82903]"
ionization_method,APPI FT-ICR MS,10.1021/acs.energyfuels.1c02107,10_1021_acs_energyfuels_1c02107.pdf,"[83785, 83799]"
sample_type,asphaltene samples,10.1021/acs.energyfuels.1c02107,10_1021_acs_energyfuels_1c02107.pdf,"[85816, 85834]"
ionization_method,APPI-MS,10.1021/acs.energyfuels.1c02107,10_1021_acs_energyfuels_1c02107.pdf,"[86359, 86366]"
sample_type,whole samples,10.1021/acs.energyfuels.1c02107,10_1021_acs_energyfuels_1c02107.pdf,"[86387, 86400]"
ionization_method,inductive-coupled plasma mass spectrometry (ICP-MS),10.1021/acs.energyfuels.1c02107,10_1021_acs_energyfuels_1c02107.pdf,"[88528, 88579]"
sample_type,asphaltene extrography fractions,10.1021/acs.energyfuels.1c02107,10_1021_acs_energyfuels_1c02107.pdf,"[89697, 89729]"
ionization_method,APPI,10.1021/acs.energyfuels.1c02107,10_1021_acs_energyfuels_1c02107.pdf,"[90970, 90974]"
instrument,(+) APPI FT-ICR MS,10.1021/acs.energyfuels.1c02107,10_1021_acs_energyfuels_1c02107.pdf,"[92800, 92818]"
sample_type,asphaltene samples,10.1021/acs.energyfuels.1c02107,10_1021_acs_energyfuels_1c02107.pdf,"[92769, 92787]"
ionization_method,APPI/ESI,10.1021/acs.energyfuels.1c02107,10_1021_acs_energyfuels_1c02107.pdf,"[93851, 93859]"
sample_type,petroleum fractions,10.1021/acs.energyfuels.1c02107,10_1021_acs_energyfuels_1c02107.pdf,"[93764, 93783]"
ionization_method,(+) APPI,10.1021/acs.energyfuels.1c02107,10_1021_acs_energyfuels_1c02107.pdf,"[94589, 94597]"
ionization_method,( -) ESI,10.1021/acs.energyfuels.1c02107,10_1021_acs_energyfuels_1c02107.pdf,"[98420, 98428]"
sample_type,IM from whole Athabasca bitumen,10.1021/acs.energyfuels.1c02107,10_1021_acs_energyfuels_1c02107.pdf,"[98266, 98297]"
instrument,9.4 T FT-ICR mass spectrometer,10.1021/acs.energyfuels.1c02107,10_1021_acs_energyfuels_1c02107.pdf,"[100016, 100046]"
sample_type,asphaltene fractions,10.1021/acs.energyfuels.1c02107,10_1021_acs_energyfuels_1c02107.pdf,"[99958, 99978]"
ionization_method,IRMPD,10.1021/acs.energyfuels.1c02107,10_1021_acs_energyfuels_1c02107.pdf,"[100291, 100296]"
ionization_method,infrared multiphoton dissociation (IRMPD),10.1021/acs.energyfuels.1c02107,10_1021_acs_energyfuels_1c02107.pdf,"[102421, 102454]"
sample_type,petroleum compounds,10.1021/acs.energyfuels.1c02107,10_1021_acs_energyfuels_1c02107.pdf,"[102387, 102406]"
ionization_method,APPI IRMPD,10.1021/acs.energyfuels.1c02107,10_1021_acs_energyfuels_1c02107.pdf,"[104734, 104744]"
sample_type,whole Wyoming deposit and Athabasca bitumen n C7 asphaltenes,10.1021/acs.energyfuels.1c02107,10_1021_acs_energyfuels_1c02107.pdf,"[104797, 104857]"
sample_type,asphaltenes,10.1021/acs.energyfuels.1c02107,10_1021_acs_energyfuels_1c02107.pdf,"[105910, 105921]"
ionization_method,IRMPD,10.1021/acs.energyfuels.1c02107,10_1021_acs_energyfuels_1c02107.pdf,"[106993, 106998]"
sample_type,asphaltenes,10.1021/acs.energyfuels.1c02107,10_1021_acs_energyfuels_1c02107.pdf,"[108855, 108866]"
ionization_method,APPI,10.1021/acs.energyfuels.1c02107,10_1021_acs_energyfuels_1c02107.pdf,"[110332, 110336]"
sample_type,whole asphaltene samples,10.1021/acs.energyfuels.1c02107,10_1021_acs_energyfuels_1c02107.pdf,"[110186, 110210]"
ionization_method,APPI MS,10.1021/acs.energyfuels.1c02107,10_1021_acs_energyfuels_1c02107.pdf,"[110810, 110817]"
sample_type,precursor ions with m / z 454 -457 for the acetone fraction from South American medium n C7 asphaltenes,10.1021/acs.energyfuels.1c02107,10_1021_acs_energyfuels_1c02107.pdf,"[112322, 112425]"
sample_type,asphaltene sample,10.1021/acs.energyfuels.1c02107,10_1021_acs_energyfuels_1c02107.pdf,"[114356, 114373]"
ionization_method,(+) APPI,10.1021/acs.energyfuels.1c02107,10_1021_acs_energyfuels_1c02107.pdf,"[116089, 116097]"
sample_type,whole asphaltenes and their extrography fractions,10.1021/acs.energyfuels.1c02107,10_1021_acs_energyfuels_1c02107.pdf,"[115997, 116046]"
sample_type,whole asphaltenes,10.1021/acs.energyfuels.1c02107,10_1021_acs_energyfuels_1c02107.pdf,"[117604, 117621]"
instrument,FT-ICR MS,10.1021/acs.energyfuels.1c02107,10_1021_acs_energyfuels_1c02107.pdf,"[118574, 118583]"
sample_type,asphaltene species,10.1021/acs.energyfuels.1c02107,10_1021_acs_energyfuels_1c02107.pdf,"[118734, 118744]"
ionization_method,CID FT-ICR MS,10.1021/acs.energyfuels.1c02107,10_1021_acs_energyfuels_1c02107.pdf,"[119879, 119892]"
sample_type,coal n C7insoluble material,10.1021/acs.energyfuels.1c02107,10_1021_acs_energyfuels_1c02107.pdf,"[121129, 121156]"
ionization_method,(+) APPI,10.1021/acs.energyfuels.1c02107,10_1021_acs_energyfuels_1c02107.pdf,"[124857, 124865]"
sample_type,Interfacially Active Asphaltenes,10.1021/acs.energyfuels.1c02107,10_1021_acs_energyfuels_1c02107.pdf,"[125158, 125190]"
ionization_method,(+) APPI,10.1021/acs.energyfuels.1c02107,10_1021_acs_energyfuels_1c02107.pdf,"[125391, 125399]"
sample_type,highm / z interfacially active asphaltenes extracted from the acetone fraction from Athabasca bitumen asphaltenes,10.1021/acs.energyfuels.1c02107,10_1021_acs_energyfuels_1c02107.pdf,"[125246, 125359]"
ionization_method,IRMPD,10.1021/acs.energyfuels.1c02107,10_1021_acs_energyfuels_1c02107.pdf,"[125414, 125419]"
sample_type,precursor ions,10.1021/acs.energyfuels.1c02107,10_1021_acs_energyfuels_1c02107.pdf,"[126175, 126189]"
sample_type,IM extracted from the acetone fraction from Athabasca bitumen asphaltenes,10.1021/acs.energyfuels.1c02107,10_1021_acs_energyfuels_1c02107.pdf,"[127798, 127871]"
instrument,FT-ICR MS,10.1021/acs.energyfuels.1c02107,10_1021_acs_energyfuels_1c02107.pdf,"[128483, 128492]"
instrument,FT-ICR MS,10.1021/acs.energyfuels.1c02107,10_1021_acs_energyfuels_1c02107.pdf,"[130216, 130225]"
ionization_method,soft ionization methods,10.1021/acs.energyfuels.1c02107,10_1021_acs_energyfuels_1c02107.pdf,"[130305, 130328]"
ionization_method,APPI/ESI,10.1021/acs.energyfuels.1c02107,10_1021_acs_energyfuels_1c02107.pdf,"[131600, 131609]"
sample_type,"Suwanee river fulvic acid standard, Gulf of Mexico crude oil from Macondo well, an asphalt volcano, and Canadian bitumen",10.1021/acs.energyfuels.1c02107,10_1021_acs_energyfuels_1c02107.pdf,"[131091, 131211]"
instrument,21 T FT-ICR MS,10.1021/acs.energyfuels.1c02107,10_1021_acs_energyfuels_1c02107.pdf,"[131651, 131665]"
ionization_method,(+) APPI,10.1021/acs.energyfuels.1c02107,10_1021_acs_energyfuels_1c02107.pdf,"[133772, 133780]"
instrument,(+) APPI 21 T FT-ICR MS,10.1021/acs.energyfuels.1c02107,10_1021_acs_energyfuels_1c02107.pdf,"[134693, 134716]"
instrument,21 T FTICR mass spectrometer,10.1021/acs.energyfuels.1c02107,10_1021_acs_energyfuels_1c02107.pdf,"[135233, 135261]"
ionization_method,APPI,10.1021/acs.energyfuels.1c02107,10_1021_acs_energyfuels_1c02107.pdf,"[136427, 136431]"
sample_type,PetroPhase 2017 asphaltenes,10.1021/acs.energyfuels.1c02107,10_1021_acs_energyfuels_1c02107.pdf,"[136221, 136248]"
sample_type,vanadyl porphyrins (N4O1 51 V1 class),10.1021/acs.energyfuels.1c02107,10_1021_acs_energyfuels_1c02107.pdf,"[137516, 137553]"
ionization_method,(+) APPI,10.1021/acs.energyfuels.1c02107,10_1021_acs_energyfuels_1c02107.pdf,"[137602, 137610]"
ionization_method,APPI,10.1021/acs.energyfuels.1c02107,10_1021_acs_energyfuels_1c02107.pdf,"[138998, 139002]"
sample_type,whole PetroPhase 2017 asphaltenes,10.1021/acs.energyfuels.1c02107,10_1021_acs_energyfuels_1c02107.pdf,"[139030, 139063]"
ionization_method,MS detection,10.1021/acs.energyfuels.1c02107,10_1021_acs_energyfuels_1c02107.pdf,"[139956, 139968]"
sample_type,sulfur-containing molecules,10.1021/acs.energyfuels.1c02107,10_1021_acs_energyfuels_1c02107.pdf,"[140018, 140045]"
ionization_method,FT-ICR MS,10.1021/acs.energyfuels.1c02107,10_1021_acs_energyfuels_1c02107.pdf,"[141182, 141191]"
sample_type,asphaltene compounds,10.1021/acs.energyfuels.1c02107,10_1021_acs_energyfuels_1c02107.pdf,"[141869, 141889]"
instrument,FT-ICR MS,10.1021/acs.energyfuels.1c02107,10_1021_acs_energyfuels_1c02107.pdf,"[143184, 143193]"
sample_type,asphaltene fractions,10.1021/acs.energyfuels.1c02107,10_1021_acs_energyfuels_1c02107.pdf,"[143056, 143076]"
ionization_method,APPI,10.1021/acs.energyfuels.1c02107,10_1021_acs_energyfuels_1c02107.pdf,"[145138, 145142]"
sample_type,asphaltenes or petroleum fractions,10.1021/acs.energyfuels.1c02107,10_1021_acs_energyfuels_1c02107.pdf,"[145673, 145707]"
ionization_method,vacuum ionization,10.1021/acs.energyfuels.1c02107,10_1021_acs_energyfuels_1c02107.pdf,"[148220, 148237]"
sample_type,asphaltene fractions,10.1021/acs.energyfuels.1c02107,10_1021_acs_energyfuels_1c02107.pdf,"[147875, 147895]"
ionization_method,atmospheric pressure chemical ionization,10.1021/acs.energyfuels.1c02107,10_1021_acs_energyfuels_1c02107.pdf,"[149730, 149770]"
sample_type,asphaltenes,10.1021/acs.energyfuels.1c02107,10_1021_acs_energyfuels_1c02107.pdf,"[150040, 150051]"
ionization_method,field desorption/ionization mass spectrometry,10.1021/acs.energyfuels.1c02107,10_1021_acs_energyfuels_1c02107.pdf,"[150288, 150327]"
sample_type,molecular structure,10.1021/acs.energyfuels.1c02107,10_1021_acs_energyfuels_1c02107.pdf,"[150386, 150405]"
ionization_method,direct-infusion IRMPD FT-ICR MS,10.1021/acs.energyfuels.1c02107,10_1021_acs_energyfuels_1c02107.pdf,"[152800, 152831]"
ionization_method,direct inlet probe (DIP),10.1021/acs.energyfuels.1c02107,10_1021_acs_energyfuels_1c02107.pdf,"[153268, 153292]"
sample_type,bitumen,10.1021/acs.energyfuels.1c02107,10_1021_acs_energyfuels_1c02107.pdf,"[153400, 153407]"
instrument,FT-ICR MS,10.1021/acs.energyfuels.1c02107,10_1021_acs_energyfuels_1c02107.pdf,"[154611, 154620]"
sample_type,ultracomplex mixtures,10.1021/acs.energyfuels.1c02107,10_1021_acs_energyfuels_1c02107.pdf,"[154727, 154748]"
instrument,FT-ICRMS,10.1021/acs.energyfuels.1c02107,10_1021_acs_energyfuels_1c02107.pdf,"[155071, 155079]"
ionization_method,(+) ESI,10.1021/acs.energyfuels.1c02107,10_1021_acs_energyfuels_1c02107.pdf,"[155569, 155576]"
sample_type,asphaltene,10.1021/acs.energyfuels.1c02107,10_1021_acs_energyfuels_1c02107.pdf,"[155229, 155240]"
ionization_method,broadband FT-ICR MS,10.1021/acs.energyfuels.1c02107,10_1021_acs_energyfuels_1c02107.pdf,"[156849, 156868]"
sample_type,Arabian heavy n C7 asphaltenes (known as PetroPhase 2017),10.1021/acs.energyfuels.1c02107,10_1021_acs_energyfuels_1c02107.pdf,"[156742, 156799]"
ionization_method,APPI FT-ICR MS,10.1021/acs.energyfuels.1c02107,10_1021_acs_energyfuels_1c02107.pdf,"[159552, 159566]"
sample_type,petroleum samples,10.1021/acs.energyfuels.1c02107,10_1021_acs_energyfuels_1c02107.pdf,"[159530, 159547]"
instrument,FT-ICR MS,10.1021/acs.energyfuels.1c02107,10_1021_acs_energyfuels_1c02107.pdf,"[170537, 170546]"
facility,"NHMFL, high-resolution mass spectrometry facility at Honeywell UOP",10.1021/acs.energyfuels.1c02107,10_1021_acs_energyfuels_1c02107.pdf,"[170557, 170652]"
instrument,21 T FT-ICR MS,10.1021/acs.energyfuels.1c02107,10_1021_acs_energyfuels_1c02107.pdf,"[171396, 171410]"
sample_type,Heavy Petroleums,10.1021/acs.energyfuels.1c02107,10_1021_acs_energyfuels_1c02107.pdf,"[183031, 183047]"
instrument,FT-ICR Mass Spectrometry,10.1021/acs.energyfuels.1c02107,10_1021_acs_energyfuels_1c02107.pdf,"[185836, 185860]"
sample_type,Asphaltenes,10.1021/acs.energyfuels.1c02107,10_1021_acs_energyfuels_1c02107.pdf,"[186723, 186734]"
software_tools,Atomic Force Microscopy Molecular Imaging,10.1021/acs.energyfuels.1c02107,10_1021_acs_energyfuels_1c02107.pdf,"[187131, 187172]"
sample_type,Asphaltene,10.1021/acs.energyfuels.1c02107,10_1021_acs_energyfuels_1c02107.pdf,"[190626, 190636]"
sample_type,Asphaltene,10.1021/acs.energyfuels.1c02107,10_1021_acs_energyfuels_1c02107.pdf,"[191675, 191686]"
ionization_method,Flash Pyrolysis,10.1021/acs.energyfuels.1c02107,10_1021_acs_energyfuels_1c02107.pdf,"[191711, 191726]"
sample_type,petroleum asphaltenes,10.1021/acs.energyfuels.1c02107,10_1021_acs_energyfuels_1c02107.pdf,"[193531, 193552]"
sample_type,Asphaltenes,10.1021/acs.energyfuels.1c02107,10_1021_acs_energyfuels_1c02107.pdf,"[194652, 194663]"
instrument,FT-ICR MS,10.1021/acs.energyfuels.1c02107,10_1021_acs_energyfuels_1c02107.pdf,"[194808, 194817]"
ionization_method,ESI,10.1021/acs.energyfuels.1c02107,10_1021_acs_energyfuels_1c02107.pdf,"[194804, 194807]"
instrument,Orbitrap Mass Spectrometry,10.1021/acs.energyfuels.1c02107,10_1021_acs_energyfuels_1c02107.pdf,"[195849, 195875]"
ionization_method,Atmospheric Pressure Photoionization,10.1021/acs.energyfuels.1c02107,10_1021_acs_energyfuels_1c02107.pdf,"[195512, 195548]"
instrument,Fourier Transform Ion Cyclotron Resonance Mass Spectrometry,10.1021/acs.energyfuels.1c02107,10_1021_acs_energyfuels_1c02107.pdf,"[197412, 197471]"
ionization_method,Atmospheric Pressure Chemical Ionization,10.1021/acs.energyfuels.1c02107,10_1021_acs_energyfuels_1c02107.pdf,"[197795, 197835]"
instrument,TIMS-FT-ICR MS/MS,10.1021/acs.energyfuels.1c02107,10_1021_acs_energyfuels_1c02107.pdf,"[198389, 198406]"
sample_type,Dissolved Organic Matter,10.1021/acs.energyfuels.1c02107,10_1021_acs_energyfuels_1c02107.pdf,"[198530, 198554]"
sample_type,Petroleum Group-Type Analysis,10.1021/acs.energyfuels.1c02107,10_1021_acs_energyfuels_1c02107.pdf,"[200263, 200292]"
sample_type,OxygenContaining Compounds,10.1021/acs.energyfuels.1c02107,10_1021_acs_energyfuels_1c02107.pdf,"[205106, 205132]"
instrument,ESI Negative Ion FT- ICR MS,10.1021/acs.energyfuels.1c02107,10_1021_acs_energyfuels_1c02107.pdf,"[205203, 205230]"
ionization_method,Atmospheric Pressure Photoionization and Laser Desorption Ionization Coupled to Fourier Transform Ion Cyclotron Resonance Mass Spectrometry,10.1021/acs.energyfuels.1c02107,10_1021_acs_energyfuels_1c02107.pdf,"[205946, 206085]"
sample_type,Asphaltene Solubility Fractions,10.1021/acs.energyfuels.1c02107,10_1021_acs_energyfuels_1c02107.pdf,"[206102, 206133]"
instrument,Fourier Transform Ion Cyclotron Resonance Mass Spectrometer,10.1021/acs.energyfuels.1c02107,10_1021_acs_energyfuels_1c02107.pdf,"[207252, 207298]"
ionization_method,Atmospheric Pressure Photoionization,10.1021/acs.energyfuels.1c02107,10_1021_acs_energyfuels_1c02107.pdf,"[207326, 207362]"
instrument,Orbitrap Mass Spectrometry,10.1021/acs.energyfuels.1c02107,10_1021_acs_energyfuels_1c02107.pdf,"[209847, 209873]"
ionization_method,Negative-Ion Microelectrospray,10.1021/acs.energyfuels.1c02107,10_1021_acs_energyfuels_1c02107.pdf,"[210437, 210467]"
sample_type,Crude Acids in Heavy Petroleum,10.1021/acs.energyfuels.1c02107,10_1021_acs_energyfuels_1c02107.pdf,"[210403, 210433]"
instrument,9.4 T FTICR Mass Spectrometer,10.1021/acs.energyfuels.1c02107,10_1021_acs_energyfuels_1c02107.pdf,"[216763, 216792]"
ionization_method,FT-ICR,10.1021/acs.energyfuels.1c02107,10_1021_acs_energyfuels_1c02107.pdf,"[217044, 217050]"
sample_type,Asphaltene,10.1021/acs.energyfuels.1c02107,10_1021_acs_energyfuels_1c02107.pdf,"[222627, 222637]"
ionization_method,Atmospheric Pressure Photoionization,10.1021/acs.energyfuels.1c02107,10_1021_acs_energyfuels_1c02107.pdf,"[222683, 222719]"
sample_type,Four Crude Oils and Their Distillation Cuts,10.1021/acs.energyfuels.1c02107,10_1021_acs_energyfuels_1c02107.pdf,"[223520, 223563]"
instrument,Inductively Coupled Plasma High-Resolution Mass Spectrometry,10.1021/acs.energyfuels.1c02107,10_1021_acs_energyfuels_1c02107.pdf,"[223597, 223657]"
sample_type,Vanadium Compounds,10.1021/acs.energyfuels.1c02107,10_1021_acs_energyfuels_1c02107.pdf,"[230271, 230289]"
ionization_method,positive-ion electrospray ionization,10.1021/acs.energyfuels.1c02107,10_1021_acs_energyfuels_1c02107.pdf,"[231152, 231188]"
sample_type,New Vanadium Compounds in Venezuela Heavy Crude Oil,10.1021/acs.energyfuels.1c02107,10_1021_acs_energyfuels_1c02107.pdf,"[231088, 231139]"
ionization_method,Atmospheric Pressure Laser Ionization,10.1021/acs.energyfuels.1c02107,10_1021_acs_energyfuels_1c02107.pdf,"[235082, 235119]"
sample_type,Crude Oil,10.1021/acs.energyfuels.1c02107,10_1021_acs_energyfuels_1c02107.pdf,"[235208, 235217]"
instrument,Ultrahigh-resolution Mass Spectrometer,10.1021/acs.energyfuels.1c02107,10_1021_acs_energyfuels_1c02107.pdf,"[235844, 235882]"
instrument,21 T FT-ICR Mass Spectrometer,10.1021/acs.energyfuels.1c02107,10_1021_acs_energyfuels_1c02107.pdf,"[236928, 236957]"
sample_type,Asphaltenes,10.1021/acs.energyfuels.1c02107,10_1021_acs_energyfuels_1c02107.pdf,"[238783, 238794]"
instrument,Direct Insertion Probe-Mass Spectrometer,10.1021/acs.energyfuels.1c02107,10_1021_acs_energyfuels_1c02107.pdf,"[239364, 239391]"
ionization_method,Direct Insertion Probe-Mass Spectrometry,10.1021/acs.energyfuels.1c02107,10_1021_acs_energyfuels_1c02107.pdf,"[239364, 239404]"
sample_type,Asphaltene Chemical Structural Modification Induced by Thermal Treatments,10.1021/acs.energyfuels.1c02107,10_1021_acs_energyfuels_1c02107.pdf,"[240607, 240680]"
instrument,Direct Inlet Probe-High-Resolution Time-of-Flight Mass Spectrometer,10.1021/acs.energyfuels.1c02107,10_1021_acs_energyfuels_1c02107.pdf,"[243610, 243665]"
ionization_method,Single Photon Ionization,10.1021/acs.energyfuels.1c02107,10_1021_acs_energyfuels_1c02107.pdf,"[244030, 244054]"
sample_type,Complex High-Boiling Samples,10.1021/acs.energyfuels.1c02107,10_1021_acs_energyfuels_1c02107.pdf,"[243729, 243757]"
sample_type,Asphaltene sample A2017,10.1021/acs.energyfuels.1c02173,10_1021_acs_energyfuels_1c02173.pdf,"[1449, 1472]"
sample_type,AR and asphaltene samples,10.1021/acs.energyfuels.1c02173,10_1021_acs_energyfuels_1c02173.pdf,"[2963, 2988]"
instrument,Element XR,10.1021/acs.energyfuels.1c02173,10_1021_acs_energyfuels_1c02173.pdf,"[3944, 3954]"
ionization_method,inductively coupled high-resolution plasma mass spectrometer (ICP-HRMS),10.1021/acs.energyfuels.1c02173,10_1021_acs_energyfuels_1c02173.pdf,"[3871, 3942]"
sample_type,Arabian heavy crude oil,10.1021/acs.energyfuels.1c02373,10_1021_acs_energyfuels_1c02373.pdf,"[40, 63]"
sample_type,crude oil,10.1021/acs.energyfuels.1c02373,10_1021_acs_energyfuels_1c02373.pdf,"[1195, 1204]"
instrument,Shimadzu TOC-L,10.1021/acs.energyfuels.1c02373,10_1021_acs_energyfuels_1c02373.pdf,"[3331, 3345]"
sample_type,fi ltered water samples,10.1021/acs.energyfuels.1c02373,10_1021_acs_energyfuels_1c02373.pdf,"[3286, 3309]"
ionization_method,(+) ESI,10.1021/acs.energyfuels.1c02373,10_1021_acs_energyfuels_1c02373.pdf,"[4049, 4056]"
sample_type,oil-soluble fractions,10.1021/acs.energyfuels.1c02373,10_1021_acs_energyfuels_1c02373.pdf,"[3807, 3828]"
software_tools,Predator and PetroOrg,10.1021/acs.energyfuels.1c02373,10_1021_acs_energyfuels_1c02373.pdf,"[4534, 4555]"
instrument,Agilent 6890N gas chromatograph,10.1021/acs.energyfuels.1c02642,10_1021_acs_energyfuels_1c02642.pdf,"[2826, 2857]"
ionization_method,flame ionization detector (GC/FID),10.1021/acs.energyfuels.1c02642,10_1021_acs_energyfuels_1c02642.pdf,"[2921, 2949]"
sample_type,Methanol extracts,10.1021/acs.energyfuels.1c02642,10_1021_acs_energyfuels_1c02642.pdf,"[2732, 2749]"
facility,National High Magnetic Field Laboratory,10.1021/acs.energyfuels.1c02642,10_1021_acs_energyfuels_1c02642.pdf,"[3414, 3453]"
instrument,custom-built FT-ICR mass spectrometer,10.1021/acs.energyfuels.1c02642,10_1021_acs_energyfuels_1c02642.pdf,"[3826, 3863]"
sample_type,aromatic and less polar compounds,10.1021/acs.energyfuels.1c02642,10_1021_acs_energyfuels_1c02642.pdf,"[3942, 3975]"
ionization_method,electrospray ionization (ESI),10.1021/acs.energyfuels.1c02642,10_1021_acs_energyfuels_1c02642.pdf,"[5212, 5241]"
sample_type,oil samples,10.1021/acs.energyfuels.1c02642,10_1021_acs_energyfuels_1c02642.pdf,"[5407, 5418]"
instrument,custom-built FT-ICR mass spectrometer,10.1021/acs.energyfuels.1c02642,10_1021_acs_energyfuels_1c02642.pdf,"[5753, 5790]"
sample_type,carboxylic acids and other polar functional groups,10.1021/acs.energyfuels.1c02642,10_1021_acs_energyfuels_1c02642.pdf,"[5667, 5717]"
software_tools,Predator,10.1021/acs.energyfuels.1c02642,10_1021_acs_energyfuels_1c02642.pdf,"[5957, 5965]"
ionization_method,FT-ICR,10.1021/acs.energyfuels.1c02642,10_1021_acs_energyfuels_1c02642.pdf,"[8950, 8956]"
sample_type,Active Microbial Communities,10.1021/acs.energyfuels.1c02642,10_1021_acs_energyfuels_1c02642.pdf,"[9116, 9144]"
dataset_accession,https://osf.io/pt8gh/,10.1021/acs.energyfuels.1c02642,10_1021_acs_energyfuels_1c02642.pdf,"[9072, 9093]"
instrument,NanoDrop 2000 UV-vis spectrophotometer,10.1021/acs.energyfuels.1c02642,10_1021_acs_energyfuels_1c02642.pdf,"[10009, 10048]"
sample_type,RNA,10.1021/acs.energyfuels.1c02642,10_1021_acs_energyfuels_1c02642.pdf,"[9305, 9308]"
instrument,Illumina MiSeq System,10.1021/acs.energyfuels.1c02642,10_1021_acs_energyfuels_1c02642.pdf,"[10519, 10540]"
facility,"Research and Testing Laboratories, LLC (Lubbock, TX)",10.1021/acs.energyfuels.1c02642,10_1021_acs_energyfuels_1c02642.pdf,"[10457, 10509]"
software_tools,"Ribosomal Database Project (RDP), Silva database",10.1021/acs.energyfuels.1c02642,10_1021_acs_energyfuels_1c02642.pdf,"[10696, 10728]"
instrument,Thermo-Fisher Ion Max APPI source,10.1021/acs.energyfuels.2c00486,10_1021_acs_energyfuels_2c00486.pdf,"[2337, 2370]"
ionization_method,+APPI FTICR MS via positive-ion atmospheric pressure photoionization (+APPI) coupled to Fourier transform ion cyclotron resonance mass spectrometry (FTICR MS),10.1021/acs.energyfuels.2c00486,10_1021_acs_energyfuels_2c00486.pdf,"[2044, 2187]"
sample_type,Asphaltenes and extrography fractions,10.1021/acs.energyfuels.2c00486,10_1021_acs_energyfuels_2c00486.pdf,"[2219, 2256]"
ionization_method,extended homologous alkylation series of high/medium relative abundance,10.1021/acs.energyfuels.2c00486,10_1021_acs_energyfuels_2c00486.pdf,"[2969, 3040]"
sample_type,Asphaltenes,10.1021/acs.energyfuels.2c00486,10_1021_acs_energyfuels_2c00486.pdf,"[3511, 3522]"
software_tools,PetroOrg Software,10.1021/acs.energyfuels.2c00486,10_1021_acs_energyfuels_2c00486.pdf,"[3159, 3176]"
ionization_method,gas-phase dissociation,10.1021/acs.energyfuels.2c00486,10_1021_acs_energyfuels_2c00486.pdf,"[3977, 3999]"
sample_type,precursor ions and the fragment ions,10.1021/acs.energyfuels.2c00486,10_1021_acs_energyfuels_2c00486.pdf,"[4142, 4178]"
software_tools,PetroOrg Software,10.1021/acs.energyfuels.2c00486,10_1021_acs_energyfuels_2c00486.pdf,"[4082, 4099]"
sample_type,samples,10.1021/acs.energyfuels.2c00656,10_1021_acs_energyfuels_2c00656.pdf,"[69, 76]"
instrument,GC-FID,10.1021/acs.energyfuels.2c00656,10_1021_acs_energyfuels_2c00656.pdf,"[860, 866]"
instrument,FT-ICR MS,10.1021/acs.energyfuels.2c00656,10_1021_acs_energyfuels_2c00656.pdf,"[1027, 1036]"
facility,National High Magnetic Field Laboratory (NHMFL),10.1021/acs.energyfuels.2c00656,10_1021_acs_energyfuels_2c00656.pdf,"[1044, 1090]"
ionization_method,flame ionization detection,10.1021/acs.energyfuels.2c00656,10_1021_acs_energyfuels_2c00656.pdf,"[1996, 2022]"
sample_type,"The saturate, aromatic, resin, and asphaltene (SARA) contents",10.1021/acs.energyfuels.2c00656,10_1021_acs_energyfuels_2c00656.pdf,"[1884, 1945]"
instrument,Agilent triple quadrupole MS system,10.1021/acs.energyfuels.2c00656,10_1021_acs_energyfuels_2c00656.pdf,"[3228, 3263]"
sample_type,"C26 -C30 steranes, C21 -C26 tricyclic terpanes, and C27 -C35 triterpanes, together with saturated and aromatic carotenoids",10.1021/acs.energyfuels.2c00656,10_1021_acs_energyfuels_2c00656.pdf,"[3334, 3456]"
instrument,9.4 T FTICR MS,10.1021/acs.energyfuels.2c00656,10_1021_acs_energyfuels_2c00656.pdf,"[4483, 4497]"
ionization_method,(+/ -ESI) and (+) APPI,10.1021/acs.energyfuels.2c00656,10_1021_acs_energyfuels_2c00656.pdf,"[4444, 4466]"
sample_type,whole extracts,10.1021/acs.energyfuels.2c00656,10_1021_acs_energyfuels_2c00656.pdf,"[4284, 4298]"
facility,NHMFL,10.1021/acs.energyfuels.2c00656,10_1021_acs_energyfuels_2c00656.pdf,"[4505, 4510]"
sample_type,treated rock powder,10.1021/acs.energyfuels.2c00840,10_1021_acs_energyfuels_2c00840.pdf,"[2460, 2479]"
instrument,FT-ICR Solarix XR,10.1021/acs.energyfuels.2c00840,10_1021_acs_energyfuels_2c00840.pdf,"[2939, 2956]"
ionization_method,laser desorption ionization,10.1021/acs.energyfuels.2c00840,10_1021_acs_energyfuels_2c00840.pdf,"[3290, 3317]"
sample_type,The supernatant was analyzed as the rock powder extract.,10.1021/acs.energyfuels.2c00840,10_1021_acs_energyfuels_2c00840.pdf,"[2828, 2884]"
instrument,Bruker,10.1021/acs.energyfuels.2c00840,10_1021_acs_energyfuels_2c00840.pdf,"[4405, 4411]"
sample_type,Crude oil samples,10.1021/acs.energyfuels.2c00840,10_1021_acs_energyfuels_2c00840.pdf,"[3809, 3826]"
software_tools,"Bruker Data Analysis 5.1, SmartFormula",10.1021/acs.energyfuels.2c00840,10_1021_acs_energyfuels_2c00840.pdf,"[4405, 4429]"
ionization_method,LDI FT-ICR MS,10.1021/acs.energyfuels.2c00840,10_1021_acs_energyfuels_2c00840.pdf,"[5417, 5430]"
instrument,(+) APPI 9.4 T FT-ICR MS,10.1021/acs.energyfuels.2c01541,10_1021_acs_energyfuels_2c01541.pdf,"[3575, 3599]"
ionization_method,Positive-Ion Atmospheric Pressure Photoionization Coupled to Infrared Multi-Photon Dissociation (IRMPD),10.1021/acs.energyfuels.2c01541,10_1021_acs_energyfuels_2c01541.pdf,"[3447, 3647]"
sample_type,Asphaltenes,10.1021/acs.energyfuels.2c01541,10_1021_acs_energyfuels_2c01541.pdf,"[2850, 2861]"
instrument,Thermo-Fisher Ion Max APPI source,10.1021/acs.energyfuels.2c01541,10_1021_acs_energyfuels_2c01541.pdf,"[3755, 3788]"
instrument,custom-built 9.4 T FT-ICR mass spectrometer,10.1021/acs.energyfuels.2c01541,10_1021_acs_energyfuels_2c01541.pdf,"[4085, 4115]"
ionization_method,photoionized by an ultraviolet Krypton lamp ( ∼ 10 eV),10.1021/acs.energyfuels.2c01541,10_1021_acs_energyfuels_2c01541.pdf,"[3983, 4037]"
software_tools,"PREDATOR, PetroOrg N-18.3 Software",10.1021/acs.energyfuels.2c01541,10_1021_acs_energyfuels_2c01541.pdf,"[4567, 4667]"
sample_type,fossil petroleum materials,10.1021/acs.energyfuels.2c02122,10_1021_acs_energyfuels_2c02122.pdf,"[71, 97]"
sample_type,reference crude oil,10.1021/acs.energyfuels.2c02122,10_1021_acs_energyfuels_2c02122.pdf,"[138, 157]"
sample_type,asphaltenes,10.1021/acs.energyfuels.2c02122,10_1021_acs_energyfuels_2c02122.pdf,"[200, 211]"
instrument,DRI Model 2015 Series 1 multiwavelength thermal-optical carbon analyzer (TOCA),10.1021/acs.energyfuels.2c02122,10_1021_acs_energyfuels_2c02122.pdf,"[1835, 1912]"
instrument,high-resolution mass spectrometer,10.1021/acs.energyfuels.2c02122,10_1021_acs_energyfuels_2c02122.pdf,"[4014, 4047]"
instrument,Orbitrap high-resolution mass spectrometer platform,10.1021/acs.energyfuels.2c02122,10_1021_acs_energyfuels_2c02122.pdf,"[6063, 6114]"
ionization_method,vacuum photoionization,10.1021/acs.energyfuels.2c02122,10_1021_acs_energyfuels_2c02122.pdf,"[6040, 6062]"
instrument,Orbitrap mass analyzer,10.1021/acs.energyfuels.2c02122,10_1021_acs_energyfuels_2c02122.pdf,"[6287, 6309]"
ionization_method,vacuum resonance-enhanced multiphoton ionization (REMPI),10.1021/acs.energyfuels.2c02122,10_1021_acs_energyfuels_2c02122.pdf,"[6163, 6219]"
sample_type,Mass spectrometric data,10.1021/acs.energyfuels.2c02122,10_1021_acs_energyfuels_2c02122.pdf,"[6456, 6479]"
software_tools,MATLAB R2020b,10.1021/acs.energyfuels.2c02122,10_1021_acs_energyfuels_2c02122.pdf,"[6787, 6800]"
sample_type,solubility fractions,10.1021/acs.energyfuels.2c02936,10_1021_acs_energyfuels_2c02936.pdf,"[2402, 2422]"
sample_type,Oil-Soluble Photoproducts,10.1021/acs.energyfuels.2c02936,10_1021_acs_energyfuels_2c02936.pdf,"[4855, 4880]"
sample_type,water-soluble photoproducts,10.1021/acs.energyfuels.2c02936,10_1021_acs_energyfuels_2c02936.pdf,"[5611, 5638]"
ionization_method,-) ESI,10.1021/acs.energyfuels.2c02936,10_1021_acs_energyfuels_2c02936.pdf,"[5829, 5835]"
instrument,custom-built 21 T FT-ICR mass spectrometer,10.1021/acs.energyfuels.2c02936,10_1021_acs_energyfuels_2c02936.pdf,"[5856, 5898]"
instrument,21 T FT-ICR mass spectrometer,10.1021/acs.energyfuels.2c02936,10_1021_acs_energyfuels_2c02936.pdf,"[7123, 7152]"
ionization_method,(+) APPI,10.1021/acs.energyfuels.2c02936,10_1021_acs_energyfuels_2c02936.pdf,"[7079, 7087]"
sample_type,"Stock solutions of unirradiated C7 maltenes and C7 asphaltenes, the asphaltene extrography fractions, and the oilsoluble photoproducts from the irradiated blends (oxidized maltenes and PPA)",10.1021/acs.energyfuels.2c02936,10_1021_acs_energyfuels_2c02936.pdf,"[6805, 6994]"
instrument,21 T FT-ICR MS,10.1021/acs.energyfuels.2c02936,10_1021_acs_energyfuels_2c02936.pdf,"[7832, 7846]"
ionization_method,(+) APPI,10.1021/acs.energyfuels.2c02936,10_1021_acs_energyfuels_2c02936.pdf,"[8186, 8194]"
sample_type,bitumen,10.1021/acs.energyfuels.2c04274,10_1021_acs_energyfuels_2c04274.pdf,"[99, 106]"
sample_type,asphaltene-rich bottom stream,10.1021/acs.energyfuels.2c04274,10_1021_acs_energyfuels_2c04274.pdf,"[775, 804]"
instrument,Vario Micro Cube elemental analyzer,10.1021/acs.energyfuels.2c04274,10_1021_acs_energyfuels_2c04274.pdf,"[3028, 3063]"
sample_type,samples,10.1021/acs.energyfuels.2c04274,10_1021_acs_energyfuels_2c04274.pdf,"[3153, 3160]"
sample_type,"carbon, wt %",10.1021/acs.energyfuels.2c04274,10_1021_acs_energyfuels_2c04274.pdf,"[4838, 4850]"
sample_type,"hydrogen, wt %",10.1021/acs.energyfuels.2c04274,10_1021_acs_energyfuels_2c04274.pdf,"[5087, 5101]"
sample_type,"nitrogen, wt %",10.1021/acs.energyfuels.2c04274,10_1021_acs_energyfuels_2c04274.pdf,"[5336, 5350]"
sample_type,sulfur,10.1021/acs.energyfuels.2c04274,10_1021_acs_energyfuels_2c04274.pdf,"[5585, 5591]"
sample_type,oxygen,10.1021/acs.energyfuels.2c04274,10_1021_acs_energyfuels_2c04274.pdf,"[5834, 5840]"
sample_type,ash,10.1021/acs.energyfuels.2c04274,10_1021_acs_energyfuels_2c04274.pdf,"[6083, 6086]"
sample_type,Ni,10.1021/acs.energyfuels.2c04274,10_1021_acs_energyfuels_2c04274.pdf,"[6332, 6334]"
instrument,21 T FT-ICR mass spectrometer,10.1021/acs.energyfuels.2c04274,10_1021_acs_energyfuels_2c04274.pdf,"[10134, 10163]"
ionization_method,positive-ion atmospheric pressure photoionization (APPI),10.1021/acs.energyfuels.2c04274,10_1021_acs_energyfuels_2c04274.pdf,"[10051, 10107]"
instrument,Velos Pro linear ion trap,10.1021/acs.energyfuels.2c04274,10_1021_acs_energyfuels_2c04274.pdf,"[10694, 10719]"
ionization_method,photons from an ultraviolet krypton lamp,10.1021/acs.energyfuels.2c04274,10_1021_acs_energyfuels_2c04274.pdf,"[10557, 10597]"
sample_type,Gas-phase neutrals,10.1021/acs.energyfuels.2c04274,10_1021_acs_energyfuels_2c04274.pdf,"[10512, 10530]"
instrument,7 T APEX Qe FT-ICR mass spectrometer,10.1021/acs.energyfuels.2c04274,10_1021_acs_energyfuels_2c04274.pdf,"[11706, 11742]"
sample_type,whole feedstock samples,10.1021/acs.energyfuels.2c04274,10_1021_acs_energyfuels_2c04274.pdf,"[11811, 11834]"
sample_type,evolved gas mixture from TG measurements,10.1021/acs.energyfuels.2c04274,10_1021_acs_energyfuels_2c04274.pdf,"[12617, 12657]"
instrument,quadrupole mass spectrometer,10.1021/acs.energyfuels.2c04274,10_1021_acs_energyfuels_2c04274.pdf,"[14598, 14626]"
sample_type,light gases emerging during pyrolysis,10.1021/acs.energyfuels.2c04274,10_1021_acs_energyfuels_2c04274.pdf,"[14557, 14594]"
sample_type,sulfur compounds,10.1021/acs.energyfuels.3c00856,10_1021_acs_energyfuels_3c00856.pdf,"[1629, 1645]"
sample_type,asphaltene samples,10.1021/acs.energyfuels.3c00856,10_1021_acs_energyfuels_3c00856.pdf,"[7013, 7031]"
sample_type,asphaltenes and their subfractions A1 and A2 on SiO 2 NPs,10.1021/acs.energyfuels.3c00856,10_1021_acs_energyfuels_3c00856.pdf,"[8580, 8637]"
sample_type,crude oil,10.1021/acs.energyfuels.3c00856,10_1021_acs_energyfuels_3c00856.pdf,"[13093, 13102]"
sample_type,vacuum distillation residue,10.1021/acs.energyfuels.3c00856,10_1021_acs_energyfuels_3c00856.pdf,"[13107, 13134]"
sample_type,asphaltenes and maltenes,10.1021/acs.energyfuels.3c00856,10_1021_acs_energyfuels_3c00856.pdf,"[13739, 13763]"
sample_type,SARA fractions,10.1021/acs.energyfuels.3c00856,10_1021_acs_energyfuels_3c00856.pdf,"[14862, 14877]"
ionization_method,FT-ICR MS,10.1021/acs.energyfuels.3c00856,10_1021_acs_energyfuels_3c00856.pdf,"[17190, 17199]"
sample_type,extrography fractions,10.1021/acs.energyfuels.3c00856,10_1021_acs_energyfuels_3c00856.pdf,"[17121, 17142]"
sample_type,bitumen samples,10.1021/acs.energyfuels.3c00856,10_1021_acs_energyfuels_3c00856.pdf,"[18469, 18484]"
instrument,FT-ICR MS,10.1021/acs.energyfuels.3c00856,10_1021_acs_energyfuels_3c00856.pdf,"[18992, 19002]"
ionization_method,APPI (Atmospheric Pressure Photoionization),10.1021/acs.energyfuels.3c00856,10_1021_acs_energyfuels_3c00856.pdf,"[19588, 19633]"
sample_type,asphaltene sample,10.1021/acs.energyfuels.3c00856,10_1021_acs_energyfuels_3c00856.pdf,"[19769, 19787]"
sample_type,asphaltene,10.1021/acs.energyfuels.3c00856,10_1021_acs_energyfuels_3c00856.pdf,"[20417, 20427]"
instrument,LTQOrbitrap,10.1021/acs.energyfuels.3c00856,10_1021_acs_energyfuels_3c00856.pdf,"[20872, 20883]"
sample_type,asphaltenes,10.1021/acs.energyfuels.3c00856,10_1021_acs_energyfuels_3c00856.pdf,"[20895, 20906]"
ionization_method,GPC-ICP-MS,10.1021/acs.energyfuels.3c00856,10_1021_acs_energyfuels_3c00856.pdf,"[21637, 21647]"
ionization_method,GPC-FT-ICR MS,10.1021/acs.energyfuels.3c00856,10_1021_acs_energyfuels_3c00856.pdf,"[21653, 21667]"
sample_type,porphyrin standard,10.1021/acs.energyfuels.3c00856,10_1021_acs_energyfuels_3c00856.pdf,"[21594, 21612]"
ionization_method,APPI,10.1021/acs.energyfuels.3c00856,10_1021_acs_energyfuels_3c00856.pdf,"[22309, 22313]"
sample_type,condensed aromatic compounds,10.1021/acs.energyfuels.3c00856,10_1021_acs_energyfuels_3c00856.pdf,"[23319, 23347]"
ionization_method,APPI-MS,10.1021/acs.energyfuels.3c00856,10_1021_acs_energyfuels_3c00856.pdf,"[24818, 24825]"
sample_type,vanadyl porphyrins found in asphaltenes and their extrography fractions,10.1021/acs.energyfuels.3c00856,10_1021_acs_energyfuels_3c00856.pdf,"[24396, 24473]"
ionization_method,LDI-MS,10.1021/acs.energyfuels.3c00856,10_1021_acs_energyfuels_3c00856.pdf,"[28222, 28228]"
sample_type,lignin-compounds,10.1021/acs.energyfuels.3c00856,10_1021_acs_energyfuels_3c00856.pdf,"[27771, 27787]"
sample_type,heteroatomic species,10.1021/acs.energyfuels.3c00856,10_1021_acs_energyfuels_3c00856.pdf,"[30109, 30129]"
instrument,GPC-ICP-HRMS,10.1021/acs.energyfuels.3c00856,10_1021_acs_energyfuels_3c00856.pdf,"[30190, 30202]"
sample_type,phosphorus species in bio-oils,10.1021/acs.energyfuels.3c00856,10_1021_acs_energyfuels_3c00856.pdf,"[30255, 30273]"
instrument,online SEC-UV-FT-ICR MS,10.1021/acs.energyfuels.3c00856,10_1021_acs_energyfuels_3c00856.pdf,"[31399, 31422]"
ionization_method,ESI(-),10.1021/acs.energyfuels.3c00856,10_1021_acs_energyfuels_3c00856.pdf,"[31581, 31587]"
sample_type,aqueous phases from a fast pyrolysis bio-oil and a pretreated wheat straw,10.1021/acs.energyfuels.3c00856,10_1021_acs_energyfuels_3c00856.pdf,"[31263, 31336]"
instrument,FT-ICR MS,10.1021/acs.energyfuels.3c01462,10_1021_acs_energyfuels_3c01462.pdf,"[2730, 2739]"
ionization_method,inductively coupled plasma optical emission spectrometry (ICP-OES),10.1021/acs.energyfuels.3c01462,10_1021_acs_energyfuels_3c01462.pdf,"[3074, 3130]"
sample_type,bio-oils,10.1021/acs.energyfuels.3c01462,10_1021_acs_energyfuels_3c01462.pdf,"[2798, 2806]"
ionization_method,inductively coupled plasma mass spectrometry (ICP-MS),10.1021/acs.energyfuels.3c01462,10_1021_acs_energyfuels_3c01462.pdf,"[3145, 3189]"
sample_type,bio-oils,10.1021/acs.energyfuels.3c01462,10_1021_acs_energyfuels_3c01462.pdf,"[3391, 3399]"
instrument,supercritical fluid chromatography inductively coupled plasma mass spectrometry (SFC-ICPMS),10.1021/acs.energyfuels.3c01462,10_1021_acs_energyfuels_3c01462.pdf,"[3414, 3493]"
ionization_method,inductively coupled plasma mass spectrometry,10.1021/acs.energyfuels.3c01462,10_1021_acs_energyfuels_3c01462.pdf,"[3145, 3189]"
sample_type,bio-oils,10.1021/acs.energyfuels.3c01462,10_1021_acs_energyfuels_3c01462.pdf,"[2798, 2806]"
instrument,gel permeation chromatography inductively coupled plasma high-resolution mass spectrometry (GPCICP-HRMS),10.1021/acs.energyfuels.3c01462,10_1021_acs_energyfuels_3c01462.pdf,"[3509, 3599]"
ionization_method,inductively coupled plasma high-resolution mass spectrometry,10.1021/acs.energyfuels.3c01462,10_1021_acs_energyfuels_3c01462.pdf,"[3539, 3599]"
sample_type,bio-oils,10.1021/acs.energyfuels.3c01462,10_1021_acs_energyfuels_3c01462.pdf,"[2798, 2806]"
instrument,electrospray ionization fourier transform ion cyclotron resonance mass spectrometry (ESI FT-ICR MS),10.1021/acs.energyfuels.3c01462,10_1021_acs_energyfuels_3c01462.pdf,"[3621, 3704]"
ionization_method,electrospray ionization fourier transform ion cyclotron resonance mass spectrometry,10.1021/acs.energyfuels.3c01462,10_1021_acs_energyfuels_3c01462.pdf,"[3621, 3704]"
sample_type,bio-oils,10.1021/acs.energyfuels.3c01462,10_1021_acs_energyfuels_3c01462.pdf,"[2798, 2806]"
sample_type,bio-oils,10.1021/acs.energyfuels.3c01462,10_1021_acs_energyfuels_3c01462.pdf,"[5518, 5526]"
sample_type,bio-oils,10.1021/acs.energyfuels.3c01462,10_1021_acs_energyfuels_3c01462.pdf,"[12604, 12612]"
sample_type,bio-oils,10.1021/acs.energyfuels.3c01462,10_1021_acs_energyfuels_3c01462.pdf,"[14073, 14081]"
sample_type,bio-oils,10.1021/acs.energyfuels.3c01462,10_1021_acs_energyfuels_3c01462.pdf,"[18067, 18075]"
ionization_method,Inductively Coupled Plasma Mass Spectrometry (ICP-MS),10.1021/acs.energyfuels.3c01462,10_1021_acs_energyfuels_3c01462.pdf,"[24506, 24550]"
sample_type,element analysis,10.1021/acs.energyfuels.3c01462,10_1021_acs_energyfuels_3c01462.pdf,"[24642, 24658]"
sample_type,inorganic element,10.1021/acs.energyfuels.3c01462,10_1021_acs_energyfuels_3c01462.pdf,"[26162, 26180]"
instrument,Flame Atomic Absorption Spectrometry (FAAS),10.1021/acs.energyfuels.3c01462,10_1021_acs_energyfuels_3c01462.pdf,"[26045, 26092]"
sample_type,pyrolysis products of municipal solid waste,10.1021/acs.energyfuels.3c01462,10_1021_acs_energyfuels_3c01462.pdf,"[26561, 26604]"
sample_type,Avicennia marina (phytoremediation),10.1021/acs.energyfuels.3c01462,10_1021_acs_energyfuels_3c01462.pdf,"[29173, 29208]"
instrument,ICP-OES,10.1021/acs.energyfuels.3c01462,10_1021_acs_energyfuels_3c01462.pdf,"[30853, 30860]"
sample_type,"Ca, K, Mg, Na, P, and S",10.1021/acs.energyfuels.3c01462,10_1021_acs_energyfuels_3c01462.pdf,"[30868, 30891]"
sample_type,Municipal solid waste,10.1021/acs.energyfuels.3c01462,10_1021_acs_energyfuels_3c01462.pdf,"[30979, 31000]"
sample_type,heated concentrated mixture mL,10.1021/acs.energyfuels.3c01462,10_1021_acs_energyfuels_3c01462.pdf,"[33170, 33200]"
ionization_method,microwave digestion,10.1021/acs.energyfuels.3c01462,10_1021_acs_energyfuels_3c01462.pdf,"[34565, 34584]"
sample_type,Willow plant stems and leaves,10.1021/acs.energyfuels.3c01462,10_1021_acs_energyfuels_3c01462.pdf,"[34497, 34526]"
sample_type,Alkaline copper quaternary compounds-treated wood (ACQ-W),10.1021/acs.energyfuels.3c01462,10_1021_acs_energyfuels_3c01462.pdf,"[34966, 35023]"
sample_type,Pinus radiata,10.1021/acs.energyfuels.3c01462,10_1021_acs_energyfuels_3c01462.pdf,"[36822, 36835]"
sample_type,Commercial bio-oils,10.1021/acs.energyfuels.3c01462,10_1021_acs_energyfuels_3c01462.pdf,"[41007, 41022]"
sample_type,"Na, K",10.1021/acs.energyfuels.3c01462,10_1021_acs_energyfuels_3c01462.pdf,"[43660, 43665]"
sample_type,Camellia oleifera cake,10.1021/acs.energyfuels.3c01462,10_1021_acs_energyfuels_3c01462.pdf,"[46692, 46714]"
sample_type,Waste office paper,10.1021/acs.energyfuels.3c01462,10_1021_acs_energyfuels_3c01462.pdf,"[47180, 47198]"
sample_type,bio-oils,10.1021/acs.energyfuels.3c01462,10_1021_acs_energyfuels_3c01462.pdf,"[54950, 54958]"
ionization_method,ICP-MS detection,10.1021/acs.energyfuels.3c01462,10_1021_acs_energyfuels_3c01462.pdf,"[56122, 56138]"
sample_type,bio-oils derived from pyrolysis of milorganite fertilizer and coal tar,10.1021/acs.energyfuels.3c01462,10_1021_acs_energyfuels_3c01462.pdf,"[56214, 56284]"
sample_type,pyrolysis oil,10.1021/acs.energyfuels.3c01462,10_1021_acs_energyfuels_3c01462.pdf,"[57508, 57521]"
instrument,SFC-ICP-MS,10.1021/acs.energyfuels.3c01462,10_1021_acs_energyfuels_3c01462.pdf,"[57165, 57175]"
ionization_method,Inductively Coupled Plasma,10.1021/acs.energyfuels.3c01462,10_1021_acs_energyfuels_3c01462.pdf,"[57850, 57876]"
instrument,FT-ICR MS,10.1021/acs.energyfuels.3c01462,10_1021_acs_energyfuels_3c01462.pdf,"[59987, 59996]"
ionization_method,Positive-ion ESI,10.1021/acs.energyfuels.3c01462,10_1021_acs_energyfuels_3c01462.pdf,"[60301, 60317]"
sample_type,inorganic species,10.1021/acs.energyfuels.3c01462,10_1021_acs_energyfuels_3c01462.pdf,"[60676, 60694]"
sample_type,bio-oils,10.1021/acs.energyfuels.3c01462,10_1021_acs_energyfuels_3c01462.pdf,"[64643, 64651]"
sample_type,Copper Content,10.1021/acs.energyfuels.3c01462,10_1021_acs_energyfuels_3c01462.pdf,"[85133, 85147]"
instrument,Ultrahigh Resolution Mass Spectrometer,10.1021/acs.energyfuels.3c01462,10_1021_acs_energyfuels_3c01462.pdf,"[91014, 91039]"
sample_type,Bio-Crude Components Derived from Pyrolysis of Soft Wood and Its Esterified Product,10.1021/acs.energyfuels.3c01462,10_1021_acs_energyfuels_3c01462.pdf,"[90927, 91010]"
sample_type,Bio-Oil,10.1021/acs.energyfuels.3c01462,10_1021_acs_energyfuels_3c01462.pdf,"[92843, 92850]"
sample_type,Sedum Plumbizincicola,10.1021/acs.energyfuels.3c01462,10_1021_acs_energyfuels_3c01462.pdf,"[97826, 97847]"
ionization_method,Pyrolysis,10.1021/acs.energyfuels.3c01462,10_1021_acs_energyfuels_3c01462.pdf,"[97886, 97895]"
sample_type,Sewage Sludge,10.1021/acs.energyfuels.3c01462,10_1021_acs_energyfuels_3c01462.pdf,"[99873, 99886]"
sample_type,Sewage Sludge,10.1021/acs.energyfuels.3c01462,10_1021_acs_energyfuels_3c01462.pdf,"[100655, 100668]"
instrument,FT-ICR Mass Spectrometry,10.1021/acs.energyfuels.3c01462,10_1021_acs_energyfuels_3c01462.pdf,"[103134, 103158]"
ionization_method,Positive-Ion Electrospray Ionization,10.1021/acs.energyfuels.3c01462,10_1021_acs_energyfuels_3c01462.pdf,"[103097, 103133]"
ionization_method,Atmospheric Pressure Photoionization,10.1021/acs.energyfuels.3c01462,10_1021_acs_energyfuels_3c01462.pdf,"[103605, 103641]"
instrument,Thermo FLASH 2000,10.1021/acs.energyfuels.3c02599,10_1021_acs_energyfuels_3c02599.pdf,"[1871, 1888]"
sample_type,Bio-oil and its hydrotreated effluents,10.1021/acs.energyfuels.3c02599,10_1021_acs_energyfuels_3c02599.pdf,"[1756, 1794]"
instrument,Flash SMART analyzer,10.1021/acs.energyfuels.3c02599,10_1021_acs_energyfuels_3c02599.pdf,"[1983, 2003]"
instrument,FT-ICR MS,10.1021/acs.energyfuels.3c02599,10_1021_acs_energyfuels_3c02599.pdf,"[3094, 3103]"
ionization_method,APCI,10.1021/acs.energyfuels.3c02599,10_1021_acs_energyfuels_3c02599.pdf,"[3387, 3391]"
sample_type,alkanes,10.1021/acs.energyfuels.3c02599,10_1021_acs_energyfuels_3c02599.pdf,"[2948, 2955]"
sample_type,Bulk Elemental Composition for the Bio-Oil Feed and the Hydrotreated Effluents,10.1021/acs.energyfuels.3c02599,10_1021_acs_energyfuels_3c02599.pdf,"[3850, 3928]"
instrument,Mitsubishi TN2100 V analyzer,10.1021/acs.energyfuels.3c02599,10_1021_acs_energyfuels_3c02599.pdf,"[4806, 4834]"
ionization_method,chemiluminescence detector,10.1021/acs.energyfuels.3c02599,10_1021_acs_energyfuels_3c02599.pdf,"[4859, 4885]"
instrument,21 T FT-ICR MS,10.1021/acs.energyfuels.3c02599,10_1021_acs_energyfuels_3c02599.pdf,"[6122, 6136]"
ionization_method,Negative-Ion ESI and Positive-Ion APPI,10.1021/acs.energyfuels.3c02599,10_1021_acs_energyfuels_3c02599.pdf,"[6072, 6110]"
sample_type,bio-oil feed (or RCFP biocrude) and hydrotreated effluents,10.1021/acs.energyfuels.3c02599,10_1021_acs_energyfuels_3c02599.pdf,"[6239, 6297]"
instrument,"APPI Ion Max source (Thermo Fisher Scientific, Inc., San Jose, CA)",10.1021/acs.energyfuels.3c02599,10_1021_acs_energyfuels_3c02599.pdf,"[6752, 6818]"
ionization_method,APPI,10.1021/acs.energyfuels.3c02599,10_1021_acs_energyfuels_3c02599.pdf,"[6620, 6624]"
sample_type,"+APPI, samples",10.1021/acs.energyfuels.3c02599,10_1021_acs_energyfuels_3c02599.pdf,"[6619, 6633]"
instrument,21 T FT-ICR mass spectrometer,10.1021/acs.energyfuels.3c02599,10_1021_acs_energyfuels_3c02599.pdf,"[7121, 7150]"
instrument,dynamically harmonized ICR,10.1021/acs.energyfuels.3c02599,10_1021_acs_energyfuels_3c02599.pdf,"[7623, 7649]"
dataset_accession,OSF.IO/BVM65,10.1021/acs.energyfuels.3c02599,10_1021_acs_energyfuels_3c02599.pdf,"[8574, 8587]"
sample_type,Water,10.1021/acs.energyfuels.3c04994,10_1021_acs_energyfuels_3c04994.pdf,"[489, 494]"
sample_type,river sediment,10.1021/acs.energyfuels.3c04994,10_1021_acs_energyfuels_3c04994.pdf,"[900, 914]"
sample_type,conventional crude oil,10.1021/acs.energyfuels.3c04994,10_1021_acs_energyfuels_3c04994.pdf,"[1059, 1081]"
sample_type,water samples,10.1021/acs.energyfuels.3c04994,10_1021_acs_energyfuels_3c04994.pdf,"[2216, 2229]"
instrument,LTQ Orbitrap Elite,10.1021/acs.energyfuels.3c04994,10_1021_acs_energyfuels_3c04994.pdf,"[3426, 3444]"
ionization_method,negative-ion ESI,10.1021/acs.energyfuels.3c04994,10_1021_acs_energyfuels_3c04994.pdf,"[3348, 3364]"
instrument,Orbitrap-MS,10.1021/acs.energyfuels.3c04994,10_1021_acs_energyfuels_3c04994.pdf,"[3789, 3800]"
ionization_method,negative-ion ESI,10.1021/acs.energyfuels.3c04994,10_1021_acs_energyfuels_3c04994.pdf,"[4055, 4071]"
sample_type,molecular composition of naphthenic acid mass envelope in historical samples,10.1021/acs.energyfuels.3c04994,10_1021_acs_energyfuels_3c04994.pdf,"[4012, 4109]"
instrument,FTICR-MS,10.1021/acs.energyfuels.3c04994,10_1021_acs_energyfuels_3c04994.pdf,"[4212, 4220]"
ionization_method,APPI,10.1021/acs.energyfuels.3c04994,10_1021_acs_energyfuels_3c04994.pdf,"[4148, 4152]"
ionization_method,negative-ion ESI,10.1021/acs.energyfuels.3c04994,10_1021_acs_energyfuels_3c04994.pdf,"[5031, 5047]"
instrument,9.4 FT-ICR mass spectrometer,10.1021/acs.energyfuels.3c04994,10_1021_acs_energyfuels_3c04994.pdf,"[6600, 6628]"
ionization_method,Positive-ion APPI,10.1021/acs.energyfuels.3c04994,10_1021_acs_energyfuels_3c04994.pdf,"[6538, 6555]"
instrument,Orbitrap-MS,10.1021/acs.energyfuels.3c04994,10_1021_acs_energyfuels_3c04994.pdf,"[7544, 7555]"
ionization_method,negative-ion ESI,10.1021/acs.energyfuels.3c04994,10_1021_acs_energyfuels_3c04994.pdf,"[7527, 7543]"
sample_type,APPI FT-ICR mass spectrum,10.1021/acs.energyfuels.3c04994,10_1021_acs_energyfuels_3c04994.pdf,"[7253, 7278]"
software_tools,Composer64 or PetroOrg,10.1021/acs.energyfuels.3c04994,10_1021_acs_energyfuels_3c04994.pdf,"[8188, 8210]"
software_tools,R version 4.0.3,10.1021/acs.energyfuels.3c04994,10_1021_acs_energyfuels_3c04994.pdf,"[8231, 8246]"
software_tools,"ggplot2, a component of the tidyverse package",10.1021/acs.energyfuels.3c04994,10_1021_acs_energyfuels_3c04994.pdf,"[8287, 8332]"
sample_type,Coals,10.1021/acs.energyfuels.3c05200,10_1021_acs_energyfuels_3c05200.pdf,"[33, 38]"
instrument,PerkinElmer Frontier FTIR spectrometer,10.1021/acs.energyfuels.3c05200,10_1021_acs_energyfuels_3c05200.pdf,"[1430, 1468]"
sample_type,Demineralized coal samples,10.1021/acs.energyfuels.3c05200,10_1021_acs_energyfuels_3c05200.pdf,"[1864, 1890]"
instrument,1-T magnet spectrometer,10.1021/acs.energyfuels.3c05200,10_1021_acs_energyfuels_3c05200.pdf,"[1979, 2002]"
sample_type,powdered coal sample,10.1021/acs.energyfuels.3c05200,10_1021_acs_energyfuels_3c05200.pdf,"[2121, 2141]"
facility,MagLab of Florida State University,10.1021/acs.energyfuels.3c05200,10_1021_acs_energyfuels_3c05200.pdf,"[2065, 2099]"
instrument,FEI Talos F200X,10.1021/acs.energyfuels.3c05200,10_1021_acs_energyfuels_3c05200.pdf,"[3593, 3608]"
sample_type,HRTEM micrographs,10.1021/acs.energyfuels.3c05200,10_1021_acs_energyfuels_3c05200.pdf,"[3555, 3572]"
facility,Materials Research Institute at The Pennsylvania State University,10.1021/acs.energyfuels.3c05200,10_1021_acs_energyfuels_3c05200.pdf,"[3714, 3779]"
sample_type,raw coal powder,10.1021/acs.energyfuels.3c05200,10_1021_acs_energyfuels_3c05200.pdf,"[3841, 3856]"
instrument,Bruker Ultraflextreme MALDI-TOF,10.1021/acs.energyfuels.3c05200,10_1021_acs_energyfuels_3c05200.pdf,"[5000, 5031]"
sample_type,raw coal powders,10.1021/acs.energyfuels.3c05200,10_1021_acs_energyfuels_3c05200.pdf,"[5161, 5177]"
instrument,custom-built hybrid linear ion trap FT-ICR mass spectrometer,10.1021/acs.energyfuels.3c05200,10_1021_acs_energyfuels_3c05200.pdf,"[6144, 6204]"
ionization_method,atmospheric pressure photoionization (APPI),10.1021/acs.energyfuels.3c05200,10_1021_acs_energyfuels_3c05200.pdf,"[6299, 6342]"
ionization_method,positive-ion APPI (APPI+),10.1021/acs.energyfuels.3c05200,10_1021_acs_energyfuels_3c05200.pdf,"[6656, 6681]"
software_tools,PetroOrg,10.1021/acs.energyfuels.3c05200,10_1021_acs_energyfuels_3c05200.pdf,"[9390, 9398]"
dataset_accession,https://osf.io/pt4un/,10.1021/acs.energyfuels.3c05200,10_1021_acs_energyfuels_3c05200.pdf,"[9806, 9827]"
instrument,21-tesla FT-ICR MS,10.1021/acs.energyfuels.4c01954,10_1021_acs_energyfuels_4c01954.pdf,"[1591, 1609]"
sample_type,plastic pyrolysis oils,10.1021/acs.energyfuels.4c01954,10_1021_acs_energyfuels_4c01954.pdf,"[1640, 1664]"
instrument,custom-built 21-tesla FT-ICR mass spectrometer,10.1021/acs.energyfuels.4c01954,10_1021_acs_energyfuels_4c01954.pdf,"[2384, 2434]"
sample_type,post-consumer plastic pyrolysis oil,10.1021/acs.energyfuels.4c01954,10_1021_acs_energyfuels_4c01954.pdf,"[1861, 1896]"
ionization_method,APPI,10.1021/acs.energyfuels.4c01954,10_1021_acs_energyfuels_4c01954.pdf,"[2966, 2970]"
sample_type,fast pyrolysis bio-oil,10.1021/acs.energyfuels.4c01959,10_1021_acs_energyfuels_4c01959.pdf,"[7328, 7350]"
facility,"TotalEnergies Research and Technology (Gonfreville, France)",10.1021/acs.energyfuels.4c01959,10_1021_acs_energyfuels_4c01959.pdf,"[7439, 7498]"
sample_type,bio-oil,10.1021/acs.energyfuels.4c01959,10_1021_acs_energyfuels_4c01959.pdf,"[9652, 9659]"
instrument,UltiMate 3000 Dionex,10.1021/acs.energyfuels.4c01959,10_1021_acs_energyfuels_4c01959.pdf,"[14109, 14129]"
facility,"Amsterdam, Netherlands",10.1021/acs.energyfuels.4c01959,10_1021_acs_energyfuels_4c01959.pdf,"[14184, 14206]"
instrument,Shimadzu GCMS-QP2010 SE,10.1021/acs.energyfuels.4c01959,10_1021_acs_energyfuels_4c01959.pdf,"[15959, 15982]"
sample_type,Original Samples and Recovered Fractions,10.1021/acs.energyfuels.4c01959,10_1021_acs_energyfuels_4c01959.pdf,"[15881, 15921]"
software_tools,homemade Python scripts Jupyter Notebooks,10.1021/acs.energyfuels.4c01959,10_1021_acs_energyfuels_4c01959.pdf,"[15709, 15750]"
sample_type,Samples,10.1021/acs.energyfuels.4c01959,10_1021_acs_energyfuels_4c01959.pdf,"[16288, 16295]"
instrument,Bruker AVANCE 400 MHz,10.1021/acs.energyfuels.4c01959,10_1021_acs_energyfuels_4c01959.pdf,"[17875, 17896]"
sample_type,samples,10.1021/acs.energyfuels.4c01959,10_1021_acs_energyfuels_4c01959.pdf,"[18059, 18066]"
facility,"Massachusetts, USA",10.1021/acs.energyfuels.4c01959,10_1021_acs_energyfuels_4c01959.pdf,"[17911, 17929]"
sample_type,lignocellulose pyrolysis oils,10.1021/acs.energyfuels.4c02496,10_1021_acs_energyfuels_4c02496.pdf,"[48, 77]"
sample_type,loblolly pine,10.1021/acs.energyfuels.4c02496,10_1021_acs_energyfuels_4c02496.pdf,"[1084, 1097]"
sample_type,"n -Hexane, toluene, dichloromethane stabilized with 50 ppm amylene, and THF",10.1021/acs.energyfuels.4c02496,10_1021_acs_energyfuels_4c02496.pdf,"[2732, 2807]"
sample_type,"Alkali lignin or Kraft lignin (Sigma-Aldrich, Germany)",10.1021/acs.energyfuels.4c02496,10_1021_acs_energyfuels_4c02496.pdf,"[2922, 2976]"
instrument,UltiMate 3000 Dionex highperformance liquid chromatography system,10.1021/acs.energyfuels.4c02496,10_1021_acs_energyfuels_4c02496.pdf,"[6879, 6951]"
sample_type,Gel Permeation Chromatography (GPC) analyses,10.1021/acs.energyfuels.4c02496,10_1021_acs_energyfuels_4c02496.pdf,"[6801, 6836]"
ionization_method,-ESI,10.1021/acs.energyfuels.4c02496,10_1021_acs_energyfuels_4c02496.pdf,"[8382, 8386]"
instrument,21T FT-ICR mass spectrometer,10.1021/acs.energyfuels.4c02496,10_1021_acs_energyfuels_4c02496.pdf,"[9490, 9518]"
ionization_method,negative-ion ESI,10.1021/acs.energyfuels.4c02496,10_1021_acs_energyfuels_4c02496.pdf,"[10136, 10152]"
sample_type,complex mixtures,10.1021/acs.energyfuels.4c02496,10_1021_acs_energyfuels_4c02496.pdf,"[9563, 9579]"
dataset_accession,10.17605/OSF.IO/JRVQG,10.1021/acs.energyfuels.4c02496,10_1021_acs_energyfuels_4c02496.pdf,"[9874, 9896]"
sample_type,bio-oil,10.1021/acs.energyfuels.4c02605,10_1021_acs_energyfuels_4c02605.pdf,"[33, 40]"
sample_type,bio-oil fractions,10.1021/acs.energyfuels.4c02605,10_1021_acs_energyfuels_4c02605.pdf,"[2330, 2347]"
instrument,custom-built hybrid linear ion trap FT-ICR mass spectrometer,10.1021/acs.energyfuels.4c02605,10_1021_acs_energyfuels_4c02605.pdf,"[4802, 4862]"
sample_type,"bio-oil fractions, acetylated fractions, and aging test samples",10.1021/acs.energyfuels.4c02605,10_1021_acs_energyfuels_4c02605.pdf,"[4717, 4780]"
software_tools,PetroOrg,10.1021/acs.energyfuels.4c02605,10_1021_acs_energyfuels_4c02605.pdf,"[6892, 6900]"
instrument,FT-ICR,10.1021/acs.energyfuels.4c02605,10_1021_acs_energyfuels_4c02605.pdf,"[8034, 8040]"
sample_type,molecular composition,10.1021/acs.energyfuels.4c02605,10_1021_acs_energyfuels_4c02605.pdf,"[8230, 8251]"
sample_type,bio-oil fractions,10.1021/acs.energyfuels.4c02605,10_1021_acs_energyfuels_4c02605.pdf,"[10202, 10219]"
instrument,FT-ICR MS,10.1021/acs.energyfuels.4c02605,10_1021_acs_energyfuels_4c02605.pdf,"[11028, 11037]"
software_tools,k-Means clustering analysis,10.1021/acs.energyfuels.4c02605,10_1021_acs_energyfuels_4c02605.pdf,"[10889, 10916]"
software_tools,RStudio version 2023.12.1 + 402,10.1021/acs.energyfuels.4c02605,10_1021_acs_energyfuels_4c02605.pdf,"[11328, 11359]"
software_tools,'factoextra' package,10.1021/acs.energyfuels.4c02605,10_1021_acs_energyfuels_4c02605.pdf,"[11406, 11426]"
instrument,21 T FT-ICR MS,10.1021/acs.energyfuels.4c03107,10_1021_acs_energyfuels_4c03107.pdf,"[2156, 2170]"
ionization_method,ESI,10.1021/acs.energyfuels.4c03107,10_1021_acs_energyfuels_4c03107.pdf,"[3408, 3411]"
instrument,21 T FT-ICR MS,10.1021/acs.energyfuels.4c03107,10_1021_acs_energyfuels_4c03107.pdf,"[3903, 3917]"
ionization_method,- microelectrospray ionization (ESI),10.1021/acs.energyfuels.4c03107,10_1021_acs_energyfuels_4c03107.pdf,"[4034, 4071]"
dataset_accession,10.17605/OSF.IO/VP3U8,10.1021/acs.energyfuels.4c03107,10_1021_acs_energyfuels_4c03107.pdf,"[5235, 5256]"
sample_type,"Saturates, Aromatics, Resins, and Asphaltene",10.1021/acs.energyfuels.4c03528,10_1021_acs_energyfuels_4c03528.pdf,"[953, 997]"
ionization_method,APPI,10.1021/acs.energyfuels.4c03528,10_1021_acs_energyfuels_4c03528.pdf,"[3874, 3878]"
sample_type,Selected samples,10.1021/acs.energyfuels.4c03528,10_1021_acs_energyfuels_4c03528.pdf,"[3771, 3787]"
instrument,custom-built hybrid linear ion trap FT-ICR MS,10.1021/acs.energyfuels.4c03528,10_1021_acs_energyfuels_4c03528.pdf,"[4857, 4902]"
ionization_method,APPI or ESI,10.1021/acs.energyfuels.4c03528,10_1021_acs_energyfuels_4c03528.pdf,"[4823, 4834]"
sample_type,Asphaltene Fractionation,10.1021/acs.energyfuels.4c03528,10_1021_acs_energyfuels_4c03528.pdf,"[6166, 6190]"
sample_type,Four different plastic pyrolysis oils,10.1021/acs.energyfuels.4c03835,10_1021_acs_energyfuels_4c03835.pdf,"[51, 88]"
sample_type,postconsumer plastic pyrolysis oils (PE),10.1021/acs.energyfuels.4c03835,10_1021_acs_energyfuels_4c03835.pdf,"[141, 180]"
sample_type,postconsumer plastic pyrolysis oils (PP),10.1021/acs.energyfuels.4c03835,10_1021_acs_energyfuels_4c03835.pdf,"[141, 194]"
sample_type,pyrolyzed virgin LDPE sample,10.1021/acs.energyfuels.4c03835,10_1021_acs_energyfuels_4c03835.pdf,"[203, 231]"
instrument,FT-ICR MS,10.1021/acs.energyfuels.4c03835,10_1021_acs_energyfuels_4c03835.pdf,"[2644, 2653]"
instrument,21 T FT-ICR mass spectrometer,10.1021/acs.energyfuels.4c03835,10_1021_acs_energyfuels_4c03835.pdf,"[2777, 2806]"
ionization_method,(+)APPI,10.1021/acs.energyfuels.4c03835,10_1021_acs_energyfuels_4c03835.pdf,"[2811, 2818]"
sample_type,hydrocarbons and oxygenates,10.1021/acs.energyfuels.4c03835,10_1021_acs_energyfuels_4c03835.pdf,"[2919, 2935]"
software_tools,Predator,10.1021/acs.energyfuels.4c03835,10_1021_acs_energyfuels_4c03835.pdf,"[5288, 5296]"
software_tools,PetroOrg,10.1021/acs.energyfuels.4c03835,10_1021_acs_energyfuels_4c03835.pdf,"[5758, 5766]"
sample_type,plastic pyrolysis oil,10.1021/acs.energyfuels.4c03835,10_1021_acs_energyfuels_4c03835.pdf,"[6580, 6601]"
sample_type,Macondo crude oil SRM 2779,10.1021/acs.energyfuels.4c03951,10_1021_acs_energyfuels_4c03951.pdf,"[185, 211]"
instrument,Thermo Scientific MaxQ 4000 orbital shaker,10.1021/acs.energyfuels.4c03951,10_1021_acs_energyfuels_4c03951.pdf,"[1544, 1586]"
sample_type,water samples,10.1021/acs.energyfuels.4c03951,10_1021_acs_energyfuels_4c03951.pdf,"[969, 982]"
sample_type,Bio-Ox,10.1021/acs.energyfuels.4c03951,10_1021_acs_energyfuels_4c03951.pdf,"[2404, 2410]"
instrument,FT-ICR MS,10.1021/acs.energyfuels.4c03951,10_1021_acs_energyfuels_4c03951.pdf,"[3765, 3774]"
sample_type,Water-soluble organics,10.1021/acs.energyfuels.4c03951,10_1021_acs_energyfuels_4c03951.pdf,"[3015, 3037]"
instrument,Shimadzu TOC-V WS analyzer,10.1021/acs.energyfuels.4c03951,10_1021_acs_energyfuels_4c03951.pdf,"[4828, 4854]"
sample_type,Dissolved organic carbon (DOC) concentrations,10.1021/acs.energyfuels.4c03951,10_1021_acs_energyfuels_4c03951.pdf,"[4758, 4803]"
sample_type,crude oil compounds,10.1021/acs.energyfuels.4c03951,10_1021_acs_energyfuels_4c03951.pdf,"[5899, 5918]"
instrument,Microtox model 500 analyzer,10.1021/acs.energyfuels.4c03951,10_1021_acs_energyfuels_4c03951.pdf,"[7104, 7131]"
sample_type,Pinewood pyrolysis bio-oil samples,10.1021/acs.energyfuels.4c05674,10_1021_acs_energyfuels_4c05674.pdf,"[800, 834]"
sample_type,alkali-extracted lignin,10.1021/acs.energyfuels.4c05674,10_1021_acs_energyfuels_4c05674.pdf,"[1714, 1737]"
sample_type,'F4 UASE' fraction,10.1021/acs.energyfuels.4c05674,10_1021_acs_energyfuels_4c05674.pdf,"[1746, 1764]"
sample_type,Kraft lignin,10.1021/acs.energyfuels.4c05674,10_1021_acs_energyfuels_4c05674.pdf,"[1781, 1793]"
sample_type,alkali lignin,10.1021/acs.energyfuels.4c05674,10_1021_acs_energyfuels_4c05674.pdf,"[1996, 2009]"
sample_type,F4 UASE fraction,10.1021/acs.energyfuels.4c05674,10_1021_acs_energyfuels_4c05674.pdf,"[2392, 2408]"
sample_type,bio-oil,10.1021/acs.energyfuels.4c05674,10_1021_acs_energyfuels_4c05674.pdf,"[2580, 2587]"
instrument,custom-designed 21T FT-ICR,10.1021/acs.energyfuels.4c05674,10_1021_acs_energyfuels_4c05674.pdf,"[4675, 4701]"
ionization_method,negative-ion electrospray ionization ( -ESI),10.1021/acs.energyfuels.4c05674,10_1021_acs_energyfuels_4c05674.pdf,"[4349, 4393]"
sample_type,bio-oil species,10.1021/acs.energyfuels.4c05674,10_1021_acs_energyfuels_4c05674.pdf,"[3995, 4010]"
instrument,Velos Pro dualcell linear ion trap,10.1021/acs.energyfuels.4c05674,10_1021_acs_energyfuels_4c05674.pdf,"[4777, 4811]"
sample_type,HPLC-MS experiments,10.1021/acs.energyfuels.4c05674,10_1021_acs_energyfuels_4c05674.pdf,"[5228, 5247]"
software_tools,Predator Acquisition data station,10.1021/acs.energyfuels.4c05674,10_1021_acs_energyfuels_4c05674.pdf,"[5186, 5219]"
instrument,Orbitrap Eclipse Tribrid (Thermo Fisher Scientific),10.1021/acs.energyfuels.4c05674,10_1021_acs_energyfuels_4c05674.pdf,"[5633, 5684]"
ionization_method,direct infusion,10.1021/acs.energyfuels.4c05674,10_1021_acs_energyfuels_4c05674.pdf,"[5707, 5722]"
sample_type,Model compounds,10.1021/acs.energyfuels.4c05674,10_1021_acs_energyfuels_4c05674.pdf,"[5748, 5763]"
software_tools,"Predator, PetroOrg, PyC2MC",10.1021/acs.energyfuels.4c05674,10_1021_acs_energyfuels_4c05674.pdf,"[6646, 6664]"
software_tools,Xcalibur,10.1021/acs.energyfuels.4c05674,10_1021_acs_energyfuels_4c05674.pdf,"[6989, 6997]"
dataset_accession,DOI 10.17605/OSF.IO/E723N,10.1021/acs.energyfuels.4c05674,10_1021_acs_energyfuels_4c05674.pdf,"[7508, 7533]"
sample_type,polyolefinic plastic pyrolysis oils,10.1021/acs.energyfuels.5c04213,10_1021_acs_energyfuels_5c04213.pdf,"[52, 90]"
sample_type,virgin low-density polyethylene (LDPE) pyrolysis oil,10.1021/acs.energyfuels.5c04213,10_1021_acs_energyfuels_5c04213.pdf,"[137, 193]"
sample_type,postconsumer plastic waste pyrolysis oils,10.1021/acs.energyfuels.5c04213,10_1021_acs_energyfuels_5c04213.pdf,"[207, 252]"
sample_type,polyethylene (PE) pyrolysis oil,10.1021/acs.energyfuels.5c04213,10_1021_acs_energyfuels_5c04213.pdf,"[254, 272]"
sample_type,polypropylene (PP) pyrolysis oil,10.1021/acs.energyfuels.5c04213,10_1021_acs_energyfuels_5c04213.pdf,"[275, 294]"
sample_type,mixed polyolefins (MPO) pyrolysis oil,10.1021/acs.energyfuels.5c04213,10_1021_acs_energyfuels_5c04213.pdf,"[302, 343]"
sample_type,postconsumer plastic waste fractions,10.1021/acs.energyfuels.5c04213,10_1021_acs_energyfuels_5c04213.pdf,"[1737, 1773]"
sample_type,Solid waste,10.1021/acs.energyfuels.5c04213,10_1021_acs_energyfuels_5c04213.pdf,"[3638, 3649]"
sample_type,Pyrolysis oil,10.1021/acs.energyfuels.5c04213,10_1021_acs_energyfuels_5c04213.pdf,"[3660, 3673]"
instrument,21 T FT-ICR mass spectrometer,10.1021/acs.energyfuels.5c04213,10_1021_acs_energyfuels_5c04213.pdf,"[4996, 5025]"
ionization_method,(+)ESI and (-)ESI,10.1021/acs.energyfuels.5c04213,10_1021_acs_energyfuels_5c04213.pdf,"[5046, 5063]"
sample_type,"basic and acidic nitrogen-, nitrogen oxide-, and halogen-containing species present in the four pyrolysis oils",10.1021/acs.energyfuels.5c04213,10_1021_acs_energyfuels_5c04213.pdf,"[5107, 5218]"
instrument,21 T FT-ICR mass spectrometer,10.1021/acs.energyfuels.5c04213,10_1021_acs_energyfuels_5c04213.pdf,"[5766, 5795]"
ionization_method,(+)ESI and (-)ESI,10.1021/acs.energyfuels.5c04213,10_1021_acs_energyfuels_5c04213.pdf,"[5681, 5698]"
instrument,FT-ICR MS instrument,10.1021/acs.energyfuels.5c04213,10_1021_acs_energyfuels_5c04213.pdf,"[6652, 6672]"
software_tools,Predator,10.1021/acs.energyfuels.5c04213,10_1021_acs_energyfuels_5c04213.pdf,"[6581, 6589]"
instrument,custom-built FT-ICR mass spectrometer,10.1021/acs.energyfuels.6b00497,10_1021_acs_energyfuels_6b00497.pdf,"[899, 936]"
sample_type,crude oil samples,10.1021/acs.energyfuels.6b00497,10_1021_acs_energyfuels_6b00497.pdf,"[50, 67]"
software_tools,PetroOrg N8.6,10.1021/acs.energyfuels.6b00497,10_1021_acs_energyfuels_6b00497.pdf,"[1186, 1199]"
ionization_method,negative-ion electrospray ionization (ESI),10.1021/acs.energyfuels.6b01090,10_1021_acs_energyfuels_6b01090.pdf,"[934, 976]"
sample_type,MIPs,10.1021/acs.energyfuels.6b01090,10_1021_acs_energyfuels_6b01090.pdf,"[519, 523]"
sample_type,ARN acids,10.1021/acs.energyfuels.6b01090,10_1021_acs_energyfuels_6b01090.pdf,"[655, 663]"
sample_type,ARN acids,10.1021/acs.energyfuels.6b01090,10_1021_acs_energyfuels_6b01090.pdf,"[1983, 1992]"
instrument,LTQ linear ion trap,10.1021/acs.energyfuels.6b01090,10_1021_acs_energyfuels_6b01090.pdf,"[2950, 2969]"
ionization_method,negative-ion ESI,10.1021/acs.energyfuels.6b01090,10_1021_acs_energyfuels_6b01090.pdf,"[2925, 2941]"
instrument,Synapt G2 HDMS,10.1021/acs.energyfuels.6b01191,10_1021_acs_energyfuels_6b01191.pdf,"[639, 653]"
ionization_method,APCI and APPI modes of operation,10.1021/acs.energyfuels.6b01191,10_1021_acs_energyfuels_6b01191.pdf,"[140, 172]"
sample_type,Two vacuum gas oils,10.1021/acs.energyfuels.6b01191,10_1021_acs_energyfuels_6b01191.pdf,"[47, 66]"
sample_type,Mass spectra,10.1021/acs.energyfuels.6b01191,10_1021_acs_energyfuels_6b01191.pdf,"[1028, 1040]"
instrument,custom-built Velos Pro 14.5 T FT-ICR mass spectrometer,10.1021/acs.energyfuels.6b01514,10_1021_acs_energyfuels_6b01514.pdf,"[2587, 2641]"
ionization_method,negative electrospray ionization,10.1021/acs.energyfuels.6b01514,10_1021_acs_energyfuels_6b01514.pdf,"[2530, 2562]"
sample_type,Interfacially active materials,10.1021/acs.energyfuels.6b02411,10_1021_acs_energyfuels_6b02411.pdf,"[59, 89]"
ionization_method,negative-ion electrospray ionization (ESI(-)),10.1021/acs.energyfuels.6b02411,10_1021_acs_energyfuels_6b02411.pdf,"[1499, 1535]"
sample_type,IM-MS experiments,10.1021/acs.energyfuels.6b02411,10_1021_acs_energyfuels_6b02411.pdf,"[906, 923]"
instrument,TOF mass analyzer,10.1021/acs.energyfuels.6b02411,10_1021_acs_energyfuels_6b02411.pdf,"[2154, 2171]"
ionization_method,ESI,10.1021/acs.energyfuels.6b02411,10_1021_acs_energyfuels_6b02411.pdf,"[3466, 3469]"
software_tools,PetroOrg,10.1021/acs.energyfuels.6b02411,10_1021_acs_energyfuels_6b02411.pdf,"[3169, 3177]"
sample_type,wetland plants,10.1021/acs.energyfuels.6b02643,10_1021_acs_energyfuels_6b02643.pdf,"[296, 310]"
sample_type,cattail (Typha latifolia),10.1021/acs.energyfuels.6b02643,10_1021_acs_energyfuels_6b02643.pdf,"[442, 469]"
sample_type,hardstem bulrush (Schoenoplectus acutus),10.1021/acs.energyfuels.6b02643,10_1021_acs_energyfuels_6b02643.pdf,"[471, 513]"
sample_type,aquatic sedge (Carex aquatilis),10.1021/acs.energyfuels.6b02643,10_1021_acs_energyfuels_6b02643.pdf,"[519, 552]"
sample_type,aquatic mosses (bryophytes),10.1021/acs.energyfuels.6b02643,10_1021_acs_energyfuels_6b02643.pdf,"[554, 581]"
sample_type,analytes,10.1021/acs.energyfuels.6b02643,10_1021_acs_energyfuels_6b02643.pdf,"[3149, 3157]"
sample_type,OSPW extracts,10.1021/acs.energyfuels.6b02643,10_1021_acs_energyfuels_6b02643.pdf,"[4501, 4514]"
software_tools,Predator,10.1021/acs.energyfuels.6b02643,10_1021_acs_energyfuels_6b02643.pdf,"[4725, 4733]"
ionization_method,negative-ion ESI-FT-ICR-MS,10.1021/acs.energyfuels.6b02643,10_1021_acs_energyfuels_6b02643.pdf,"[5876, 5902]"
sample_type,OSPW (OS) incubated with cattail plants (C1),10.1021/acs.energyfuels.6b02643,10_1021_acs_energyfuels_6b02643.pdf,"[5818, 5862]"
instrument,negative-ion ESI-FT-ICR-MS,10.1021/acs.energyfuels.6b02643,10_1021_acs_energyfuels_6b02643.pdf,"[9049, 9075]"
sample_type,OSPW (OS) incubated with sedge plants (S1),10.1021/acs.energyfuels.6b02643,10_1021_acs_energyfuels_6b02643.pdf,"[8993, 9035]"
sample_type,Class distribution for selected classes from initial OSPW (i-OSPW) prior to incubating with wetland plants generated by negative-ion ESIFT-ICR-MS data with WAX and ENV+ SPE methods,10.1021/acs.energyfuels.6b02643,10_1021_acs_energyfuels_6b02643.pdf,"[9258, 9438]"
sample_type,interfaces that presented rheological properties of a two-dimensional (2D) gel near its glass transition,10.1021/acs.energyfuels.6b02897,10_1021_acs_energyfuels_6b02897.pdf,"[3855, 3959]"
ionization_method,FT ICR MS,10.1021/acs.energyfuels.6b02897,10_1021_acs_energyfuels_6b02897.pdf,"[9080, 9089]"
sample_type,IM isolated from the wet silica method,10.1021/acs.energyfuels.6b02897,10_1021_acs_energyfuels_6b02897.pdf,"[9098, 9136]"
instrument,drop tensiometer,10.1021/acs.energyfuels.6b02897,10_1021_acs_energyfuels_6b02897.pdf,"[11432, 11448]"
instrument,MCR 302 rheometer,10.1021/acs.energyfuels.6b02897,10_1021_acs_energyfuels_6b02897.pdf,"[13071, 13088]"
sample_type,emulsions,10.1021/acs.energyfuels.6b02897,10_1021_acs_energyfuels_6b02897.pdf,"[15800, 15809]"
sample_type,interfacial material (IM),10.1021/acs.energyfuels.6b02899,10_1021_acs_energyfuels_6b02899.pdf,"[1397, 1422]"
instrument,Fourier transform ion cyclotron resonance mass spectrometry (FT-ICR MS),10.1021/acs.energyfuels.6b02899,10_1021_acs_energyfuels_6b02899.pdf,"[5454, 5525]"
instrument,ICP HR MS,10.1021/acs.energyfuels.6b02899,10_1021_acs_energyfuels_6b02899.pdf,"[8102, 8111]"
sample_type,IMs isolated by the wet silica method from four different crude oils,10.1021/acs.energyfuels.6b02899,10_1021_acs_energyfuels_6b02899.pdf,"[8295, 8342]"
instrument,GPC columns,10.1021/acs.energyfuels.6b02899,10_1021_acs_energyfuels_6b02899.pdf,"[10343, 10354]"
sample_type,Multisolvent GPC grade ACS,10.1021/acs.energyfuels.6b02899,10_1021_acs_energyfuels_6b02899.pdf,"[10077, 10103]"
sample_type,samples,10.1021/acs.energyfuels.6b02899,10_1021_acs_energyfuels_6b02899.pdf,"[11306, 11313]"
sample_type,HTL biocrude samples,10.1021/acs.energyfuels.6b03022,10_1021_acs_energyfuels_6b03022.pdf,"[1309, 1329]"
ionization_method,positive-ion electrospray ionization (ESI),10.1021/acs.energyfuels.6b03022,10_1021_acs_energyfuels_6b03022.pdf,"[2061, 2103]"
sample_type,"GOM and shale oils, biocrudes",10.1021/acs.energyfuels.6b03022,10_1021_acs_energyfuels_6b03022.pdf,"[2251, 2270]"
ionization_method,ESI,10.1021/acs.energyfuels.6b03022,10_1021_acs_energyfuels_6b03022.pdf,"[2712, 2715]"
ionization_method,APPI,10.1021/acs.energyfuels.6b03022,10_1021_acs_energyfuels_6b03022.pdf,"[2762, 2766]"
instrument,custom-built 9.4 T Fourier transform ion cyclotron resonance mass spectrometer,10.1021/acs.energyfuels.6b03022,10_1021_acs_energyfuels_6b03022.pdf,"[3351, 3429]"
software_tools,PREDATOR,10.1021/acs.energyfuels.6b03022,10_1021_acs_energyfuels_6b03022.pdf,"[3595, 3603]"
facility,national FT-ICR MS user facility at the National High Magnetic Field Laboratory,10.1021/acs.energyfuels.6b03022,10_1021_acs_energyfuels_6b03022.pdf,"[3437, 3516]"
ionization_method,ESI,10.1021/acs.energyfuels.6b03022,10_1021_acs_energyfuels_6b03022.pdf,"[3840, 3843]"
sample_type,Ions generated at atmospheric pressure,10.1021/acs.energyfuels.6b03022,10_1021_acs_energyfuels_6b03022.pdf,"[3609, 3647]"
software_tools,PetroOrg,10.1021/acs.energyfuels.6b03022,10_1021_acs_energyfuels_6b03022.pdf,"[4788, 4796]"
instrument,custom-built,10.1021/acs.energyfuels.7b00490,10_1021_acs_energyfuels_7b00490.pdf,"[2789, 2801]"
ionization_method,FT-ICR MS,10.1021/acs.energyfuels.7b00490,10_1021_acs_energyfuels_7b00490.pdf,"[2750, 2759]"
instrument,4-T FT-ICR mass spectrometer,10.1021/acs.energyfuels.7b00490,10_1021_acs_energyfuels_7b00490.pdf,"[2804, 2832]"
software_tools,PetroOrg,10.1021/acs.energyfuels.7b00490,10_1021_acs_energyfuels_7b00490.pdf,"[3273, 3281]"
instrument,Horiba Scienti fi c Aqualog benchtop fl uorometer,10.1021/acs.energyfuels.7b00490,10_1021_acs_energyfuels_7b00490.pdf,"[3743, 3792]"
instrument,Leco Pegasus 4D system,10.1021/acs.energyfuels.7b00865,10_1021_acs_energyfuels_7b00865.pdf,"[1446, 1468]"
software_tools,ChromaTOF software (version 4.50),10.1021/acs.energyfuels.7b00865,10_1021_acs_energyfuels_7b00865.pdf,"[2461, 2494]"
instrument,PerkinElmer Spectrum 100 ATR FT-IR spectrometer,10.1021/acs.energyfuels.7b00865,10_1021_acs_energyfuels_7b00865.pdf,"[3101, 3148]"
sample_type,pyrolysis oils,10.1021/acs.energyfuels.7b00865,10_1021_acs_energyfuels_7b00865.pdf,"[3285, 3294]"
sample_type,ketones,10.1021/acs.energyfuels.7b01803,10_1021_acs_energyfuels_7b01803.pdf,"[1218, 1225]"
software_tools,Gas chromatography/mass spectrometry,10.1021/acs.energyfuels.7b01803,10_1021_acs_energyfuels_7b01803.pdf,"[1670, 1706]"
sample_type,NAP concentration in petroleum,10.1021/acs.energyfuels.7b01803,10_1021_acs_energyfuels_7b01803.pdf,"[2694, 2724]"
sample_type,mass of iron lost from coupons,10.1021/acs.energyfuels.7b01803,10_1021_acs_energyfuels_7b01803.pdf,"[3706, 3736]"
ionization_method,Fourier transform ion cyclotron resonance mass spectrometry (FT-ICR MS),10.1021/acs.energyfuels.7b01803,10_1021_acs_energyfuels_7b01803.pdf,"[7082, 7153]"
sample_type,Corrosion Test Samples,10.1021/acs.energyfuels.7b01803,10_1021_acs_energyfuels_7b01803.pdf,"[7972, 7994]"
instrument,Agilent 5973 mass spectrometer,10.1021/acs.energyfuels.7b01803,10_1021_acs_energyfuels_7b01803.pdf,"[10988, 11018]"
sample_type,Liquid chromatography SAX fractions,10.1021/acs.energyfuels.7b01803,10_1021_acs_energyfuels_7b01803.pdf,"[10921, 10956]"
instrument,custom-built passively shielded 9.4T FT-ICR mass spectrometer,10.1021/acs.energyfuels.7b01803,10_1021_acs_energyfuels_7b01803.pdf,"[13485, 13546]"
sample_type,derivatized ketones,10.1021/acs.energyfuels.7b01803,10_1021_acs_energyfuels_7b01803.pdf,"[13026, 13045]"
software_tools,Predator,10.1021/acs.energyfuels.7b01803,10_1021_acs_energyfuels_7b01803.pdf,"[13614, 13622]"
software_tools,Custom software (PetroOrg),10.1021/acs.energyfuels.7b01803,10_1021_acs_energyfuels_7b01803.pdf,"[15222, 15247]"
instrument,HPLC3,10.1021/acs.energyfuels.7b02589,10_1021_acs_energyfuels_7b02589.pdf,"[1570, 1575]"
sample_type,heavy crude oil sample,10.1021/acs.energyfuels.7b02589,10_1021_acs_energyfuels_7b02589.pdf,"[895, 917]"
sample_type,Model compounds,10.1021/acs.energyfuels.7b02589,10_1021_acs_energyfuels_7b02589.pdf,"[1109, 1124]"
sample_type,Crude samples,10.1021/acs.energyfuels.7b02589,10_1021_acs_energyfuels_7b02589.pdf,"[1261, 1274]"
sample_type,quality control sample,10.1021/acs.energyfuels.7b02589,10_1021_acs_energyfuels_7b02589.pdf,"[1344, 1366]"
instrument,Thermo-Fisher Ion Maxx APPI source,10.1021/acs.energyfuels.7b02859,10_1021_acs_energyfuels_7b02859.pdf,"[3154, 3188]"
ionization_method,Positive-Ion APPI,10.1021/acs.energyfuels.7b02859,10_1021_acs_energyfuels_7b02859.pdf,"[2969, 2986]"
sample_type,"Whole PetroPhase 2017 asphaltenes (W), whole desorbed asphaltenes (WD), and TLC fractions",10.1021/acs.energyfuels.7b02859,10_1021_acs_energyfuels_7b02859.pdf,"[2988, 3063]"
instrument,custom-built FT-ICR mass spectrometer,10.1021/acs.energyfuels.7b02859,10_1021_acs_energyfuels_7b02859.pdf,"[3972, 4009]"
sample_type,Asphaltenes and fractions,10.1021/acs.energyfuels.7b02859,10_1021_acs_energyfuels_7b02859.pdf,"[3925, 3950]"
software_tools,PetroOrg N13.3,10.1021/acs.energyfuels.7b02859,10_1021_acs_energyfuels_7b02859.pdf,"[5403, 5417]"
instrument,Turbiscan Lab,10.1021/acs.energyfuels.7b02859,10_1021_acs_energyfuels_7b02859.pdf,"[5873, 5886]"
instrument,Turbiscan Lab,10.1021/acs.energyfuels.7b02859,10_1021_acs_energyfuels_7b02859.pdf,"[6504, 6517]"
sample_type,solutions,10.1021/acs.energyfuels.7b02859,10_1021_acs_energyfuels_7b02859.pdf,"[6370, 6379]"
sample_type,Crude oils,10.1021/acs.energyfuels.7b02873,10_1021_acs_energyfuels_7b02873.pdf,"[988, 998]"
instrument,Thermo-Fisher Ion Max APPI source,10.1021/acs.energyfuels.7b02873,10_1021_acs_energyfuels_7b02873.pdf,"[2221, 2254]"
sample_type,Samples,10.1021/acs.energyfuels.7b02873,10_1021_acs_energyfuels_7b02873.pdf,"[2604, 2611]"
software_tools,Predator,10.1021/acs.energyfuels.7b02873,10_1021_acs_energyfuels_7b02873.pdf,"[2863, 2871]"
ionization_method,APPI,10.1021/acs.energyfuels.7b02873,10_1021_acs_energyfuels_7b02873.pdf,"[3327, 3331]"
ionization_method,IRMPD,10.1021/acs.energyfuels.7b02873,10_1021_acs_energyfuels_7b02873.pdf,"[4023, 4028]"
sample_type,Mass segments,10.1021/acs.energyfuels.7b02873,10_1021_acs_energyfuels_7b02873.pdf,"[3830, 3843]"
instrument,custom-built FT-ICR mass spectrometer,10.1021/acs.energyfuels.7b03061,10_1021_acs_energyfuels_7b03061.pdf,"[822, 859]"
ionization_method,atmospheric pressure photoionization (APPI),10.1021/acs.energyfuels.7b03061,10_1021_acs_energyfuels_7b03061.pdf,"[502, 545]"
ionization_method,APPI,10.1021/acs.energyfuels.7b03061,10_1021_acs_energyfuels_7b03061.pdf,"[1170, 1174]"
instrument,custom-built FT-ICR mass spectrometer,10.1021/acs.energyfuels.7b03061,10_1021_acs_energyfuels_7b03061.pdf,"[2014, 2051]"
software_tools,PREDATOR,10.1021/acs.energyfuels.7b03061,10_1021_acs_energyfuels_7b03061.pdf,"[2214, 2222]"
software_tools,PetroOrg,10.1021/acs.energyfuels.7b03061,10_1021_acs_energyfuels_7b03061.pdf,"[3700, 3708]"
sample_type,chemical compounds,10.1021/acs.energyfuels.7b03061,10_1021_acs_energyfuels_7b03061.pdf,"[8961, 8979]"
ionization_method,positive APPI,10.1021/acs.energyfuels.7b03061,10_1021_acs_energyfuels_7b03061.pdf,"[9659, 9672]"
sample_type,S1 class compounds in Arabian heavy oil and NIST 2717a,10.1021/acs.energyfuels.7b03061,10_1021_acs_energyfuels_7b03061.pdf,"[9588, 9642]"
ionization_method,(+) ESI,10.1021/acs.energyfuels.7b03204,10_1021_acs_energyfuels_7b03204.pdf,"[559, 566]"
sample_type,oil spill contaminant,10.1021/acs.energyfuels.7b03204,10_1021_acs_energyfuels_7b03204.pdf,"[567, 588]"
instrument,custom-built mass spectrometer,10.1021/acs.energyfuels.7b03204,10_1021_acs_energyfuels_7b03204.pdf,"[1332, 1362]"
instrument,TOF mass spectrometer,10.1021/acs.energyfuels.7b03204,10_1021_acs_energyfuels_7b03204.pdf,"[3171, 3192]"
instrument,Fourier transform ion cyclotron resonance mass spectrometry (FT-ICR MS),10.1021/acs.energyfuels.7b03281,10_1021_acs_energyfuels_7b03281.pdf,"[626, 697]"
sample_type,asphaltenes,10.1021/acs.energyfuels.7b03281,10_1021_acs_energyfuels_7b03281.pdf,"[1334, 1345]"
sample_type,whole asphaltenes,10.1021/acs.energyfuels.7b03281,10_1021_acs_energyfuels_7b03281.pdf,"[2277, 2294]"
ionization_method,positive-ion atmospheric pressure photoionization (APPI),10.1021/acs.energyfuels.7b03281,10_1021_acs_energyfuels_7b03281.pdf,"[3287, 3343]"
sample_type,asphaltenes,10.1021/acs.energyfuels.7b03281,10_1021_acs_energyfuels_7b03281.pdf,"[3452, 3463]"
ionization_method,atmospheric pressure photoionization (APPI),10.1021/acs.energyfuels.7b03281,10_1021_acs_energyfuels_7b03281.pdf,"[6022, 6065]"
sample_type,asphaltenes,10.1021/acs.energyfuels.7b03281,10_1021_acs_energyfuels_7b03281.pdf,"[6136, 6147]"
sample_type,asphaltene samples,10.1021/acs.energyfuels.7b03281,10_1021_acs_energyfuels_7b03281.pdf,"[6597, 6615]"
sample_type,maltene fractions,10.1021/acs.energyfuels.7b03281,10_1021_acs_energyfuels_7b03281.pdf,"[6748, 6765]"
ionization_method,APPI -high-resolution MS,10.1021/acs.energyfuels.7b03281,10_1021_acs_energyfuels_7b03281.pdf,"[7572, 7596]"
ionization_method,positive-and negative-ion electrospray ionization (ESI),10.1021/acs.energyfuels.7b03281,10_1021_acs_energyfuels_7b03281.pdf,"[9523, 9630]"
sample_type,"naphthenic acid, interfacially active, and basic nitrogen compounds",10.1021/acs.energyfuels.7b03281,10_1021_acs_energyfuels_7b03281.pdf,"[9400, 9467]"
sample_type,asphaltene compounds,10.1021/acs.energyfuels.7b03281,10_1021_acs_energyfuels_7b03281.pdf,"[12201, 12221]"
software_tools,NMR and high-resolution MS analyses,10.1021/acs.energyfuels.7b03281,10_1021_acs_energyfuels_7b03281.pdf,"[12929, 12964]"
sample_type,Asphaltene Samples,10.1021/acs.energyfuels.7b03281,10_1021_acs_energyfuels_7b03281.pdf,"[15051, 15069]"
ionization_method,(+) APPI,10.1021/acs.energyfuels.7b03281,10_1021_acs_energyfuels_7b03281.pdf,"[17502, 17510]"
sample_type,asphaltene samples and fractions,10.1021/acs.energyfuels.7b03281,10_1021_acs_energyfuels_7b03281.pdf,"[17527, 17559]"
instrument,4 T Fourier transform ion cyclotron resonance mass spectrometer,10.1021/acs.energyfuels.7b03281,10_1021_acs_energyfuels_7b03281.pdf,"[17706, 17769]"
software_tools,PetroOrg N-15.0,10.1021/acs.energyfuels.7b03281,10_1021_acs_energyfuels_7b03281.pdf,"[18039, 18054]"
instrument,Thermo Finnigan Elemental Analyzer,10.1021/acs.energyfuels.7b03944,10_1021_acs_energyfuels_7b03944.pdf,"[423, 457]"
sample_type,Bangladesh furnace oil and Texas City IFO,10.1021/acs.energyfuels.7b03944,10_1021_acs_energyfuels_7b03944.pdf,"[363, 404]"
ionization_method,atmospheric pressure photoionization (APPI),10.1021/acs.energyfuels.7b03944,10_1021_acs_energyfuels_7b03944.pdf,"[2131, 2174]"
sample_type,oil,10.1021/acs.energyfuels.7b03944,10_1021_acs_energyfuels_7b03944.pdf,"[2001, 2004]"
sample_type,Pyrolysis oil samples,10.1021/acs.energyfuels.8b00596,10_1021_acs_energyfuels_8b00596.pdf,"[47, 68]"
facility,Intertek,10.1021/acs.energyfuels.8b00596,10_1021_acs_energyfuels_8b00596.pdf,"[595, 603]"
sample_type,lubricant oil standard,10.1021/acs.energyfuels.8b00596,10_1021_acs_energyfuels_8b00596.pdf,"[1793, 1815]"
instrument,Leco Pegasus 4D system,10.1021/acs.energyfuels.8b00596,10_1021_acs_energyfuels_8b00596.pdf,"[2069, 2091]"
instrument,Waters GCT Premier,10.1021/acs.energyfuels.8b00596,10_1021_acs_energyfuels_8b00596.pdf,"[3765, 3783]"
ionization_method,Field ionization,10.1021/acs.energyfuels.8b00596,10_1021_acs_energyfuels_8b00596.pdf,"[3679, 3695]"
instrument,custom built 9.4 T FTICR mass spectrometer,10.1021/acs.energyfuels.8b00596,10_1021_acs_energyfuels_8b00596.pdf,"[4599, 4641]"
ionization_method,atmospheric pressure photoionization (APPI),10.1021/acs.energyfuels.8b00596,10_1021_acs_energyfuels_8b00596.pdf,"[4478, 4521]"
sample_type,saturated hydrocarbon sample,10.1021/acs.energyfuels.8b00596,10_1021_acs_energyfuels_8b00596.pdf,"[3848, 3876]"
instrument,PerkinElmer Spectrum 100 ATR FT-IR spectrometer,10.1021/acs.energyfuels.8b00596,10_1021_acs_energyfuels_8b00596.pdf,"[5163, 5210]"
sample_type,zinc selenide crystal,10.1021/acs.energyfuels.8b00596,10_1021_acs_energyfuels_8b00596.pdf,"[5247, 5268]"
software_tools,PetroOrg,10.1021/acs.energyfuels.8b00596,10_1021_acs_energyfuels_8b00596.pdf,"[5128, 5136]"
sample_type,biomass feed,10.1021/acs.energyfuels.8b01445,10_1021_acs_energyfuels_8b01445.pdf,"[1818, 1830]"
sample_type,raw and hydrotreated biocrude liquid,10.1021/acs.energyfuels.8b01445,10_1021_acs_energyfuels_8b01445.pdf,"[1846, 1882]"
facility,"ALS Environmental (Tucson, AZ)",10.1021/acs.energyfuels.8b01445,10_1021_acs_energyfuels_8b01445.pdf,"[1750, 1780]"
ionization_method,atmospheric pressure photoionization,10.1021/acs.energyfuels.8b01445,10_1021_acs_energyfuels_8b01445.pdf,"[4382, 4418]"
sample_type,Biocrudes,10.1021/acs.energyfuels.8b01445,10_1021_acs_energyfuels_8b01445.pdf,"[3869, 3877]"
instrument,custom-built 9.4 T Fourier transform ion cyclotron resonance mass spectrometer,10.1021/acs.energyfuels.8b01445,10_1021_acs_energyfuels_8b01445.pdf,"[5057, 5135]"
ionization_method,dopant-assisted photoionization,10.1021/acs.energyfuels.8b01445,10_1021_acs_energyfuels_8b01445.pdf,"[4968, 4999]"
sample_type,Toluene,10.1021/acs.energyfuels.8b01445,10_1021_acs_energyfuels_8b01445.pdf,"[4891, 4898]"
facility,national FT-ICR MS user facility at the National High Magnetic Field Laboratory,10.1021/acs.energyfuels.8b01445,10_1021_acs_energyfuels_8b01445.pdf,"[5143, 5222]"
software_tools,PetroOrg,10.1021/acs.energyfuels.8b01445,10_1021_acs_energyfuels_8b01445.pdf,"[6414, 6422]"
sample_type,carbon,10.1021/acs.energyfuels.8b01445,10_1021_acs_energyfuels_8b01445.pdf,"[7528, 7534]"
sample_type,hydrogen,10.1021/acs.energyfuels.8b01445,10_1021_acs_energyfuels_8b01445.pdf,"[7648, 7656]"
sample_type,oxygen,10.1021/acs.energyfuels.8b01445,10_1021_acs_energyfuels_8b01445.pdf,"[7768, 7774]"
sample_type,nitrogen,10.1021/acs.energyfuels.8b01445,10_1021_acs_energyfuels_8b01445.pdf,"[7888, 7896]"
sample_type,sulfur,10.1021/acs.energyfuels.8b01445,10_1021_acs_energyfuels_8b01445.pdf,"[8008, 8014]"
sample_type,H/C (mol ratio),10.1021/acs.energyfuels.8b01445,10_1021_acs_energyfuels_8b01445.pdf,"[8128, 8143]"
sample_type,TAN (mg KOH/g oil),10.1021/acs.energyfuels.8b01445,10_1021_acs_energyfuels_8b01445.pdf,"[8248, 8266]"
sample_type,density (g/mL),10.1021/acs.energyfuels.8b01445,10_1021_acs_energyfuels_8b01445.pdf,"[8368, 8382]"
sample_type,biocrudes,10.1021/acs.energyfuels.8b01445,10_1021_acs_energyfuels_8b01445.pdf,"[9248, 9257]"
sample_type,Wyoming Deposit and Athabasca Bitumen samples,10.1021/acs.energyfuels.8b01765,10_1021_acs_energyfuels_8b01765.pdf,"[939, 984]"
sample_type,C7 asphaltenes,10.1021/acs.energyfuels.8b01765,10_1021_acs_energyfuels_8b01765.pdf,"[1481, 1496]"
instrument,ThermoFisher Ion Max,10.1021/acs.energyfuels.8b01765,10_1021_acs_energyfuels_8b01765.pdf,"[2663, 2683]"
ionization_method,Positive-Ion Atmospheric Pressure Photoionization (APPI),10.1021/acs.energyfuels.8b01765,10_1021_acs_energyfuels_8b01765.pdf,"[2359, 2408]"
sample_type,Wyoming Deposit and Athabasca Bitumen C7 asphaltenes and their extrography fractions,10.1021/acs.energyfuels.8b01765,10_1021_acs_energyfuels_8b01765.pdf,"[2491, 2575]"
instrument,custom-built 9.4 T Fourier transform ion cyclotron resonance mass spectrometer,10.1021/acs.energyfuels.8b01765,10_1021_acs_energyfuels_8b01765.pdf,"[2797, 2875]"
software_tools,PetroOrg N-16.0 Software,10.1021/acs.energyfuels.8b01765,10_1021_acs_energyfuels_8b01765.pdf,"[3116, 3140]"
instrument,AKTA purifier liquid chromatography system,10.1021/acs.energyfuels.8b02788,10_1021_acs_energyfuels_8b02788.pdf,"[99, 141]"
instrument,Thermo Scienti fi c Element XR,10.1021/acs.energyfuels.8b02788,10_1021_acs_energyfuels_8b02788.pdf,"[1693, 1720]"
instrument,a custom-built 9.4 T FT-ICR mass spectrometer,10.1021/acs.energyfuels.8b02788,10_1021_acs_energyfuels_8b02788.pdf,"[2343, 2388]"
ionization_method,positive APPI,10.1021/acs.energyfuels.8b02788,10_1021_acs_energyfuels_8b02788.pdf,"[2324, 2337]"
ionization_method,direct infusion,10.1021/acs.energyfuels.8b02788,10_1021_acs_energyfuels_8b02788.pdf,"[2805, 2820]"
sample_type,samples and fractions,10.1021/acs.energyfuels.8b02788,10_1021_acs_energyfuels_8b02788.pdf,"[2719, 2740]"
sample_type,asphaltenes,10.1021/acs.energyfuels.8b03835,10_1021_acs_energyfuels_8b03835.pdf,"[5581, 5592]"
instrument,microchannel,10.1021/acs.energyfuels.8b03835,10_1021_acs_energyfuels_8b03835.pdf,"[5795, 5807]"
ionization_method,positive-ion electrospray ionization (ESI),10.1021/acs.energyfuels.8b04219,10_1021_acs_energyfuels_8b04219.pdf,"[988, 1030]"
sample_type,Asphaltenes,10.1021/acs.energyfuels.8b04219,10_1021_acs_energyfuels_8b04219.pdf,"[1326, 1337]"
sample_type,Asphaltenes,10.1021/acs.energyfuels.8b04219,10_1021_acs_energyfuels_8b04219.pdf,"[2075, 2086]"
instrument,linear ion-trap mass spectrometer,10.1021/acs.energyfuels.8b04219,10_1021_acs_energyfuels_8b04219.pdf,"[2779, 2812]"
ionization_method,Positive-ion APPI broadband,10.1021/acs.energyfuels.8b04219,10_1021_acs_energyfuels_8b04219.pdf,"[2717, 2744]"
instrument,FT-ICR,10.1021/acs.energyfuels.8b04219,10_1021_acs_energyfuels_8b04219.pdf,"[3795, 3801]"
facility,greenhouse facility,10.1021/acs.energyfuels.9b00469,10_1021_acs_energyfuels_9b00469.pdf,"[1579, 1598]"
instrument,custom-built FT-ICR mass spectrometer,10.1021/acs.energyfuels.9b00469,10_1021_acs_energyfuels_9b00469.pdf,"[2557, 2594]"
sample_type,OSPW extracts,10.1021/acs.energyfuels.9b00469,10_1021_acs_energyfuels_9b00469.pdf,"[2226, 2239]"
ionization_method,APPI,10.1021/acs.energyfuels.9b00469,10_1021_acs_energyfuels_9b00469.pdf,"[2802, 2806]"
instrument,open cylindrical penning ion trap,10.1021/acs.energyfuels.9b00469,10_1021_acs_energyfuels_9b00469.pdf,"[4228, 4261]"
sample_type,hydrocarbons,10.1021/acs.energyfuels.9b00469,10_1021_acs_energyfuels_9b00469.pdf,"[6027, 6039]"
sample_type,sulfur assignments,10.1021/acs.energyfuels.9b00469,10_1021_acs_energyfuels_9b00469.pdf,"[6059, 6077]"
software_tools,PetroOrg software 67,10.1021/acs.energyfuels.9b00469,10_1021_acs_energyfuels_9b00469.pdf,"[6128, 6148]"
sample_type,corrosion scales,10.1021/acs.energyfuels.9b00626,10_1021_acs_energyfuels_9b00626.pdf,"[988, 1004]"
sample_type,oil samples,10.1021/acs.energyfuels.9b00626,10_1021_acs_energyfuels_9b00626.pdf,"[3157, 3168]"
instrument,FT-ICR MS,10.1021/acs.energyfuels.9b00626,10_1021_acs_energyfuels_9b00626.pdf,"[4021, 4030]"
ionization_method,positive ESI,10.1021/acs.energyfuels.9b00626,10_1021_acs_energyfuels_9b00626.pdf,"[4467, 4479]"
sample_type,stock toluene solutions of the derivatized DCM fractions from the NAP postchallenge sample,10.1021/acs.energyfuels.9b00626,10_1021_acs_energyfuels_9b00626.pdf,"[4055, 4145]"
instrument,custom-built passively shielded 9.4 T FT-ICR mass spectrometer,10.1021/acs.energyfuels.9b00626,10_1021_acs_energyfuels_9b00626.pdf,"[4780, 4842]"
ionization_method,ESI,10.1021/acs.energyfuels.9b00626,10_1021_acs_energyfuels_9b00626.pdf,"[4991, 4994]"
software_tools,Predator,10.1021/acs.energyfuels.9b00626,10_1021_acs_energyfuels_9b00626.pdf,"[4892, 4900]"
ionization_method,ESI,10.1021/acs.energyfuels.9b00626,10_1021_acs_energyfuels_9b00626.pdf,"[6749, 6752]"
sample_type,commercial NAP acids,10.1021/acs.energyfuels.9b00626,10_1021_acs_energyfuels_9b00626.pdf,"[6761, 6781]"
instrument,custom-built 9.4 T Fourier transform ion cyclotron resonance mass spectrometer,10.1021/acs.energyfuels.9b03527,10_1021_acs_energyfuels_9b03527.pdf,"[2468, 2546]"
sample_type,"Asphaltenes, fractions, and maltenes",10.1021/acs.energyfuels.9b03527,10_1021_acs_energyfuels_9b03527.pdf,"[2292, 2328]"
ionization_method,IRMPD,10.1021/acs.energyfuels.9b03527,10_1021_acs_energyfuels_9b03527.pdf,"[2882, 2887]"
sample_type,Asphaltenes,10.1021/acs.energyfuels.9b03527,10_1021_acs_energyfuels_9b03527.pdf,"[2892, 2903]"
ionization_method,IRMPD,10.1021/acs.energyfuels.9b03527,10_1021_acs_energyfuels_9b03527.pdf,"[3811, 3816]"
sample_type,asphaltenes,10.1021/acs.energyfuels.9b03527,10_1021_acs_energyfuels_9b03527.pdf,"[3793, 3804]"
sample_type,Athabasca bitumen,10.1021/acs.energyfuels.9b04288,10_1021_acs_energyfuels_9b04288.pdf,"[1883, 1900]"
sample_type,Wyoming deposit n C7 asphaltenes,10.1021/acs.energyfuels.9b04288,10_1021_acs_energyfuels_9b04288.pdf,"[1905, 1937]"
instrument,Thermo Fisher Ion Max APPI source,10.1021/acs.energyfuels.9b04288,10_1021_acs_energyfuels_9b04288.pdf,"[5240, 5273]"
ionization_method,(+) APPI FT-ICR MS and IRMPD,10.1021/acs.energyfuels.9b04288,10_1021_acs_energyfuels_9b04288.pdf,"[5104, 5122]"
sample_type,Asphaltene samples,10.1021/acs.energyfuels.9b04288,10_1021_acs_energyfuels_9b04288.pdf,"[5135, 5153]"
instrument,modular ICR data acquisition system (PREDATOR),10.1021/acs.energyfuels.9b04288,10_1021_acs_energyfuels_9b04288.pdf,"[5693, 5739]"
software_tools,PetroOrg N-18.3 Software,10.1021/acs.energyfuels.9b04288,10_1021_acs_energyfuels_9b04288.pdf,"[6172, 6196]"
instrument,Horiba Aqualog,10.1021/acs.energyfuels.9b04408,10_1021_acs_energyfuels_9b04408.pdf,"[2270, 2284]"
sample_type,"Oil, IM, and DOMHC samples",10.1021/acs.energyfuels.9b04408,10_1021_acs_energyfuels_9b04408.pdf,"[2169, 2195]"
sample_type,DOMHC,10.1021/acs.energyfuels.9b04408,10_1021_acs_energyfuels_9b04408.pdf,"[2921, 2926]"
instrument,custom-built Fourier transform ion cyclotron resonance mass spectrometer,10.1021/acs.energyfuels.9b04408,10_1021_acs_energyfuels_9b04408.pdf,"[3802, 3874]"
ionization_method,negative-ion electrospray ionization,10.1021/acs.energyfuels.9b04408,10_1021_acs_energyfuels_9b04408.pdf,"[3750, 3786]"
sample_type,"extracts, oil and IM samples",10.1021/acs.energyfuels.9b04408,10_1021_acs_energyfuels_9b04408.pdf,"[3626, 3669]"
facility,"National High Magnetic Field Laboratory (NHMFL), Florida State University, Tallahassee",10.1021/acs.energyfuels.9b04408,10_1021_acs_energyfuels_9b04408.pdf,"[3933, 4019]"
software_tools,AI and elemental ratios of molecular formulas (H/C and O/C),10.1021/acs.energyfuels.9b04408,10_1021_acs_energyfuels_9b04408.pdf,"[4762, 4821]"
sample_type,Asphaltenes,10.1021/acs.est.0c01158,10_1021_acs_est_0c01158.pdf,"[916, 927]"
instrument,9.4 T Fourier Transform Ion Cyclotron Resonance Mass Spectrometer,10.1021/acs.est.0c01158,10_1021_acs_est_0c01158.pdf,"[3932, 3984]"
ionization_method,positive-ion (+) APPI,10.1021/acs.est.0c01158,10_1021_acs_est_0c01158.pdf,"[4161, 4182]"
sample_type,"Asphaltene samples, extrography fractions, and oil-soluble oxidation products",10.1021/acs.est.0c01158,10_1021_acs_est_0c01158.pdf,"[3999, 4076]"
instrument,custom-built 9.4 T FT-ICR,10.1021/acs.est.0c01158,10_1021_acs_est_0c01158.pdf,"[5358, 5383]"
ionization_method,negative-ion microelectrospray ionization (ESI),10.1021/acs.est.0c01158,10_1021_acs_est_0c01158.pdf,"[4797, 4849]"
sample_type,Water-soluble oxidation products,10.1021/acs.est.0c01158,10_1021_acs_est_0c01158.pdf,"[4748, 4780]"
software_tools,PetroOrg Software,10.1021/acs.est.0c01158,10_1021_acs_est_0c01158.pdf,"[5983, 6000]"
sample_type,NaOCl reagent,10.1021/acs.est.0c01997,10_1021_acs_est_0c01997.pdf,"[928, 941]"
instrument,Sievers InnovOx TOC Analyzer,10.1021/acs.est.0c01997,10_1021_acs_est_0c01997.pdf,"[2329, 2357]"
sample_type,raw feed (RF),10.1021/acs.est.0c01997,10_1021_acs_est_0c01997.pdf,"[2038, 2051]"
sample_type,pretreated (PT),10.1021/acs.est.0c01997,10_1021_acs_est_0c01997.pdf,"[2060, 2075]"
ionization_method,electrospray ionization (ESI),10.1021/acs.est.0c01997,10_1021_acs_est_0c01997.pdf,"[4027, 4056]"
sample_type,reaction mixture,10.1021/acs.est.0c01997,10_1021_acs_est_0c01997.pdf,"[3816, 3832]"
sample_type,"quenched, acidi fi ed sample",10.1021/acs.est.0c01997,10_1021_acs_est_0c01997.pdf,"[4702, 4723]"
sample_type,Adsorbed analytes,10.1021/acs.est.0c01997,10_1021_acs_est_0c01997.pdf,"[6573, 6590]"
sample_type,Biological and Chemical Reagents,10.1021/acs.est.0c01997,10_1021_acs_est_0c01997.pdf,"[6810, 6842]"
sample_type,"CHO K1 cell line AS52, clone 11 -4 -8",10.1021/acs.est.0c01997,10_1021_acs_est_0c01997.pdf,"[6879, 6916]"
sample_type,XAD ethyl acetate extract,10.1021/acs.est.0c01997,10_1021_acs_est_0c01997.pdf,"[7480, 7505]"
sample_type,quenched water samples,10.1021/acs.est.0c01997,10_1021_acs_est_0c01997.pdf,"[9774, 9796]"
instrument,LC-QTOF,10.1021/acs.est.0c01997,10_1021_acs_est_0c01997.pdf,"[10513, 10521]"
ionization_method,ESI,10.1021/acs.est.0c01997,10_1021_acs_est_0c01997.pdf,"[10148, 10151]"
sample_type,DBPs (brominated sulfur-containing DBPs in chlorinated RF),10.1021/acs.est.0c01997,10_1021_acs_est_0c01997.pdf,"[10550, 10636]"
instrument,Orbitrap,10.1021/acs.est.0c01997,10_1021_acs_est_0c01997.pdf,"[12476, 12484]"
sample_type,gas extraction wastewaters and bromide-spiked surfactant mixture,10.1021/acs.est.0c01997,10_1021_acs_est_0c01997.pdf,"[12554, 12618]"
software_tools,Thermo Compound Discoverer,10.1021/acs.est.0c01997,10_1021_acs_est_0c01997.pdf,"[12384, 12410]"
sample_type,Asphalt Binder,10.1021/acs.est.0c02263,10_1021_acs_est_0c02263.pdf,"[27, 41]"
instrument,Shimadzu TOC-L,10.1021/acs.est.0c02263,10_1021_acs_est_0c02263.pdf,"[2691, 2705]"
sample_type,water samples,10.1021/acs.est.0c02263,10_1021_acs_est_0c02263.pdf,"[2764, 2777]"
instrument,custom-built 9.4 Tesla FT-ICR MS,10.1021/acs.est.0c02263,10_1021_acs_est_0c02263.pdf,"[3550, 3582]"
ionization_method,(+) APPI,10.1021/acs.est.0c02263,10_1021_acs_est_0c02263.pdf,"[3731, 3739]"
ionization_method,ESI,10.1021/acs.est.0c02263,10_1021_acs_est_0c02263.pdf,"[3889, 3892]"
sample_type,Water-soluble extracts (in methanol),10.1021/acs.est.0c02263,10_1021_acs_est_0c02263.pdf,"[3779, 3815]"
sample_type,Water samples,10.1021/acs.est.0c05206,10_1021_acs_est_0c05206.pdf,"[1967, 1980]"
facility,the laboratory,10.1021/acs.est.0c05206,10_1021_acs_est_0c05206.pdf,"[2206, 2220]"
instrument,Shimadzu TOC-L CPH,10.1021/acs.est.0c05206,10_1021_acs_est_0c05206.pdf,"[3009, 3027]"
ionization_method,ESI,10.1021/acs.est.0c05206,10_1021_acs_est_0c05206.pdf,"[4083, 4086]"
sample_type,"DOM samples, including the Florida whole waters and isolates",10.1021/acs.est.0c05206,10_1021_acs_est_0c05206.pdf,"[3673, 3733]"
instrument,custom built 9.4-T FT-ICR MS (Oxford Corp.),10.1021/acs.est.0c05206,10_1021_acs_est_0c05206.pdf,"[4961, 5003]"
facility,National High Magnetic Field Laboratory,10.1021/acs.est.0c05206,10_1021_acs_est_0c05206.pdf,"[5055, 5094]"
instrument,"Thermo-Fisher Scienti fi c, Inc., San Jose, CA",10.1021/acs.est.0c05206,10_1021_acs_est_0c05206.pdf,"[5951, 5997]"
ionization_method,IRMPD,10.1021/acs.est.0c05206,10_1021_acs_est_0c05206.pdf,"[6549, 6554]"
sample_type,THF-doped Suwannee and Kissimmee River PPL extracts,10.1021/acs.est.0c05206,10_1021_acs_est_0c05206.pdf,"[6562, 6613]"
ionization_method,IRMPD,10.1021/acs.est.0c05206,10_1021_acs_est_0c05206.pdf,"[8090, 8095]"
sample_type,various compounds,10.1021/acs.est.0c05206,10_1021_acs_est_0c05206.pdf,"[8163, 8180]"
sample_type,Molecular classes of isolated parent molecules and fragments,10.1021/acs.est.0c05206,10_1021_acs_est_0c05206.pdf,"[8225, 8285]"
instrument,Fourier Transform Ion Cyclotron Resonance Mass Spectrometer,10.1021/acs.est.1c01135,10_1021_acs_est_1c01135.pdf,"[93, 139]"
sample_type,soil organic matter (SOM),10.1021/acs.est.1c01135,10_1021_acs_est_1c01135.pdf,"[662, 687]"
ionization_method,Fourier transform ion cyclotron resonance mass spectrometry (FTICR MS),10.1021/acs.est.1c01135,10_1021_acs_est_1c01135.pdf,"[4361, 4431]"
facility,National Magnetic Field Lab,10.1021/acs.est.1c01135,10_1021_acs_est_1c01135.pdf,"[5297, 5324]"
instrument,FTICR MS,10.1021/acs.est.1c01135,10_1021_acs_est_1c01135.pdf,"[6542, 6550]"
sample_type,SOM,10.1021/acs.est.1c01135,10_1021_acs_est_1c01135.pdf,"[9624, 9627]"
sample_type,water-extractable SOM (WEOM),10.1021/acs.est.1c01135,10_1021_acs_est_1c01135.pdf,"[10091, 10119]"
sample_type,dissolved organic matter (DOM),10.1021/acs.est.1c01135,10_1021_acs_est_1c01135.pdf,"[10149, 10179]"
sample_type,soil sample,10.1021/acs.est.1c01135,10_1021_acs_est_1c01135.pdf,"[17800, 17811]"
ionization_method,atmospheric pressure ionization,10.1021/acs.est.1c01135,10_1021_acs_est_1c01135.pdf,"[21688, 21719]"
sample_type,"DOM from Lake Drummond (Great Dismal Swamp National Forest, VA, USA)",10.1021/acs.est.1c01135,10_1021_acs_est_1c01135.pdf,"[21531, 21599]"
ionization_method,Electrospray Ionization (ESI),10.1021/acs.est.1c01135,10_1021_acs_est_1c01135.pdf,"[22779, 22808]"
ionization_method,ESI,10.1021/acs.est.1c01135,10_1021_acs_est_1c01135.pdf,"[23380, 23383]"
sample_type,functional groups in SOM,10.1021/acs.est.1c01135,10_1021_acs_est_1c01135.pdf,"[24022, 24046]"
ionization_method,protonation to form cations,10.1021/acs.est.1c01135,10_1021_acs_est_1c01135.pdf,"[24105, 24120]"
ionization_method,ESI,10.1021/acs.est.1c01135,10_1021_acs_est_1c01135.pdf,"[25289, 25292]"
sample_type,solvent mixtures,10.1021/acs.est.1c01135,10_1021_acs_est_1c01135.pdf,"[25254, 25270]"
ionization_method,micro- or nano-ESI,10.1021/acs.est.1c01135,10_1021_acs_est_1c01135.pdf,"[26590, 26608]"
sample_type,compounds with less surface affinity,10.1021/acs.est.1c01135,10_1021_acs_est_1c01135.pdf,"[26706, 26733]"
ionization_method,ESI,10.1021/acs.est.1c01135,10_1021_acs_est_1c01135.pdf,"[27531, 27534]"
sample_type,analytes,10.1021/acs.est.1c01135,10_1021_acs_est_1c01135.pdf,"[27484, 27492]"
ionization_method,ESI,10.1021/acs.est.1c01135,10_1021_acs_est_1c01135.pdf,"[28364, 28367]"
sample_type,lipid,10.1021/acs.est.1c01135,10_1021_acs_est_1c01135.pdf,"[28623, 28628]"
ionization_method,desorption atmospheric pressure photoionization (DAPPI),10.1021/acs.est.1c01135,10_1021_acs_est_1c01135.pdf,"[29278, 29333]"
sample_type,Solid phase samples,10.1021/acs.est.1c01135,10_1021_acs_est_1c01135.pdf,"[29197, 29216]"
ionization_method,laser desorption ionization (LDI),10.1021/acs.est.1c01135,10_1021_acs_est_1c01135.pdf,"[29335, 29368]"
ionization_method,matrix-assisted laser desorption ionization (MALDI),10.1021/acs.est.1c01135,10_1021_acs_est_1c01135.pdf,"[29374, 29425]"
sample_type,pyrolyzed carbon,10.1021/acs.est.1c01135,10_1021_acs_est_1c01135.pdf,"[29552, 29568]"
ionization_method,ESI-FTICR MS,10.1021/acs.est.1c01135,10_1021_acs_est_1c01135.pdf,"[29639, 29651]"
ionization_method,FTICR MS,10.1021/acs.est.1c01135,10_1021_acs_est_1c01135.pdf,"[30375, 30383]"
sample_type,natural organic matter (NOM),10.1021/acs.est.1c01135,10_1021_acs_est_1c01135.pdf,"[30559, 30587]"
instrument,FTICR,10.1021/acs.est.1c01135,10_1021_acs_est_1c01135.pdf,"[32324, 32329]"
sample_type,Pahokee Peat,10.1021/acs.est.1c01135,10_1021_acs_est_1c01135.pdf,"[32734, 32746]"
software_tools,PetroOrg,10.1021/acs.est.1c01135,10_1021_acs_est_1c01135.pdf,"[32816, 32824]"
sample_type,mass spectra,10.1021/acs.est.1c01135,10_1021_acs_est_1c01135.pdf,"[33118, 33130]"
instrument,FTICR MS,10.1021/acs.est.1c01135,10_1021_acs_est_1c01135.pdf,"[45335, 45343]"
sample_type,DOM samples,10.1021/acs.est.1c01135,10_1021_acs_est_1c01135.pdf,"[45772, 45782]"
facility,Boiteau Lab,10.1021/acs.est.1c01135,10_1021_acs_est_1c01135.pdf,"[47480, 47491]"
ionization_method,direct infusion FTICR MS,10.1021/acs.est.1c01135,10_1021_acs_est_1c01135.pdf,"[47984, 48008]"
sample_type,metal -organic complexes,10.1021/acs.est.1c01135,10_1021_acs_est_1c01135.pdf,"[47946, 47970]"
instrument,FTICR MS,10.1021/acs.est.1c01135,10_1021_acs_est_1c01135.pdf,"[48774, 48782]"
sample_type,heavy metal or halogenated contaminants,10.1021/acs.est.1c01135,10_1021_acs_est_1c01135.pdf,"[49041, 49080]"
ionization_method,FTICR MS,10.1021/acs.est.1c01135,10_1021_acs_est_1c01135.pdf,"[49415, 49423]"
ionization_method,FTICR MS,10.1021/acs.est.1c01135,10_1021_acs_est_1c01135.pdf,"[50621, 50629]"
sample_type,low molecular weight molecules,10.1021/acs.est.1c01135,10_1021_acs_est_1c01135.pdf,"[50808, 50838]"
ionization_method,ESI MS,10.1021/acs.est.1c01135,10_1021_acs_est_1c01135.pdf,"[51539, 51545]"
instrument,LC FTICR MS/MS,10.1021/acs.est.1c01135,10_1021_acs_est_1c01135.pdf,"[52556, 52570]"
ionization_method,collision-induced dissociation,10.1021/acs.est.1c01135,10_1021_acs_est_1c01135.pdf,"[52332, 52362]"
instrument,FTICR MS,10.1021/acs.est.1c01135,10_1021_acs_est_1c01135.pdf,"[53597, 53605]"
instrument,FTICR MS,10.1021/acs.est.1c01135,10_1021_acs_est_1c01135.pdf,"[55058, 55066]"
sample_type,"polar, nonpolar, and mineral-bound extracts",10.1021/acs.est.1c01135,10_1021_acs_est_1c01135.pdf,"[57994, 58037]"
instrument,FTICR MS,10.1021/acs.est.1c01135,10_1021_acs_est_1c01135.pdf,"[59381, 59389]"
sample_type,"artifacts (e.g., byproducts formed during extraction or storage)",10.1021/acs.est.1c01135,10_1021_acs_est_1c01135.pdf,"[58878, 58942]"
sample_type,"methods using assigned formulas (e.g., VK diagrams, NOSC vs C)",10.1021/acs.est.1c01135,10_1021_acs_est_1c01135.pdf,"[61760, 61822]"
instrument,FTICR MS,10.1021/acs.est.1c01135,10_1021_acs_est_1c01135.pdf,"[62922, 62930]"
sample_type,soils,10.1021/acs.est.1c01135,10_1021_acs_est_1c01135.pdf,"[63078, 63083]"
ionization_method,Negative ESI,10.1021/acs.est.1c01135,10_1021_acs_est_1c01135.pdf,"[65863, 65875]"
sample_type,Soil Organic Matter,10.1021/acs.est.1c01135,10_1021_acs_est_1c01135.pdf,"[74592, 74611]"
instrument,Fourier Transform Ion Cyclotron Resonance Mass Spectrometer,10.1021/acs.est.1c01135,10_1021_acs_est_1c01135.pdf,"[75142, 75188]"
instrument,Fourier Transform Ion Cyclotron Resonance Mass Spectrometer,10.1021/acs.est.1c01135,10_1021_acs_est_1c01135.pdf,"[75819, 75865]"
sample_type,Natural Organic Matter Molecules,10.1021/acs.est.1c01135,10_1021_acs_est_1c01135.pdf,"[75895, 75917]"
instrument,Fourier Transform Ion Cyclotron Resonance Mass Spectrometry,10.1021/acs.est.1c01135,10_1021_acs_est_1c01135.pdf,"[76935, 76994]"
instrument,Fourier Transform Ion Cyclotron Resonance Mass Spectrometry,10.1021/acs.est.1c01135,10_1021_acs_est_1c01135.pdf,"[77184, 77243]"
sample_type,Soil Humic Acids,10.1021/acs.est.1c01135,10_1021_acs_est_1c01135.pdf,"[77161, 77177]"
sample_type,Dissolved Organic Matter,10.1021/acs.est.1c01135,10_1021_acs_est_1c01135.pdf,"[77604, 77628]"
software_tools,Multiple Analytical Tools,10.1021/acs.est.1c01135,10_1021_acs_est_1c01135.pdf,"[77667, 77692]"
sample_type,Dissolved Organic Matter,10.1021/acs.est.1c01135,10_1021_acs_est_1c01135.pdf,"[79673, 79697]"
instrument,High Resolution Mass Spectrometer,10.1021/acs.est.1c01135,10_1021_acs_est_1c01135.pdf,"[80325, 80345]"
sample_type,Dissolved Organic Matter (DOM),10.1021/acs.est.1c01135,10_1021_acs_est_1c01135.pdf,"[81469, 81499]"
sample_type,Soil Organic Matter,10.1021/acs.est.1c01135,10_1021_acs_est_1c01135.pdf,"[88225, 88244]"
instrument,High-Resolution Mass Spectrometer,10.1021/acs.est.1c01135,10_1021_acs_est_1c01135.pdf,"[89048, 89068]"
sample_type,sediments,10.1021/acs.est.1c01135,10_1021_acs_est_1c01135.pdf,"[89209, 89218]"
sample_type,Dissolved Organic Matter (DOM) Extracts,10.1021/acs.est.1c01135,10_1021_acs_est_1c01135.pdf,"[91226, 91265]"
instrument,FT-ICR-MS,10.1021/acs.est.1c01135,10_1021_acs_est_1c01135.pdf,"[91779, 91788]"
instrument,MALDIand ESI-Fourier Transform Ion Cyclotron Resonance,10.1021/acs.est.1c01135,10_1021_acs_est_1c01135.pdf,"[101124, 101178]"
sample_type,Natural Organic Matter,10.1021/acs.est.1c01135,10_1021_acs_est_1c01135.pdf,"[101325, 101347]"
instrument,Fourier Transform Ion Cyclotron Resonance Mass Spectrometer,10.1021/acs.est.1c01135,10_1021_acs_est_1c01135.pdf,"[104297, 104343]"
sample_type,Complex Natural Mixtures,10.1021/acs.est.1c01135,10_1021_acs_est_1c01135.pdf,"[103944, 103968]"
ionization_method,Electrospray Ionization Fourier Transform Ion Cyclotron Mass Spectrometry,10.1021/acs.est.1c01135,10_1021_acs_est_1c01135.pdf,"[106730, 106803]"
sample_type,Natural Organic Matter,10.1021/acs.est.1c01135,10_1021_acs_est_1c01135.pdf,"[106812, 106834]"
sample_type,Fulvic Acids,10.1021/acs.est.1c01135,10_1021_acs_est_1c01135.pdf,"[110662, 110674]"
instrument,Fourier Transform Ion Cyclotron Resonance Mass Spectrometer,10.1021/acs.est.1c01135,10_1021_acs_est_1c01135.pdf,"[110725, 110771]"
ionization_method,Electrospray Ionization,10.1021/acs.est.1c01135,10_1021_acs_est_1c01135.pdf,"[111135, 111158]"
instrument,High-Performance Liquid Chromatography-Inductively Coupled Plasma-Mass Spectrometry,10.1021/acs.est.1c01135,10_1021_acs_est_1c01135.pdf,"[122376, 122459]"
ionization_method,ESI,10.1021/acs.est.1c01135,10_1021_acs_est_1c01135.pdf,"[122596, 122599]"
sample_type,Natural Organic Matter (NOM),10.1021/acs.est.1c01135,10_1021_acs_est_1c01135.pdf,"[130232, 130260]"
instrument,High Resolution Mass Spectrometer,10.1021/acs.est.1c01135,10_1021_acs_est_1c01135.pdf,"[130805, 130825]"
sample_type,Dissolved Organic Matter Composition,10.1021/acs.est.1c01135,10_1021_acs_est_1c01135.pdf,"[130765, 130801]"
facility,International Laboratory Comparison,10.1021/acs.est.1c01135,10_1021_acs_est_1c01135.pdf,"[130726, 130761]"
sample_type,δ-MnO2,10.1021/acs.est.1c01283,10_1021_acs_est_1c01283.pdf,"[27, 34]"
sample_type,Suwannee River fulvic acid (SRFA),10.1021/acs.est.1c01283,10_1021_acs_est_1c01283.pdf,"[113, 139]"
instrument,FT-ICR MS,10.1021/acs.est.1c01283,10_1021_acs_est_1c01283.pdf,"[1517, 1526]"
ionization_method,ESI,10.1021/acs.est.1c01283,10_1021_acs_est_1c01283.pdf,"[2709, 2712]"
ionization_method,Electrospray ionization (ESI),10.1021/acs.est.1c01283,10_1021_acs_est_1c01283.pdf,"[2741, 2770]"
sample_type,consumer PE bags,10.1021/acs.est.1c02272,10_1021_acs_est_1c02272.pdf,"[80, 96]"
sample_type,additive-free low-density PE film,10.1021/acs.est.1c02272,10_1021_acs_est_1c02272.pdf,"[586, 614]"
instrument,NIST-calibrated Mitutoyo micrometer,10.1021/acs.est.1c02272,10_1021_acs_est_1c02272.pdf,"[703, 738]"
instrument,PerkinElmer Lambda 650s,10.1021/acs.est.1c02272,10_1021_acs_est_1c02272.pdf,"[1422, 1445]"
sample_type,text-free areas of the bags,10.1021/acs.est.1c02272,10_1021_acs_est_1c02272.pdf,"[1136, 1163]"
sample_type,Loss on ignition (LOI) measurements,10.1021/acs.est.1c02272,10_1021_acs_est_1c02272.pdf,"[1894, 1929]"
facility,Cambridge Polymer Group,10.1021/acs.est.1c02272,10_1021_acs_est_1c02272.pdf,"[2579, 2602]"
instrument,PerkinElmer Nexion 350X ICP-MS,10.1021/acs.est.1c02272,10_1021_acs_est_1c02272.pdf,"[3033, 3064]"
sample_type,Samples,10.1021/acs.est.1c02272,10_1021_acs_est_1c02272.pdf,"[2857, 2864]"
sample_type,plastic,10.1021/acs.est.1c02272,10_1021_acs_est_1c02272.pdf,"[3835, 3842]"
instrument,Shimadzu 5000A TOC analyzer,10.1021/acs.est.1c02272,10_1021_acs_est_1c02272.pdf,"[5363, 5390]"
sample_type,DOC,10.1021/acs.est.1c02272,10_1021_acs_est_1c02272.pdf,"[5878, 5881]"
sample_type,DOC (leached in the dark and produced by sunlight),10.1021/acs.est.1c02272,10_1021_acs_est_1c02272.pdf,"[8139, 8268]"
facility,National Ocean Sciences Accelerator Mass Spectrometry facility,10.1021/acs.est.1c02272,10_1021_acs_est_1c02272.pdf,"[9201, 9263]"
instrument,21 tesla (T) FTICR-MS,10.1021/acs.est.1c02272,10_1021_acs_est_1c02272.pdf,"[9625, 9646]"
facility,Florida State University 's National High Magnetic Field Laboratory,10.1021/acs.est.1c02272,10_1021_acs_est_1c02272.pdf,"[9650, 9718]"
software_tools,Predator analysis 37 and PetroOrg 38,10.1021/acs.est.1c02272,10_1021_acs_est_1c02272.pdf,"[10114, 10150]"
sample_type,microplastic samples,10.1021/acs.est.1c03592,10_1021_acs_est_1c03592.pdf,"[111, 131]"
sample_type,seawater,10.1021/acs.est.1c03592,10_1021_acs_est_1c03592.pdf,"[1073, 1081]"
sample_type,microplastics,10.1021/acs.est.1c03592,10_1021_acs_est_1c03592.pdf,"[1058, 1071]"
sample_type,microplastic aliquots,10.1021/acs.est.1c03592,10_1021_acs_est_1c03592.pdf,"[2795, 2816]"
instrument,FT-ICR MS,10.1021/acs.est.1c03592,10_1021_acs_est_1c03592.pdf,"[4989, 4998]"
instrument,Shimadzu TOC-VCPH analyzer,10.1021/acs.est.1c03592,10_1021_acs_est_1c03592.pdf,"[5377, 5403]"
instrument,Shimadzu TOC-VCPH analyzer,10.1021/acs.est.1c03592,10_1021_acs_est_1c03592.pdf,"[6472, 6498]"
instrument,FT-ICR MS,10.1021/acs.est.1c03592,10_1021_acs_est_1c03592.pdf,"[7650, 7659]"
instrument,FT-ICR mass spectrometer,10.1021/acs.est.1c03592,10_1021_acs_est_1c03592.pdf,"[10649, 10673]"
ionization_method,electrospray ion source,10.1021/acs.est.1c03592,10_1021_acs_est_1c03592.pdf,"[10560, 10583]"
sample_type,DOM samples,10.1021/acs.est.1c03592,10_1021_acs_est_1c03592.pdf,"[9994, 10005]"
facility,"National High Magnetic Field Laboratory, Tallahassee, Florida",10.1021/acs.est.1c03592,10_1021_acs_est_1c03592.pdf,"[10732, 10793]"
ionization_method,FT-ICR MS,10.1021/acs.est.1c03592,10_1021_acs_est_1c03592.pdf,"[12120, 12129]"
sample_type,plastics,10.1021/acs.est.1c03592,10_1021_acs_est_1c03592.pdf,"[12704, 12712]"
sample_type,seawater,10.1021/acs.est.1c03592,10_1021_acs_est_1c03592.pdf,"[12749, 12757]"
sample_type,"dissolved organic molecular formulas in seawater, polymers in seawater",10.1021/acs.est.1c03592,10_1021_acs_est_1c03592.pdf,"[14527, 14566]"
instrument,9.4 T FT-ICR mass spectrometer,10.1021/acs.est.1c06745,10_1021_acs_est_1c06745.pdf,"[3284, 3314]"
ionization_method,microelectrospray ionization (ESI),10.1021/acs.est.1c06745,10_1021_acs_est_1c06745.pdf,"[3160, 3194]"
sample_type,DOM extracts,10.1021/acs.est.1c06745,10_1021_acs_est_1c06745.pdf,"[3237, 3249]"
sample_type,"Formulas containing carbon (C), hydrogen (H), oxygen (O), nitrogen (N), and sulfur (S)",10.1021/acs.est.1c06745,10_1021_acs_est_1c06745.pdf,"[3543, 3629]"
software_tools,PetroOrg,10.1021/acs.est.1c06745,10_1021_acs_est_1c06745.pdf,"[3956, 3964]"
sample_type,dissolved organic matter,10.1021/acs.est.1c08143,10_1021_acs_est_1c08143.pdf,"[314, 338]"
instrument,custom-built hybrid linear ion trap FT-ICR mass spectrometer,10.1021/acs.est.1c08143,10_1021_acs_est_1c08143.pdf,"[1656, 1716]"
ionization_method,negative electrospray ionization mode,10.1021/acs.est.1c08143,10_1021_acs_est_1c08143.pdf,"[1611, 1648]"
sample_type,pavement sealants,10.1021/acs.est.2c00582,10_1021_acs_est_2c00582.pdf,"[27, 44]"
sample_type,petroleum asphalt sealant,10.1021/acs.est.2c00582,10_1021_acs_est_2c00582.pdf,"[79, 104]"
sample_type,coal tar sealant,10.1021/acs.est.2c00582,10_1021_acs_est_2c00582.pdf,"[109, 125]"
instrument,9.4 T FT-ICR MS,10.1021/acs.est.2c00582,10_1021_acs_est_2c00582.pdf,"[2354, 2369]"
ionization_method,(+) APPI,10.1021/acs.est.2c00582,10_1021_acs_est_2c00582.pdf,"[2542, 2550]"
sample_type,Stock solutions of the starting and irradiated pavement sealants,10.1021/acs.est.2c00582,10_1021_acs_est_2c00582.pdf,"[2371, 2435]"
sample_type,Water-solubles,10.1021/acs.est.2c00582,10_1021_acs_est_2c00582.pdf,"[3725, 3739]"
sample_type,Dissolved organic carbon (DOC) concentrations,10.1021/acs.est.2c00582,10_1021_acs_est_2c00582.pdf,"[3741, 3786]"
instrument,Microtox model 500 analyzer,10.1021/acs.est.2c00582,10_1021_acs_est_2c00582.pdf,"[4867, 4894]"
instrument,Hitachi HT7800,10.1021/acs.est.2c05145,10_1021_acs_est_2c05145.pdf,"[3700, 3714]"
sample_type,"solid samples from the inoculum, the conventional reactor, and the BEC2 and BEC3 reactors",10.1021/acs.est.2c05145,10_1021_acs_est_2c05145.pdf,"[3741, 3798]"
sample_type,microbial community,10.1021/acs.est.2c05145,10_1021_acs_est_2c05145.pdf,"[6281, 6300]"
instrument,BEC 1 reactor,10.1021/acs.est.2c05145,10_1021_acs_est_2c05145.pdf,"[6225, 6238]"
sample_type,water samples,10.1021/acs.est.3c00771,10_1021_acs_est_3c00771.pdf,"[999, 1012]"
sample_type,chloraminated drinking water,10.1021/acs.est.3c00771,10_1021_acs_est_3c00771.pdf,"[1869, 1897]"
instrument,21 T FT-ICR-MS,10.1021/acs.est.3c00771,10_1021_acs_est_3c00771.pdf,"[4480, 4494]"
ionization_method,ESI ionization,10.1021/acs.est.3c00771,10_1021_acs_est_3c00771.pdf,"[4500, 4514]"
software_tools,PetroOrg,10.1021/acs.est.3c00771,10_1021_acs_est_3c00771.pdf,"[5247, 5255]"
sample_type,water samples,10.1021/acs.est.3c00771,10_1021_acs_est_3c00771.pdf,"[9415, 9428]"
sample_type,PPL eluate,10.1021/acs.est.3c01347,10_1021_acs_est_3c01347.pdf,"[2670, 2680]"
sample_type,dried PPL-extracted DOM,10.1021/acs.est.3c01347,10_1021_acs_est_3c01347.pdf,"[3267, 3290]"
instrument,FT-ICR MS,10.1021/acs.est.3c01347,10_1021_acs_est_3c01347.pdf,"[3297, 3306]"
instrument,21 tesla FT-ICR MS,10.1021/acs.est.3c01347,10_1021_acs_est_3c01347.pdf,"[3571, 3589]"
ionization_method,negative-ion electrospray ionization (ESI -),10.1021/acs.est.3c01347,10_1021_acs_est_3c01347.pdf,"[3692, 3728]"
sample_type,samples,10.1021/acs.est.3c01347,10_1021_acs_est_3c01347.pdf,"[3600, 3607]"
facility,"National High Magnetic Field Laboratory in Tallahassee, Florida",10.1021/acs.est.3c01347,10_1021_acs_est_3c01347.pdf,"[3861, 3924]"
software_tools,"Predator data station, Xian et al.",10.1021/acs.est.3c01347,10_1021_acs_est_3c01347.pdf,"[4007, 4028]"
ionization_method,FT-ICR MS,10.1021/acs.est.3c01347,10_1021_acs_est_3c01347.pdf,"[4649, 4658]"
sample_type,"One sample, V-PW1",10.1021/acs.est.3c01347,10_1021_acs_est_3c01347.pdf,"[4551, 4568]"
software_tools,PetroOrg,10.1021/acs.est.3c01347,10_1021_acs_est_3c01347.pdf,"[4529, 4537]"
sample_type,PPL-extracted DOM,10.1021/acs.est.3c01347,10_1021_acs_est_3c01347.pdf,"[5800, 5817]"
facility,Stanford Synchrotron Radiation Lightsource,10.1021/acs.est.3c01347,10_1021_acs_est_3c01347.pdf,"[5864, 5906]"
software_tools,Athena,10.1021/acs.est.3c01347,10_1021_acs_est_3c01347.pdf,"[6074, 6080]"
software_tools,R statistical software (v. 4.0.4),10.1021/acs.est.3c01347,10_1021_acs_est_3c01347.pdf,"[6651, 6684]"
sample_type,DOM sulfur content and molecular composition for different sample types and LULC,10.1021/acs.est.3c01347,10_1021_acs_est_3c01347.pdf,"[7389, 7469]"
instrument,Shimadzu TOC-L CPH,10.1021/acs.est.3c01782,10_1021_acs_est_3c01782.pdf,"[908, 926]"
sample_type,dissolved organic carbon (DOC) concentration,10.1021/acs.est.3c01782,10_1021_acs_est_3c01782.pdf,"[855, 899]"
instrument,Horiba Scientific Aqualog 46,10.1021/acs.est.3c01782,10_1021_acs_est_3c01782.pdf,"[2067, 2095]"
sample_type,Absorbance spectra,10.1021/acs.est.3c01782,10_1021_acs_est_3c01782.pdf,"[1630, 1648]"
instrument,custom-built hybrid linear ion trap 9.4-T FT-ICR mass spectrometer,10.1021/acs.est.3c01782,10_1021_acs_est_3c01782.pdf,"[3129, 3195]"
ionization_method,negative electrospray,10.1021/acs.est.3c01782,10_1021_acs_est_3c01782.pdf,"[3199, 3220]"
facility,National High Magnetic Field Laboratory,10.1021/acs.est.3c01782,10_1021_acs_est_3c01782.pdf,"[3600, 3639]"
software_tools,PetroOrg,10.1021/acs.est.3c01782,10_1021_acs_est_3c01782.pdf,"[3781, 3789]"
instrument,DLK Micro-Pstat-1,10.1021/acs.est.3c01782,10_1021_acs_est_3c01782.pdf,"[4654, 4671]"
sample_type,DOC (g C),10.1021/acs.est.3c01782,10_1021_acs_est_3c01782.pdf,"[6816, 6825]"
sample_type,residual oil,10.1021/acs.est.3c02962,10_1021_acs_est_3c02962.pdf,"[3663, 3675]"
sample_type,oil,10.1021/acs.est.3c02962,10_1021_acs_est_3c02962.pdf,"[5412, 5415]"
instrument,custom-built,10.1021/acs.est.3c02962,10_1021_acs_est_3c02962.pdf,"[7311, 7323]"
sample_type,physical properties data,10.1021/acs.est.3c02962,10_1021_acs_est_3c02962.pdf,"[7049, 7073]"
instrument,4T Fourier Transform Ion Cyclotron Resonance Mass Spectrometer,10.1021/acs.est.3c02962,10_1021_acs_est_3c02962.pdf,"[7326, 7388]"
ionization_method,electrospray ionization (ESI),10.1021/acs.est.3c02962,10_1021_acs_est_3c02962.pdf,"[7453, 7482]"
sample_type,Soil samples,10.1021/acs.est.3c06678,10_1021_acs_est_3c06678.pdf,"[49, 61]"
sample_type,Biosolids,10.1021/acs.est.3c06678,10_1021_acs_est_3c06678.pdf,"[459, 468]"
instrument,Shimadzu TOC-LCSN,10.1021/acs.est.3c06678,10_1021_acs_est_3c06678.pdf,"[1796, 1813]"
sample_type,water-extractable organic carbon,10.1021/acs.est.3c06678,10_1021_acs_est_3c06678.pdf,"[1744, 1776]"
instrument,custom-built 21 T Fourier transform ion cyclotron resonance mass spectrometer,10.1021/acs.est.3c06678,10_1021_acs_est_3c06678.pdf,"[2230, 2307]"
facility,"National High Magnetic Field Laboratory in Tallahassee, FL",10.1021/acs.est.3c06678,10_1021_acs_est_3c06678.pdf,"[2315, 2373]"
instrument,21 T hybrid linear ion trap FT-ICR MS,10.1021/acs.est.3c06678,10_1021_acs_est_3c06678.pdf,"[3125, 3162]"
ionization_method,electrospray ionization,10.1021/acs.est.3c06678,10_1021_acs_est_3c06678.pdf,"[3342, 3365]"
sample_type,DOM composition,10.1021/acs.est.3c06678,10_1021_acs_est_3c06678.pdf,"[2986, 3001]"
sample_type,mass (Da),10.1021/acs.est.3c06678,10_1021_acs_est_3c06678.pdf,"[5155, 5164]"
sample_type,peptide-like,10.1021/acs.est.3c06678,10_1021_acs_est_3c06678.pdf,"[7085, 7097]"
software_tools,PetroOrg,10.1021/acs.est.3c06678,10_1021_acs_est_3c06678.pdf,"[22342, 22350]"
sample_type,soil leachates,10.1021/acs.est.3c06678,10_1021_acs_est_3c06678.pdf,"[23687, 23701]"
sample_type,biosolids leachates,10.1021/acs.est.3c06678,10_1021_acs_est_3c06678.pdf,"[23723, 23742]"
sample_type,surface soil,10.1021/acs.est.3c06678,10_1021_acs_est_3c06678.pdf,"[23983, 23995]"
software_tools,R,10.1021/acs.est.3c06678,10_1021_acs_est_3c06678.pdf,"[24717, 24718]"
sample_type,Suwannee River Fulvic Acid (SRFA),10.1021/acs.est.3c08123,10_1021_acs_est_3c08123.pdf,"[990, 1022]"
instrument,FT-ICR MS,10.1021/acs.est.3c08123,10_1021_acs_est_3c08123.pdf,"[4571, 4580]"
sample_type,supernatant samples from the adsorption experiments,10.1021/acs.est.3c08123,10_1021_acs_est_3c08123.pdf,"[4401, 4452]"
sample_type,DOM samples,10.1021/acs.est.3c08123,10_1021_acs_est_3c08123.pdf,"[5128, 5139]"
instrument,custom-built hybrid linear ion trap 21-T ESI FT-ICR mass spectrometer,10.1021/acs.est.3c08123,10_1021_acs_est_3c08123.pdf,"[5765, 5834]"
ionization_method,ESI,10.1021/acs.est.3c08123,10_1021_acs_est_3c08123.pdf,"[5806, 5809]"
sample_type,DOM in the obtained supernatants,10.1021/acs.est.3c08123,10_1021_acs_est_3c08123.pdf,"[5672, 5704]"
facility,National High Magnetic Field Laboratory,10.1021/acs.est.3c08123,10_1021_acs_est_3c08123.pdf,"[5842, 5881]"
instrument,FT ICR-MS,10.1021/acs.est.3c08123,10_1021_acs_est_3c08123.pdf,"[7531, 7540]"
instrument,FT-ICR MS,10.1021/acs.est.3c08123,10_1021_acs_est_3c08123.pdf,"[8493, 8502]"
dataset_accession,10.17605/OSF.IO/XYBHZ,10.1021/acs.est.3c08123,10_1021_acs_est_3c08123.pdf,"[8566, 8587]"
sample_type,forest litter,10.1021/acs.est.3c09797,10_1021_acs_est_3c09797.pdf,"[1885, 1898]"
sample_type,soil,10.1021/acs.est.3c09797,10_1021_acs_est_3c09797.pdf,"[2175, 2179]"
sample_type,ash layer,10.1021/acs.est.3c09797,10_1021_acs_est_3c09797.pdf,"[2528, 2537]"
sample_type,Mineral soil,10.1021/acs.est.3c09797,10_1021_acs_est_3c09797.pdf,"[2661, 2673]"
sample_type,lodgepole pine wood,10.1021/acs.est.3c09797,10_1021_acs_est_3c09797.pdf,"[2087, 2106]"
instrument,Thermo Trace 1310 GC,10.1021/acs.est.3c09797,10_1021_acs_est_3c09797.pdf,"[6143, 6163]"
ionization_method,electron impact,10.1021/acs.est.3c09797,10_1021_acs_est_3c09797.pdf,"[6126, 6141]"
sample_type,soil-water extracts,10.1021/acs.est.3c09797,10_1021_acs_est_3c09797.pdf,"[6024, 6043]"
instrument,custom-built hybrid linear ion trap FT-ICR mass spectrometer,10.1021/acs.est.3c09797,10_1021_acs_est_3c09797.pdf,"[7245, 7292]"
ionization_method,microelectrospray ionization (ESI),10.1021/acs.est.3c09797,10_1021_acs_est_3c09797.pdf,"[7112, 7146]"
sample_type,SOM extracts,10.1021/acs.est.3c09797,10_1021_acs_est_3c09797.pdf,"[7199, 7211]"
software_tools,PetroOrg,10.1021/acs.est.3c09797,10_1021_acs_est_3c09797.pdf,"[7565, 7573]"
sample_type,Soil CO2 respiration measurements,10.1021/acs.est.3c09797,10_1021_acs_est_3c09797.pdf,"[8829, 8862]"
dataset_accession,OSF.IO/PB8QU,10.1021/acs.est.3c09797,10_1021_acs_est_3c09797.pdf,"[8565, 8577]"
sample_type,Genomic DNA,10.1021/acs.est.3c09797,10_1021_acs_est_3c09797.pdf,"[10283, 10294]"
sample_type,Soil bacterial and archaeal communities,10.1021/acs.est.3c09797,10_1021_acs_est_3c09797.pdf,"[10809, 10848]"
sample_type,Soil fungal communities,10.1021/acs.est.3c09797,10_1021_acs_est_3c09797.pdf,"[11440, 11463]"
instrument,Illumina MiSeq Platform,10.1021/acs.est.3c09797,10_1021_acs_est_3c09797.pdf,"[12383, 12406]"
sample_type,Pooled DNA products,10.1021/acs.est.3c09797,10_1021_acs_est_3c09797.pdf,"[12341, 12360]"
facility,Microbial Community Sequencing Lab (University of Colorado Boulder),10.1021/acs.est.3c09797,10_1021_acs_est_3c09797.pdf,"[12459, 12526]"
software_tools,R version 4.1.2,10.1021/acs.est.3c09797,10_1021_acs_est_3c09797.pdf,"[14107, 14122]"
sample_type,organic matter,10.1021/acs.est.3c09797,10_1021_acs_est_3c09797.pdf,"[15981, 15995]"
sample_type,NH4-N and NO x -N,10.1021/acs.est.5b05714,10_1021_acs_est_5b05714.pdf,"[2617, 2634]"
sample_type,samples,10.1021/acs.est.5b05714,10_1021_acs_est_5b05714.pdf,"[4411, 4418]"
instrument,9.4 T FT-ICR-MS,10.1021/acs.est.5b05714,10_1021_acs_est_5b05714.pdf,"[6323, 6338]"
ionization_method,photoionization,10.1021/acs.est.5b05714,10_1021_acs_est_5b05714.pdf,"[6243, 6258]"
sample_type,structurally homologous compounds,10.1021/acs.est.5b05714,10_1021_acs_est_5b05714.pdf,"[12806, 12839]"
sample_type,Water,10.1021/acs.est.5c07016,10_1021_acs_est_5c07016.pdf,"[937, 942]"
facility,Bemidji site,10.1021/acs.est.5c07016,10_1021_acs_est_5c07016.pdf,"[1431, 1443]"
instrument,Horiba Aqualog fluorometer,10.1021/acs.est.5c07016,10_1021_acs_est_5c07016.pdf,"[4414, 4440]"
instrument,21T Fourier transform ion cyclotron resonance mass spectrometer,10.1021/acs.est.5c07016,10_1021_acs_est_5c07016.pdf,"[5505, 5568]"
sample_type,"PPL, LLE, and HLB sample extracts",10.1021/acs.est.5c07016,10_1021_acs_est_5c07016.pdf,"[5452, 5485]"
ionization_method,negative-ion electrospray ionization,10.1021/acs.est.5c07016,10_1021_acs_est_5c07016.pdf,"[5597, 5633]"
sample_type,DOM analyses,10.1021/acs.est.5c07016,10_1021_acs_est_5c07016.pdf,"[5777, 5789]"
facility,National High Magnetic Field Laboratory (NHMFL),10.1021/acs.est.5c07016,10_1021_acs_est_5c07016.pdf,"[6065, 6112]"
software_tools,EnviroOrg software,10.1021/acs.est.5c07016,10_1021_acs_est_5c07016.pdf,"[6029, 6047]"
sample_type,"nonvolatile, unresolved complex mixture (UCM)",10.1021/acs.est.5c07016,10_1021_acs_est_5c07016.pdf,"[8734, 8779]"
ionization_method,negative-ion electrospray ionization (ESI),10.1021/acs.est.5c07016,10_1021_acs_est_5c07016.pdf,"[9548, 9590]"
instrument,FT-ICR MS,10.1021/acs.est.5c08206,10_1021_acs_est_5c08206.pdf,"[4520, 4529]"
sample_type,DOC concentrations,10.1021/acs.est.5c08206,10_1021_acs_est_5c08206.pdf,"[4494, 4512]"
instrument,Shimadzu TOCV CSH analyzer,10.1021/acs.est.5c08206,10_1021_acs_est_5c08206.pdf,"[6041, 6067]"
facility,UTMSI,10.1021/acs.est.5c08206,10_1021_acs_est_5c08206.pdf,"[6071, 6076]"
instrument,21 T FT-ICR MS,10.1021/acs.est.5c08206,10_1021_acs_est_5c08206.pdf,"[8080, 8094]"
ionization_method,Negative-Ion Electrospray Ionization,10.1021/acs.est.5c08206,10_1021_acs_est_5c08206.pdf,"[8043, 8079]"
sample_type,DOM isolates,10.1021/acs.est.5c08206,10_1021_acs_est_5c08206.pdf,"[8096, 8108]"
sample_type,t28 bioincubation samples,10.1021/acs.est.5c08206,10_1021_acs_est_5c08206.pdf,"[8169, 8194]"
sample_type,DOM composition,10.1021/acs.est.5c08206,10_1021_acs_est_5c08206.pdf,"[8430, 8445]"
instrument,custom-built hybrid linear ion trap 21 T FT-ICR MS,10.1021/acs.est.5c08206,10_1021_acs_est_5c08206.pdf,"[9323, 9373]"
ionization_method,negative-ion electrospray ionization,10.1021/acs.est.5c08206,10_1021_acs_est_5c08206.pdf,"[9279, 9315]"
sample_type,SPE-DOM samples,10.1021/acs.est.5c08206,10_1021_acs_est_5c08206.pdf,"[9246, 9261]"
facility,"National High Magnetic Field Laboratory in Tallahassee, Florida",10.1021/acs.est.5c08206,10_1021_acs_est_5c08206.pdf,"[9381, 9444]"
software_tools,PetroOrg,10.1021/acs.est.5c08206,10_1021_acs_est_5c08206.pdf,"[9758, 9766]"
sample_type,Surface sediments,10.1021/acs.est.6b01156,10_1021_acs_est_6b01156.pdf,"[1223, 1240]"
facility,"Louisiana State University, LA",10.1021/acs.est.6b01156,10_1021_acs_est_6b01156.pdf,"[1319, 1349]"
instrument,Thermo Finnigan Elemental Analyzer (FLASH EA 112),10.1021/acs.est.6b01156,10_1021_acs_est_6b01156.pdf,"[2504, 2552]"
sample_type,MWO and sediment extracts,10.1021/acs.est.6b01156,10_1021_acs_est_6b01156.pdf,"[2387, 2412]"
sample_type,MWO and sediment extracts,10.1021/acs.est.6b01156,10_1021_acs_est_6b01156.pdf,"[2849, 2874]"
ionization_method,positive-ion electrospray ionization,10.1021/acs.est.6b01156,10_1021_acs_est_6b01156.pdf,"[4041, 4077]"
sample_type,MWO and extracts,10.1021/acs.est.6b01156,10_1021_acs_est_6b01156.pdf,"[3850, 3866]"
sample_type,Soil samples,10.1021/acs.est.6b05126,10_1021_acs_est_6b05126.pdf,"[961, 973]"
instrument,UV -vis spectrophotometer,10.1021/acs.est.6b05126,10_1021_acs_est_6b05126.pdf,"[2262, 2287]"
instrument,Horiba FluoroMax-4,10.1021/acs.est.6b05126,10_1021_acs_est_6b05126.pdf,"[3183, 3201]"
facility,CU Boulder Laboratory for Environmental and Geological Studies (LEGS),10.1021/acs.est.6b05126,10_1021_acs_est_6b05126.pdf,"[2973, 3042]"
instrument,custom-built Fourier transform ion cyclotron resonance (FT-ICR) mass spectrometer,10.1021/acs.est.6b05126,10_1021_acs_est_6b05126.pdf,"[5698, 5779]"
sample_type,extracts,10.1021/acs.est.6b05126,10_1021_acs_est_6b05126.pdf,"[5518, 5525]"
software_tools,PetroOrg,10.1021/acs.est.6b05126,10_1021_acs_est_6b05126.pdf,"[6812, 6820]"
instrument,Dionex Series 3000 Ion Chromatography System,10.1021/acs.est.7b01278,10_1021_acs_est_7b01278.pdf,"[1367, 1411]"
instrument,Shimadzu TOC-LCPH analyzer,10.1021/acs.est.7b01278,10_1021_acs_est_7b01278.pdf,"[6696, 6722]"
sample_type,Dissolved Organic Matter (DOM),10.1021/acs.est.7b01278,10_1021_acs_est_7b01278.pdf,"[6548, 6578]"
instrument,9.4 tesla Fourier transform ion cyclotron resonance mass spectrometer,10.1021/acs.est.7b01278,10_1021_acs_est_7b01278.pdf,"[8843, 8912]"
ionization_method,negative-ion electrospray ionization,10.1021/acs.est.7b01278,10_1021_acs_est_7b01278.pdf,"[8778, 8814]"
sample_type,"Sand patties, sediments, and seawater",10.1021/acs.est.7b01278,10_1021_acs_est_7b01278.pdf,"[9263, 9300]"
sample_type,sulfate,10.1021/acs.est.7b01278,10_1021_acs_est_7b01278.pdf,"[10281, 10288]"
sample_type,Sulfate depletion,10.1021/acs.est.7b01278,10_1021_acs_est_7b01278.pdf,"[11116, 11133]"
sample_type,triplicate incubations,10.1021/acs.est.7b01278,10_1021_acs_est_7b01278.pdf,"[11150, 11172]"
sample_type,sterile negative controls,10.1021/acs.est.7b01278,10_1021_acs_est_7b01278.pdf,"[11187, 11212]"
instrument,Shimadzu UV-1601PC,10.1021/acs.est.7b01914,10_1021_acs_est_7b01914.pdf,"[1930, 1948]"
instrument,Horiba Aqualog,10.1021/acs.est.7b01914,10_1021_acs_est_7b01914.pdf,"[3376, 3390]"
sample_type,storm fl ow samples,10.1021/acs.est.7b01914,10_1021_acs_est_7b01914.pdf,"[3053, 3072]"
software_tools,MATLAB (R2014A),10.1021/acs.est.7b01914,10_1021_acs_est_7b01914.pdf,"[3736, 3750]"
sample_type,DOM (DOM aromaticity and molecular character),10.1021/acs.est.7b01914,10_1021_acs_est_7b01914.pdf,"[4462, 4523]"
instrument,custom-built FT-ICR mass spectrometer,10.1021/acs.est.7b01914,10_1021_acs_est_7b01914.pdf,"[5309, 5346]"
ionization_method,negative-ion electron spray ionization,10.1021/acs.est.7b01914,10_1021_acs_est_7b01914.pdf,"[5369, 5407]"
facility,"National High Magnetic Field Laboratory, Florida State University",10.1021/acs.est.7b01914,10_1021_acs_est_7b01914.pdf,"[5415, 5480]"
ionization_method,FT-ICR MS,10.1021/acs.est.7b01914,10_1021_acs_est_7b01914.pdf,"[6004, 6013]"
sample_type,TMP,10.1021/acs.est.7b01914,10_1021_acs_est_7b01914.pdf,"[8059, 8062]"
sample_type,whole water samples,10.1021/acs.est.7b01914,10_1021_acs_est_7b01914.pdf,"[9787, 9806]"
software_tools,Microsoft Excel 2016,10.1021/acs.est.7b01914,10_1021_acs_est_7b01914.pdf,"[11858, 11878]"
software_tools,MATLAB,10.1021/acs.est.7b01914,10_1021_acs_est_7b01914.pdf,"[12045, 12051]"
sample_type,data,10.1021/acs.est.7b01914,10_1021_acs_est_7b01914.pdf,"[15451, 15455]"
sample_type,oil,10.1021/acs.est.7b04445,10_1021_acs_est_7b04445.pdf,"[121, 124]"
sample_type,Petroleum,10.1021/acs.est.7b04445,10_1021_acs_est_7b04445.pdf,"[1174, 1183]"
instrument,GC/APCI-MS,10.1021/acs.est.7b04445,10_1021_acs_est_7b04445.pdf,"[2232, 2242]"
ionization_method,atmospheric pressure chemical ionization (APCI),10.1021/acs.est.7b04445,10_1021_acs_est_7b04445.pdf,"[2347, 2387]"
sample_type,petroleum biomarkers,10.1021/acs.est.7b04445,10_1021_acs_est_7b04445.pdf,"[2286, 2306]"
ionization_method,APCI,10.1021/acs.est.7b04445,10_1021_acs_est_7b04445.pdf,"[3457, 3461]"
sample_type,Analytes,10.1021/acs.est.7b04445,10_1021_acs_est_7b04445.pdf,"[3432, 3440]"
software_tools,MassLynx 4.1,10.1021/acs.est.7b04445,10_1021_acs_est_7b04445.pdf,"[3742, 3754]"
instrument,custom-built FT-ICR mass spectrometer,10.1021/acs.est.7b04445,10_1021_acs_est_7b04445.pdf,"[4847, 4884]"
ionization_method,atmospheric pressure photoionization (APPI),10.1021/acs.est.7b04445,10_1021_acs_est_7b04445.pdf,"[5210, 5253]"
sample_type,Samples,10.1021/acs.est.7b04445,10_1021_acs_est_7b04445.pdf,"[4774, 4781]"
sample_type,the Samples,10.1021/acs.est.7b04445,10_1021_acs_est_7b04445.pdf,"[7223, 7234]"
software_tools,PetroOrg with a nonlinear iterative partial least-squares (NIPALS) algorithm,10.1021/acs.est.7b04445,10_1021_acs_est_7b04445.pdf,"[6827, 6903]"
instrument,GC/APCI-MS/MS,10.1021/acs.est.7b04445,10_1021_acs_est_7b04445.pdf,"[8383, 8396]"
sample_type,Mega Plume oil seep sample,10.1021/acs.est.7b04445,10_1021_acs_est_7b04445.pdf,"[8418, 8444]"
instrument,Agilent 7890,10.1021/acs.est.7b05346,10_1021_acs_est_7b05346.pdf,"[2679, 2691]"
sample_type,Control oil samples,10.1021/acs.est.7b05346,10_1021_acs_est_7b05346.pdf,"[1874, 1893]"
instrument,highresolution ( m / Δ m 50% ≈ 4000) time-of- fl ight mass spectrometer,10.1021/acs.est.7b05346,10_1021_acs_est_7b05346.pdf,"[3334, 3405]"
facility,National High Magnetic Field Laboratory at Florida State University,10.1021/acs.est.7b05346,10_1021_acs_est_7b05346.pdf,"[4212, 4279]"
software_tools,custom code written in Igor 6.3.7 (Wavemetrics),10.1021/acs.est.7b05346,10_1021_acs_est_7b05346.pdf,"[3919, 3966]"
ionization_method,negative electrospray ionization,10.1021/acs.est.7b05346,10_1021_acs_est_7b05346.pdf,"[4747, 4779]"
ionization_method,positive electrospray ionization,10.1021/acs.est.7b05346,10_1021_acs_est_7b05346.pdf,"[4832, 4864]"
instrument,FT-ICR MS 40,10.1021/acs.est.7b05346,10_1021_acs_est_7b05346.pdf,"[4787, 4799]"
instrument,FT-ICR MS,10.1021/acs.est.7b05346,10_1021_acs_est_7b05346.pdf,"[4872, 4881]"
sample_type,products in biotransformed crude oil,10.1021/acs.est.7b05346,10_1021_acs_est_7b05346.pdf,"[5661, 5697]"
sample_type,parent crude oil,10.1021/acs.est.7b05346,10_1021_acs_est_7b05346.pdf,"[5719, 5735]"
instrument,Horiba Scienti fi c Aqualog,10.1021/acs.est.7b05513,10_1021_acs_est_7b05513.pdf,"[1719, 1746]"
instrument,N/A,10.1021/acs.est.7b05513,10_1021_acs_est_7b05513.pdf,"[3532, 3535]"
ionization_method,N/A,10.1021/acs.est.7b05513,10_1021_acs_est_7b05513.pdf,"[3548, 3551]"
facility,N/A,10.1021/acs.est.7b05513,10_1021_acs_est_7b05513.pdf,"[3633, 3636]"
software_tools,N/A,10.1021/acs.est.7b05513,10_1021_acs_est_7b05513.pdf,"[3644, 3647]"
dataset_accession,N/A,10.1021/acs.est.7b05513,10_1021_acs_est_7b05513.pdf,"[3657, 3660]"
ionization_method,13 C- DOC,10.1021/acs.est.7b05513,10_1021_acs_est_7b05513.pdf,"[4218, 4227]"
sample_type,%,10.1021/acs.est.7b05513,10_1021_acs_est_7b05513.pdf,"[4214, 4215]"
sample_type,aliphatic,10.1021/acs.est.7b05513,10_1021_acs_est_7b05513.pdf,"[4955, 4964]"
ionization_method,N/A,10.1021/acs.est.7b05513,10_1021_acs_est_7b05513.pdf,"[12830, 12833]"
sample_type,"% ∂ 13 C- DOC, ‰",10.1021/acs.est.7b05513,10_1021_acs_est_7b05513.pdf,"[12765, 12781]"
sample_type,aliphatic island stability (IOS; RA),10.1021/acs.est.7b05513,10_1021_acs_est_7b05513.pdf,"[13139, 13175]"
instrument,custom-built,10.1021/acs.est.7b05513,10_1021_acs_est_7b05513.pdf,"[22594, 22606]"
sample_type,Solid DOM isolates,10.1021/acs.est.7b05513,10_1021_acs_est_7b05513.pdf,"[22398, 22416]"
instrument,4-T FT-ICR mass spectrometer,10.1021/acs.est.7b05513,10_1021_acs_est_7b05513.pdf,"[22609, 22637]"
ionization_method,electrospray ionization,10.1021/acs.est.7b05513,10_1021_acs_est_7b05513.pdf,"[22783, 22806]"
facility,National Ocean Sciences Accelerator Mass Spectrometry (NOSAMS) facility,10.1021/acs.est.7b05513,10_1021_acs_est_7b05513.pdf,"[24860, 24931]"
sample_type,Surface and deposited oil residues,10.1021/acs.est.7b05948,10_1021_acs_est_7b05948.pdf,"[41, 75]"
instrument,Shimadzu TOC Vcsn,10.1021/acs.est.8b00016,10_1021_acs_est_8b00016.pdf,"[1881, 1898]"
sample_type,water samples,10.1021/acs.est.8b00016,10_1021_acs_est_8b00016.pdf,"[1470, 1482]"
software_tools,drEEM toolbox,10.1021/acs.est.8b00016,10_1021_acs_est_8b00016.pdf,"[3377, 3390]"
software_tools,MatLab code,10.1021/acs.est.8b00016,10_1021_acs_est_8b00016.pdf,"[3405, 3416]"
instrument,Deltatox II photometer,10.1021/acs.est.8b00016,10_1021_acs_est_8b00016.pdf,"[5498, 5520]"
sample_type,groundwater,10.1021/acs.est.8b01788,10_1021_acs_est_8b01788.pdf,"[56, 67]"
sample_type,stormwater,10.1021/acs.est.8b01788,10_1021_acs_est_8b01788.pdf,"[159, 169]"
facility,University of Central Florida (UCF) campus laboratory,10.1021/acs.est.8b01788,10_1021_acs_est_8b01788.pdf,"[224, 266]"
instrument,custom-built FT-ICRMS,10.1021/acs.est.8b01788,10_1021_acs_est_8b01788.pdf,"[3590, 3611]"
sample_type,water samples,10.1021/acs.est.8b01788,10_1021_acs_est_8b01788.pdf,"[2798, 2811]"
facility,National High Magnetic Field Laboratory (NHMFL),10.1021/acs.est.8b01788,10_1021_acs_est_8b01788.pdf,"[3488, 3535]"
sample_type,Experimentally measured masses,10.1021/acs.est.8b01788,10_1021_acs_est_8b01788.pdf,"[3845, 3875]"
sample_type,water source,10.1021/acs.est.8b01788,10_1021_acs_est_8b01788.pdf,"[6265, 6277]"
sample_type,stormwater inlet with carbon addition,10.1021/acs.est.8b01788,10_1021_acs_est_8b01788.pdf,"[10593, 10630]"
instrument,SM-21,10.1021/acs.est.8b01788,10_1021_acs_est_8b01788.pdf,"[11816, 11821]"
ionization_method,FT-ICR-MS,10.1021/acs.est.8b01788,10_1021_acs_est_8b01788.pdf,"[12902, 12911]"
sample_type,water quality analysis,10.1021/acs.est.8b01788,10_1021_acs_est_8b01788.pdf,"[13437, 13459]"
sample_type,DNA,10.1021/acs.est.8b01788,10_1021_acs_est_8b01788.pdf,"[16486, 16489]"
facility,Bioenvironmental Research Laboratory at UCF,10.1021/acs.est.8b01788,10_1021_acs_est_8b01788.pdf,"[16242, 16285]"
software_tools,StepOne from Applied Biosystems and PowerUp SYBR Green Master Mix,10.1021/acs.est.8b01788,10_1021_acs_est_8b01788.pdf,"[16583, 16648]"
sample_type,Secchi disk depth,10.1021/acs.est.8b02163,10_1021_acs_est_8b02163.pdf,"[1084, 1101]"
sample_type,Water depth,10.1021/acs.est.8b02163,10_1021_acs_est_8b02163.pdf,"[1170, 1181]"
instrument,YSI 6600 V2 multisensor sonde,10.1021/acs.est.8b02163,10_1021_acs_est_8b02163.pdf,"[1430, 1459]"
sample_type,Chlorophyll a,10.1021/acs.est.8b02163,10_1021_acs_est_8b02163.pdf,"[3531, 3544]"
sample_type,algal mats,10.1021/acs.est.8b02163,10_1021_acs_est_8b02163.pdf,"[3676, 3686]"
sample_type,dissolved CH4,10.1021/acs.est.8b02163,10_1021_acs_est_8b02163.pdf,"[3712, 3725]"
sample_type,COD (Chemical Oxygen Demand),10.1021/acs.est.8b02163,10_1021_acs_est_8b02163.pdf,"[3545, 3582]"
instrument,Fourier Transform Ion Cyclotron Resonance Mass Spectrometer,10.1021/acs.est.8b02163,10_1021_acs_est_8b02163.pdf,"[6595, 6641]"
sample_type,samples,10.1021/acs.est.8b02163,10_1021_acs_est_8b02163.pdf,"[6722, 6729]"
instrument,FT-ICR MS,10.1021/acs.est.8b02163,10_1021_acs_est_8b02163.pdf,"[7060, 7069]"
ionization_method,negative-ion electrospray,10.1021/acs.est.8b02163,10_1021_acs_est_8b02163.pdf,"[7034, 7059]"
software_tools,R-studio 0.97.551 (R i386 2.15.2),10.1021/acs.est.8b02163,10_1021_acs_est_8b02163.pdf,"[7963, 7996]"
software_tools,MATLAB R2016b,10.1021/acs.est.8b02163,10_1021_acs_est_8b02163.pdf,"[8068, 8081]"
instrument,Bruker Ultra fl eXtreme,10.1021/acs.est.8b06861,10_1021_acs_est_8b06861.pdf,"[2719, 2742]"
ionization_method,matrix-assisted laser desorption ionization time-of- fl ight/time of fl ight (MALDI-TOF/TOF),10.1021/acs.est.8b06861,10_1021_acs_est_8b06861.pdf,"[2743, 2835]"
ionization_method,ESI,10.1021/acs.est.8b06861,10_1021_acs_est_8b06861.pdf,"[3267, 3270]"
sample_type,charcoal sample,10.1021/acs.est.8b06861,10_1021_acs_est_8b06861.pdf,"[3321, 3336]"
instrument,Horiba Jobin Yvon LabRAM HR,10.1021/acs.est.8b06861,10_1021_acs_est_8b06861.pdf,"[4049, 4076]"
sample_type,Raman spectra,10.1021/acs.est.8b06861,10_1021_acs_est_8b06861.pdf,"[4214, 4227]"
instrument,FEI TM Tecnai F20,10.1021/acs.est.8b06861,10_1021_acs_est_8b06861.pdf,"[6036, 6053]"
sample_type,"Gulf of Mexico Crude Oil (SRM 2779) (Macondo Well Oil, MWO)",10.1021/acs.est.9b00908,10_1021_acs_est_9b00908.pdf,"[42, 101]"
sample_type,an o ff shore fl oating oil mat,10.1021/acs.est.9b00908,10_1021_acs_est_9b00908.pdf,"[248, 279]"
sample_type,sand patty,10.1021/acs.est.9b00908,10_1021_acs_est_9b00908.pdf,"[421, 431]"
sample_type,rock scraping,10.1021/acs.est.9b00908,10_1021_acs_est_9b00908.pdf,"[535, 548]"
sample_type,oiled sand,10.1021/acs.est.9b00908,10_1021_acs_est_9b00908.pdf,"[793, 803]"
facility,National High Magnetic Field Laboratory,10.1021/acs.est.9b00908,10_1021_acs_est_9b00908.pdf,"[2518, 2557]"
instrument,FT-ICR MS,10.1021/acs.est.9b00908,10_1021_acs_est_9b00908.pdf,"[4622, 4631]"
ionization_method,(+) ESI,10.1021/acs.est.9b00908,10_1021_acs_est_9b00908.pdf,"[4774, 4781]"
instrument,Shimadzu total organic carbon (TOC) analyzer,10.1021/acs.est.9b01894,10_1021_acs_est_9b01894.pdf,"[2198, 2242]"
sample_type,DOC concentrations,10.1021/acs.est.9b01894,10_1021_acs_est_9b01894.pdf,"[2158, 2176]"
instrument,custom-built Fourier transform ion cyclotron resonance mass spectrometer,10.1021/acs.est.9b01894,10_1021_acs_est_9b01894.pdf,"[6578, 6650]"
ionization_method,negative-ion electrospray ionization,10.1021/acs.est.9b01894,10_1021_acs_est_9b01894.pdf,"[6526, 6562]"
facility,National High Magnetic Field Laboratory (NHMFL),10.1021/acs.est.9b01894,10_1021_acs_est_9b01894.pdf,"[6697, 6744]"
software_tools,EnviroOrg,10.1021/acs.est.9b01894,10_1021_acs_est_9b01894.pdf,"[6937, 6946]"
sample_type,heavy and light DOMHC samples,10.1021/acs.est.9b01894,10_1021_acs_est_9b01894.pdf,"[7636, 7665]"
instrument,drEEM toolbox 22 for MATLAB,10.1021/acs.est.9b01894,10_1021_acs_est_9b01894.pdf,"[7676, 7692]"
software_tools,"JMP software, version 13.1.0",10.1021/acs.est.9b01894,10_1021_acs_est_9b01894.pdf,"[8226, 8254]"
ionization_method,Fourier transform ion cyclotron resolution mass spectrometry (FT-ICR MS),10.1021/acs.est.9b01894,10_1021_acs_est_9b01894.pdf,"[8557, 8629]"
facility,Chemical Dynamics Beamline 9.0.2 at the Advanced Light Source,10.1021/acs.est.9b03043,10_1021_acs_est_9b03043.pdf,"[607, 668]"
ionization_method,flame ionization detector (GC-FID),10.1021/acs.est.9b06164,10_1021_acs_est_9b06164.pdf,"[2551, 2579]"
sample_type,soil samples,10.1021/acs.est.9b06164,10_1021_acs_est_9b06164.pdf,"[2762, 2774]"
instrument,custom-built 9.4 T and 21T FT-ICR MS,10.1021/acs.est.9b06164,10_1021_acs_est_9b06164.pdf,"[5474, 5500]"
facility,"National High Magnetic Field Laboratory in Tallahassee, FL",10.1021/acs.est.9b06164,10_1021_acs_est_9b06164.pdf,"[5522, 5580]"
ionization_method,-) ESI,10.1021/acs.est.9b06164,10_1021_acs_est_9b06164.pdf,"[5784, 5790]"
sample_type,MA1 - MA9 derived from the samples,10.1021/acs.est.9b06164,10_1021_acs_est_9b06164.pdf,"[6113, 6146]"
instrument,Laser desorption Fourier transform ion cyclotron resonance mass spectrometery (LD FT-ICR MS),10.1021/acs.joc.6b02301,10_1021_acs_joc_6b02301.pdf,"[4285, 4377]"
sample_type,Compound eyes from wild-type Drosophila melanogaster,10.1021/acs.jproteome.0c00303,10_1021_acs_jproteome_0c00303.pdf,"[1672, 1724]"
ionization_method,iTRAQ analysis,10.1021/acs.jproteome.0c00303,10_1021_acs_jproteome_0c00303.pdf,"[1794, 1808]"
software_tools,Qubit protein assay kit,10.1021/acs.jproteome.0c00303,10_1021_acs_jproteome_0c00303.pdf,"[2197, 2220]"
sample_type,extract,10.1021/acs.jproteome.0c00303,10_1021_acs_jproteome_0c00303.pdf,"[2890, 2897]"
sample_type,Escherichia coli strain MG1655,10.1021/acs.jproteome.0c00303,10_1021_acs_jproteome_0c00303.pdf,"[4129, 4159]"
facility,"Coli Genetic Stock Center, Yale University",10.1021/acs.jproteome.0c00303,10_1021_acs_jproteome_0c00303.pdf,"[4161, 4203]"
sample_type,proteins,10.1021/acs.jproteome.0c00303,10_1021_acs_jproteome_0c00303.pdf,"[5650, 5658]"
instrument,in-house-fabricated analytical column,10.1021/acs.jproteome.0c00303,10_1021_acs_jproteome_0c00303.pdf,"[6571, 6608]"
ionization_method,nanoelectrospray ionization,10.1021/acs.jproteome.0c00303,10_1021_acs_jproteome_0c00303.pdf,"[7097, 7124]"
sample_type,proteins,10.1021/acs.jproteome.0c00303,10_1021_acs_jproteome_0c00303.pdf,"[7063, 7071]"
software_tools,Xcalibur,10.1021/acs.jproteome.0c00303,10_1021_acs_jproteome_0c00303.pdf,"[7320, 7328]"
instrument,ion cyclotron resonance (ICR) mass analyzer,10.1021/acs.jproteome.0c00303,10_1021_acs_jproteome_0c00303.pdf,"[7402, 7445]"
sample_type,E. coli,10.1021/acs.jproteome.0c00303,10_1021_acs_jproteome_0c00303.pdf,"[8757, 8764]"
facility,National Resource for Translational and Developmental Proteomics (NRTDP),10.1021/acs.jproteome.0c00303,10_1021_acs_jproteome_0c00303.pdf,"[8551, 8623]"
sample_type,in-gel proteins,10.1021/acs.jproteome.0c00303,10_1021_acs_jproteome_0c00303.pdf,"[10055, 10070]"
ionization_method,Matrix-Assisted Laser Desorption Ionization (MALDI),10.1021/acs.jproteome.0c00303,10_1021_acs_jproteome_0c00303.pdf,"[11169, 11220]"
instrument,Shimadzu MALDI-8020,10.1021/acs.jproteome.0c00303,10_1021_acs_jproteome_0c00303.pdf,"[12316, 12335]"
ionization_method,MALDI in-source decay (ISD),10.1021/acs.jproteome.0c00303,10_1021_acs_jproteome_0c00303.pdf,"[12257, 12284]"
sample_type,human peripheral blood,10.1021/acs.jproteome.0c00303,10_1021_acs_jproteome_0c00303.pdf,"[13194, 13216]"
ionization_method,nanoelectrospray ionization,10.1021/acs.jproteome.0c00303,10_1021_acs_jproteome_0c00303.pdf,"[14869, 14896]"
sample_type,Hb,10.1021/acs.jproteome.0c00303,10_1021_acs_jproteome_0c00303.pdf,"[14349, 14351]"
instrument,MALDI-TOF MS,10.1021/acs.jproteome.0c00303,10_1021_acs_jproteome_0c00303.pdf,"[16349, 16361]"
ionization_method,MALDI,10.1021/acs.jproteome.0c00303,10_1021_acs_jproteome_0c00303.pdf,"[16546, 16551]"
sample_type,crude biological samples,10.1021/acs.jproteome.0c00303,10_1021_acs_jproteome_0c00303.pdf,"[16319, 16343]"
ionization_method,native MS analysis online with capillary electrophoresis (CE),10.1021/acs.jproteome.0c00303,10_1021_acs_jproteome_0c00303.pdf,"[18803, 18864]"
ionization_method,native ESI MS,10.1021/acs.jproteome.0c00303,10_1021_acs_jproteome_0c00303.pdf,"[19704, 19717]"
ionization_method,direct-infusion ESI,10.1021/acs.jproteome.0c00303,10_1021_acs_jproteome_0c00303.pdf,"[21048, 21067]"
sample_type,Hb,10.1021/acs.jproteome.0c00303,10_1021_acs_jproteome_0c00303.pdf,"[21110, 21112]"
sample_type,intact protein,10.1021/acs.jproteome.0c00403,10_1021_acs_jproteome_0c00403.pdf,"[1348, 1362]"
ionization_method,nanoelectrospray ionization,10.1021/acs.jproteome.0c00403,10_1021_acs_jproteome_0c00403.pdf,"[2419, 2446]"
sample_type,proteins,10.1021/acs.jproteome.0c00403,10_1021_acs_jproteome_0c00403.pdf,"[2385, 2393]"
software_tools,Xcalibur,10.1021/acs.jproteome.0c00403,10_1021_acs_jproteome_0c00403.pdf,"[2637, 2645]"
instrument,ion cyclotron resonance (ICR) mass analyzer,10.1021/acs.jproteome.0c00403,10_1021_acs_jproteome_0c00403.pdf,"[2856, 2899]"
dataset_accession,MSV000085978,10.1021/acs.jproteome.0c00403,10_1021_acs_jproteome_0c00403.pdf,"[4181, 4193]"
software_tools,TDPortal 22,10.1021/acs.jproteome.0c00403,10_1021_acs_jproteome_0c00403.pdf,"[4640, 4651]"
dataset_accession,MSV000085978,10.1021/acs.jproteome.0c00403,10_1021_acs_jproteome_0c00403.pdf,"[5147, 5159]"
software_tools,Thermo Protein Deconvolution 4.0,10.1021/acs.jproteome.0c00403,10_1021_acs_jproteome_0c00403.pdf,"[5627, 5659]"
software_tools,Proteoform Suite version 0.3.6,10.1021/acs.jproteome.0c00403,10_1021_acs_jproteome_0c00403.pdf,"[6074, 6104]"
software_tools,MetaMorpheus 26,10.1021/acs.jproteome.0c00403,10_1021_acs_jproteome_0c00403.pdf,"[9711, 9726]"
software_tools,Proteoform Suite,10.1021/acs.jproteome.0c00403,10_1021_acs_jproteome_0c00403.pdf,"[12004, 12020]"
software_tools,TDPortal,10.1021/acs.jproteome.0c00403,10_1021_acs_jproteome_0c00403.pdf,"[12241, 12249]"
software_tools,Microsoft Excel,10.1021/acs.jproteome.0c00403,10_1021_acs_jproteome_0c00403.pdf,"[12253, 12268]"
sample_type,HeLa S3 cells,10.1021/acs.jproteome.6b00414,10_1021_acs_jproteome_6b00414.pdf,"[76, 89]"
sample_type,Raw histones,10.1021/acs.jproteome.6b00414,10_1021_acs_jproteome_6b00414.pdf,"[1419, 1431]"
instrument,custom-built 9.4 T Fourier transform ion cyclotron resonance,10.1021/acs.jproteome.6b00414,10_1021_acs_jproteome_6b00414.pdf,"[2425, 2485]"
ionization_method,positive nanoelectrospray,10.1021/acs.jproteome.6b00414,10_1021_acs_jproteome_6b00414.pdf,"[2366, 2391]"
ionization_method,electron capture dissociation (ECD),10.1021/acs.jproteome.6b00414,10_1021_acs_jproteome_6b00414.pdf,"[2935, 2970]"
sample_type,histone H2B proteoforms,10.1021/acs.jproteome.6b00414,10_1021_acs_jproteome_6b00414.pdf,"[3337, 3360]"
instrument,14.5T FT-ICR mass spectrometer,10.1021/acs.jproteome.6b00414,10_1021_acs_jproteome_6b00414.pdf,"[4244, 4274]"
ionization_method,positive nanoelectrospray,10.1021/acs.jproteome.6b00414,10_1021_acs_jproteome_6b00414.pdf,"[4172, 4197]"
sample_type,Samples,10.1021/acs.jproteome.6b00414,10_1021_acs_jproteome_6b00414.pdf,"[4049, 4056]"
sample_type,fragment ions,10.1021/acs.jproteome.6b00414,10_1021_acs_jproteome_6b00414.pdf,"[5495, 5508]"
instrument,nano-HPLC system (ACQUITY MClass),10.1021/acs.jproteome.6b00696,10_1021_acs_jproteome_6b00696.pdf,"[3263, 3295]"
sample_type,Reconstituted protein fractions,10.1021/acs.jproteome.6b00696,10_1021_acs_jproteome_6b00696.pdf,"[2760, 2791]"
ionization_method,microelectrospray ionization,10.1021/acs.jproteome.6b00696,10_1021_acs_jproteome_6b00696.pdf,"[4259, 4287]"
instrument,ICR mass analyzer,10.1021/acs.jproteome.6b00696,10_1021_acs_jproteome_6b00696.pdf,"[4666, 4683]"
sample_type,Precursor (MS1) and product (MS2) ion spectra,10.1021/acs.jproteome.6b00696,10_1021_acs_jproteome_6b00696.pdf,"[4598, 4643]"
software_tools,Microsoft Excel 2013,10.1021/acs.jproteome.6b00696,10_1021_acs_jproteome_6b00696.pdf,"[9352, 9372]"
instrument,9.4 T FT-ICR MS,10.1021/acs.jproteome.7b00457,10_1021_acs_jproteome_7b00457.pdf,"[443, 458]"
sample_type,organic molecules up to ∼ 1 kDa in mass,10.1021/acs.jproteome.7b00457,10_1021_acs_jproteome_7b00457.pdf,"[322, 361]"
sample_type,volcanic asphalt sample,10.1021/acs.jproteome.7b00457,10_1021_acs_jproteome_7b00457.pdf,"[580, 603]"
sample_type,2D cross-peaks,10.1021/acs.jproteome.7b00457,10_1021_acs_jproteome_7b00457.pdf,"[3475, 3489]"
sample_type,spin systems,10.1021/acs.jproteome.7b00457,10_1021_acs_jproteome_7b00457.pdf,"[6224, 6236]"
ionization_method,FT-ICR,10.1021/acs.jproteome.7b00457,10_1021_acs_jproteome_7b00457.pdf,"[7081, 7087]"
software_tools,Modgraph implemented in MestReNova 10.0.1 (Mestrelab Research),10.1021/acs.jproteome.7b00457,10_1021_acs_jproteome_7b00457.pdf,"[7657, 7719]"
sample_type,a 25-compound model mixture,10.1021/acs.jproteome.7b00457,10_1021_acs_jproteome_7b00457.pdf,"[8214, 8241]"
software_tools,COLMAR database,10.1021/acs.jproteome.7b00457,10_1021_acs_jproteome_7b00457.pdf,"[8335, 8350]"
sample_type,Compounds,10.1021/acs.jproteome.7b00457,10_1021_acs_jproteome_7b00457.pdf,"[10832, 10841]"
instrument,FT-ICR MS,10.1021/acs.jproteome.7b00457,10_1021_acs_jproteome_7b00457.pdf,"[10966, 10975]"
sample_type,25-compound metabolite mixture,10.1021/acs.jproteome.7b00457,10_1021_acs_jproteome_7b00457.pdf,"[14272, 14302]"
instrument,Bruker AVANCE,10.1021/acs.jproteome.7b00457,10_1021_acs_jproteome_7b00457.pdf,"[17016, 17029]"
sample_type,25-compound model mixture and E. coli cell lysate,10.1021/acs.jproteome.7b00457,10_1021_acs_jproteome_7b00457.pdf,"[16856, 16905]"
sample_type,2D 13 C -1 H HSQC spectra of the 25-compound model mixture and E. coli cell lysate,10.1021/acs.jproteome.7b00457,10_1021_acs_jproteome_7b00457.pdf,"[17151, 17233]"
software_tools,NMRPipe,10.1021/acs.jproteome.7b00457,10_1021_acs_jproteome_7b00457.pdf,"[19114, 19121]"
instrument,custom-built 9.4 T Fourier transform ion cyclotron resonance mass spectrometer,10.1021/acs.jproteome.7b00457,10_1021_acs_jproteome_7b00457.pdf,"[19295, 19373]"
ionization_method,positive or negative nanoelectrospray,10.1021/acs.jproteome.7b00457,10_1021_acs_jproteome_7b00457.pdf,"[19530, 19567]"
sample_type,25 metabolites mixture (10 μ M) and E. coli extract sample,10.1021/acs.jproteome.7b00457,10_1021_acs_jproteome_7b00457.pdf,"[19409, 19467]"
ionization_method,ESI,10.1021/acs.jproteome.7b00457,10_1021_acs_jproteome_7b00457.pdf,"[21185, 21188]"
sample_type,custom-prepared standard mix,10.1021/acs.jproteome.7b00457,10_1021_acs_jproteome_7b00457.pdf,"[21194, 21222]"
software_tools,Predator Analysis (version 4.1.9),10.1021/acs.jproteome.7b00457,10_1021_acs_jproteome_7b00457.pdf,"[21746, 21779]"
instrument,custom-built FT-ICR mass spectrometer,10.1021/acs.molpharmaceut.5c00679,10_1021_acs_molpharmaceut_5c00679.pdf,"[1557, 1594]"
ionization_method,electrospray ionization in negative-ion mode (ESI-),10.1021/acs.molpharmaceut.5c00679,10_1021_acs_molpharmaceut_5c00679.pdf,"[1743, 1794]"
software_tools,Predator Software,10.1021/acs.molpharmaceut.5c00679,10_1021_acs_molpharmaceut_5c00679.pdf,"[1839, 1856]"
facility,NHMFL,10.1021/acs.molpharmaceut.5c00679,10_1021_acs_molpharmaceut_5c00679.pdf,"[1922, 1927]"
instrument,Pegasus GC-HRT 4D,10.1021/acs.molpharmaceut.5c00679,10_1021_acs_molpharmaceut_5c00679.pdf,"[3533, 3550]"
ionization_method,electron ionization (EI),10.1021/acs.molpharmaceut.5c00679,10_1021_acs_molpharmaceut_5c00679.pdf,"[4431, 4455]"
instrument,21 T FT-ICR,10.1021/acs.molpharmaceut.5c00679,10_1021_acs_molpharmaceut_5c00679.pdf,"[5089, 5100]"
dataset_accession,doi.org/ 10.17605/OSF.IO/AM8TV,10.1021/acs.molpharmaceut.5c00679,10_1021_acs_molpharmaceut_5c00679.pdf,"[5254, 5284]"
sample_type,analyzed matrices,10.1021/acs.molpharmaceut.5c00679,10_1021_acs_molpharmaceut_5c00679.pdf,"[5763, 5780]"
sample_type,the molecule,10.1021/acs.molpharmaceut.5c00679,10_1021_acs_molpharmaceut_5c00679.pdf,"[5785, 5797]"
instrument,ESI( -) FT-ICR MS-based,10.1021/acs.molpharmaceut.5c00679,10_1021_acs_molpharmaceut_5c00679.pdf,"[6018, 6041]"
ionization_method,ESI,10.1021/acs.molpharmaceut.5c00679,10_1021_acs_molpharmaceut_5c00679.pdf,"[6018, 6021]"
instrument,GC × GC EI-HRToF MS,10.1021/acs.molpharmaceut.5c00679,10_1021_acs_molpharmaceut_5c00679.pdf,"[6436, 6455]"
ionization_method,EI-HRToF MS,10.1021/acs.molpharmaceut.5c00679,10_1021_acs_molpharmaceut_5c00679.pdf,"[6444, 6455]"
sample_type,supraglacial meltwater,10.1021/acsearthspacechem.0c00361,10_1021_acsearthspacechem_0c00361.pdf,"[935, 957]"
sample_type,cryoconite,10.1021/acsearthspacechem.0c00361,10_1021_acsearthspacechem_0c00361.pdf,"[1198, 1208]"
sample_type,Samples,10.1021/acsearthspacechem.0c00361,10_1021_acsearthspacechem_0c00361.pdf,"[2785, 2792]"
ionization_method,ESI,10.1021/acsearthspacechem.0c00361,10_1021_acsearthspacechem_0c00361.pdf,"[5554, 5557]"
instrument,9.4 T custom-built FT-ICR mass spectrometer,10.1021/acsearthspacechem.0c00361,10_1021_acsearthspacechem_0c00361.pdf,"[6838, 6881]"
ionization_method,ESI,10.1021/acsearthspacechem.0c00361,10_1021_acsearthspacechem_0c00361.pdf,"[7020, 7023]"
sample_type,DOM isolates,10.1021/acsearthspacechem.0c00361,10_1021_acsearthspacechem_0c00361.pdf,"[6719, 6731]"
facility,National High Magnetic Field Laboratory (NHMFL),10.1021/acsearthspacechem.0c00361,10_1021_acsearthspacechem_0c00361.pdf,"[6897, 6943]"
software_tools,"MIDAS Predator Analysis, PetroOrg",10.1021/acsearthspacechem.0c00361,10_1021_acsearthspacechem_0c00361.pdf,"[7300, 7323]"
sample_type,"Fuel types included heating oil, Jet A-50 fuel, unleaded gasoline, diesel fuel, kerosene, ANS crude oil, and burnt ANS crude oil",10.1021/acsestwater.1c00494,10_1021_acsestwater_1c00494.pdf,"[1054, 1182]"
sample_type,crude oil,10.1021/acsestwater.1c00494,10_1021_acsestwater_1c00494.pdf,"[2069, 2078]"
sample_type,seawater,10.1021/acsestwater.1c00494,10_1021_acsestwater_1c00494.pdf,"[2109, 2117]"
instrument,Shimadzu TOC-L,10.1021/acsestwater.1c00494,10_1021_acsestwater_1c00494.pdf,"[3070, 3084]"
sample_type,DOC measurements,10.1021/acsestwater.1c00494,10_1021_acsestwater_1c00494.pdf,"[3028, 3044]"
instrument,hybrid linear ion trap FT-ICR mass spectrometer,10.1021/acsestwater.1c00494,10_1021_acsestwater_1c00494.pdf,"[4088, 4135]"
ionization_method,microelectrospray ionization,10.1021/acsestwater.1c00494,10_1021_acsestwater_1c00494.pdf,"[4016, 4044]"
sample_type,DOMHC extracts,10.1021/acsestwater.1c00494,10_1021_acsestwater_1c00494.pdf,"[3985, 3999]"
software_tools,PetroOrg(c),10.1021/acsestwater.1c00494,10_1021_acsestwater_1c00494.pdf,"[4478, 4489]"
sample_type,Influent and effluent samples,10.1021/acsestwater.4c00588,10_1021_acsestwater_4c00588.pdf,"[3099, 3128]"
sample_type,Tellurium species,10.1021/acsestwater.4c00588,10_1021_acsestwater_4c00588.pdf,"[3179, 3196]"
instrument,"UV-2501 PC, Shimadzu",10.1021/acsestwater.4c00588,10_1021_acsestwater_4c00588.pdf,"[3735, 3755]"
sample_type,TeO3 2 -,10.1021/acsestwater.4c00588,10_1021_acsestwater_4c00588.pdf,"[3852, 3860]"
instrument,Dionex Aquion ion chromatography system,10.1021/acsestwater.4c00588,10_1021_acsestwater_4c00588.pdf,"[4559, 4598]"
sample_type,acetate and sulfate concentrations,10.1021/acsestwater.4c00588,10_1021_acsestwater_4c00588.pdf,"[4610, 4644]"
sample_type,"thin-sectioned, stained tissue",10.1021/acsestwater.4c00588,10_1021_acsestwater_4c00588.pdf,"[5495, 5518]"
software_tools,QIIME v1.8,10.1021/acsestwater.4c00588,10_1021_acsestwater_4c00588.pdf,"[6329, 6346]"
instrument,JEMARM200cF,10.1021/acsestwater.4c00588,10_1021_acsestwater_4c00588.pdf,"[5673, 5684]"
ionization_method,annular dark-field scanning transmission electron microscopy (STEM),10.1021/acsestwater.4c00588,10_1021_acsestwater_4c00588.pdf,"[5605, 5671]"
sample_type,microbial community,10.1021/acsestwater.4c00588,10_1021_acsestwater_4c00588.pdf,"[5735, 5754]"
sample_type,water samples,10.1021/acsestwater.4c00832,10_1021_acsestwater_4c00832.pdf,"[1971, 1984]"
facility,laboratory,10.1021/acsestwater.4c00832,10_1021_acsestwater_4c00832.pdf,"[1996, 2006]"
instrument,Shimadzu TOC-L,10.1021/acsestwater.4c00832,10_1021_acsestwater_4c00832.pdf,"[2985, 3000]"
sample_type,Dissolved organic carbon (DOC) samples,10.1021/acsestwater.4c00832,10_1021_acsestwater_4c00832.pdf,"[2865, 2903]"
instrument,Hitachi F-7000 spectrofluorometer,10.1021/acsestwater.4c00832,10_1021_acsestwater_4c00832.pdf,"[3897, 3930]"
instrument,Bruker SolariX FT -ICR MS,10.1021/acsestwater.4c00832,10_1021_acsestwater_4c00832.pdf,"[4927, 4952]"
ionization_method,negative electrospray ion (ESI),10.1021/acsestwater.4c00832,10_1021_acsestwater_4c00832.pdf,"[5003, 5034]"
sample_type,DOM in water samples,10.1021/acsestwater.4c00832,10_1021_acsestwater_4c00832.pdf,"[4785, 4805]"
software_tools,Bruker Daltonics Data Analysis software,10.1021/acsestwater.4c00832,10_1021_acsestwater_4c00832.pdf,"[5287, 5326]"
sample_type,diplosiphon strains,10.1021/acsomega.0c00566,10_1021_acsomega_0c00566.pdf,"[931, 950]"
instrument,Shimadzu GC17A/QP5050A,10.1021/acsomega.0c00566,10_1021_acsomega_0c00566.pdf,"[2461, 2483]"
sample_type,Total Lipid content and Fatty Acid Methyl Esters in F. diplosiphon Nanotreated Cells,10.1021/acsomega.0c00566,10_1021_acsomega_0c00566.pdf,"[1923, 2007]"
facility,"mass spectrometry facility at the Johns Hopkins University (Baltimore, MD)",10.1021/acsomega.0c00566,10_1021_acsomega_0c00566.pdf,"[2533, 2607]"
instrument,LECO,10.1021/acsomega.0c00566,10_1021_acsomega_0c00566.pdf,"[3084, 3088]"
ionization_method,highresolution two-dimensional gas chromatography with time-offl ight mass spectrometry (GC × GC -TOFMS),10.1021/acsomega.0c00566,10_1021_acsomega_0c00566.pdf,"[2974, 3078]"
sample_type,total lipids,10.1021/acsomega.0c00566,10_1021_acsomega_0c00566.pdf,"[3103, 3115]"
instrument,JSM 7100F,10.1021/acsomega.0c00566,10_1021_acsomega_0c00566.pdf,"[4313, 4322]"
sample_type,nZVIs,10.1021/acsomega.0c00566,10_1021_acsomega_0c00566.pdf,"[4254, 4259]"
software_tools,JED-2300 Series Standard software,10.1021/acsomega.0c00566,10_1021_acsomega_0c00566.pdf,"[4467, 4500]"
sample_type,"Growth, photosynthetic pigment accumulation, total lipid content, and FAME results",10.1021/acsomega.0c00566,10_1021_acsomega_0c00566.pdf,"[4765, 4847]"
software_tools,one-way analysis of variance and Tukey 's Honest Significant Difference post-hoc test,10.1021/acsomega.0c00566,10_1021_acsomega_0c00566.pdf,"[4959, 5008]"
sample_type,petroleum crude oil,10.1021/ar020177t,10_1021_ar020177t.pdf,"[4580, 4599]"
sample_type,its distillates,10.1021/ar020177t,10_1021_ar020177t.pdf,"[4604, 4619]"
sample_type,crude oil components,10.1021/ar020177t,10_1021_ar020177t.pdf,"[6075, 6095]"
ionization_method,bombardment with high-energy electrons,10.1021/ar020177t,10_1021_ar020177t.pdf,"[7648, 7676]"
sample_type,molecules,10.1021/ar020177t,10_1021_ar020177t.pdf,"[9173, 9181]"
instrument,5.6-T FT-ICR,10.1021/ar020177t,10_1021_ar020177t.pdf,"[10574, 10586]"
ionization_method,Low-energy electron impact ionization,10.1021/ar020177t,10_1021_ar020177t.pdf,"[10536, 10573]"
sample_type,raw diesel feedstock,10.1021/ar020177t,10_1021_ar020177t.pdf,"[10659, 10679]"
ionization_method,low-energy electron ionization,10.1021/ar020177t,10_1021_ar020177t.pdf,"[11230, 11260]"
sample_type,petroleum-related samples,10.1021/ar020177t,10_1021_ar020177t.pdf,"[11036, 11061]"
ionization_method,electron ionization,10.1021/ar020177t,10_1021_ar020177t.pdf,"[11744, 11763]"
ionization_method,electrospray ionization,10.1021/ar020177t,10_1021_ar020177t.pdf,"[13194, 13217]"
instrument,FT-ICR MS,10.1021/ar020177t,10_1021_ar020177t.pdf,"[13882, 13891]"
ionization_method,ESI,10.1021/ar020177t,10_1021_ar020177t.pdf,"[14614, 14617]"
sample_type,crude oil,10.1021/ar020177t,10_1021_ar020177t.pdf,"[15622, 15631]"
ionization_method,ESI,10.1021/ar020177t,10_1021_ar020177t.pdf,"[17056, 17059]"
sample_type,Chinese crude oil,10.1021/ar020177t,10_1021_ar020177t.pdf,"[17086, 17103]"
ionization_method,ESI,10.1021/ar020177t,10_1021_ar020177t.pdf,"[18193, 18196]"
sample_type,crude oil,10.1021/ar020177t,10_1021_ar020177t.pdf,"[18223, 18232]"
sample_type,heavy crude oil,10.1021/ar020177t,10_1021_ar020177t.pdf,"[20596, 20611]"
instrument,ESI FT-ICR mass spectrometer,10.1021/ar020177t,10_1021_ar020177t.pdf,"[22937, 22952]"
sample_type,CcH2c + ZO2 acids identified in Chinese crude oil,10.1021/ar020177t,10_1021_ar020177t.pdf,"[22902, 22933]"
sample_type,crude oils,10.1021/ar020177t,10_1021_ar020177t.pdf,"[25225, 25235]"
ionization_method,ESI,10.1021/ar020177t,10_1021_ar020177t.pdf,"[26618, 26621]"
ionization_method,electrospray ionization,10.1021/ar020177t,10_1021_ar020177t.pdf,"[27196, 27219]"
sample_type,crude oil,10.1021/ar020177t,10_1021_ar020177t.pdf,"[27575, 27584]"
instrument,Fourier Transform Ion Cyclotron Resonance Mass Spectrometer,10.1021/ar020177t,10_1021_ar020177t.pdf,"[32549, 32595]"
ionization_method,Electrospray Ionization,10.1021/ar020177t,10_1021_ar020177t.pdf,"[33017, 33040]"
ionization_method,negative ion electrospray,10.1021/ar020177t,10_1021_ar020177t.pdf,"[36874, 36899]"
sample_type,acidic NSO compounds in crude oils of different geochemical origins,10.1021/ar020177t,10_1021_ar020177t.pdf,"[36803, 36870]"
instrument,Fourier Transform Ion Cyclotron Resonance mass spectrometer,10.1021/ar020177t,10_1021_ar020177t.pdf,"[41472, 41518]"
ionization_method,Electrospray Ionization,10.1021/ar020177t,10_1021_ar020177t.pdf,"[41448, 41471]"
sample_type,Fulvic Acids,10.1021/ar020177t,10_1021_ar020177t.pdf,"[41716, 41728]"
sample_type,Suwannee River Fulvic Acids,10.1021/ar020177t,10_1021_ar020177t.pdf,"[42406, 42433]"
instrument,Fourier Transform Ion Cyclotron Resonance Mass Spectrometer,10.1021/ar020177t,10_1021_ar020177t.pdf,"[42484, 42530]"
ionization_method,Electrospray Ionization,10.1021/ar020177t,10_1021_ar020177t.pdf,"[42647, 42670]"
instrument,Fourier Transform Ion Cyclotron Resonance Mass Spectrometer,10.1021/ar020177t,10_1021_ar020177t.pdf,"[43337, 43383]"
sample_type,Hydrocarbons into Membrane Phospholipids from Thodococcus Hydrocarbon Degrading Bacteria,10.1021/ar020177t,10_1021_ar020177t.pdf,"[43595, 43683]"
ionization_method,Electrospray Ionization,10.1021/ar020177t,10_1021_ar020177t.pdf,"[43687, 43710]"
sample_type,bitumen heavy vacuum gas oil,10.1021/ef100149n,10_1021_ef100149n.pdf,"[47, 75]"
ionization_method,APPI,10.1021/ef100149n,10_1021_ef100149n.pdf,"[594, 598]"
instrument,APPISource,10.1021/ef100149n,10_1021_ef100149n.pdf,"[2014, 2024]"
ionization_method,negative ESI,10.1021/ef100149n,10_1021_ef100149n.pdf,"[1932, 1944]"
sample_type,methanol spiked with 2% (by volume) ammonium hydroxide,10.1021/ef100149n,10_1021_ef100149n.pdf,"[1876, 1930]"
software_tools,Xcaliber,10.1021/ef100149n,10_1021_ef100149n.pdf,"[2428, 2436]"
instrument,customized hybrid linear quadrupole ion trap/FT-ICR MS (LTQ-FT),10.1021/ef100149n,10_1021_ef100149n.pdf,"[3421, 3483]"
ionization_method,electrospray ions,10.1021/ef100149n,10_1021_ef100149n.pdf,"[3084, 3101]"
sample_type,analyte,10.1021/ef100149n,10_1021_ef100149n.pdf,"[3007, 3014]"
instrument,LTQ,10.1021/ef100149n,10_1021_ef100149n.pdf,"[3688, 3691]"
instrument,LTQ,10.1021/ef100149n,10_1021_ef100149n.pdf,"[5042, 5045]"
instrument,Fourier transform ion cyclotron resolution mass spectrometry (FT-ICR MS),10.1021/ef100149n,10_1021_ef100149n.pdf,"[6064, 6136]"
ionization_method,atmospheric pressure photoionization (APPI),10.1021/ef100149n,10_1021_ef100149n.pdf,"[6013, 6056]"
sample_type,Athabasca bitumen heavy vacuum gas oil (HVGO) distillation cut,10.1021/ef100149n,10_1021_ef100149n.pdf,"[6157, 6219]"
sample_type,Middle Eastern heavy crude,10.1021/ef1001502,10_1021_ef1001502.pdf,"[118, 144]"
instrument,FT-ICR,10.1021/ef1001502,10_1021_ef1001502.pdf,"[1331, 1337]"
ionization_method,APPI,10.1021/ef1001502,10_1021_ef1001502.pdf,"[1326, 1330]"
instrument,custom-built FT-ICR mass spectrometer,10.1021/ef1001502,10_1021_ef1001502.pdf,"[3140, 3177]"
ionization_method,dopant-assisted APPI,10.1021/ef1001502,10_1021_ef1001502.pdf,"[3791, 3811]"
instrument,FT-ICR MS,10.1021/ef1001502,10_1021_ef1001502.pdf,"[4614, 4623]"
instrument,custom-built FT-ICR mass spectrometer,10.1021/ef1001502,10_1021_ef1001502.pdf,"[4692, 4729]"
ionization_method,Positive ions generated at atmospheric pressure,10.1021/ef1001502,10_1021_ef1001502.pdf,"[4998, 5045]"
sample_type,Middle Eastern crude oil distillate fractions,10.1021/ef1001502,10_1021_ef1001502.pdf,"[4625, 4670]"
sample_type,Time-domain data sets,10.1021/ef1001502,10_1021_ef1001502.pdf,"[5514, 5535]"
sample_type,ICR frequencies,10.1021/ef1001502,10_1021_ef1001502.pdf,"[6777, 6792]"
sample_type,a highly abundant homologous alkylation series,10.1021/ef1001502,10_1021_ef1001502.pdf,"[8741, 8787]"
software_tools,Kendrick mass defect analysis,10.1021/ef1001502,10_1021_ef1001502.pdf,"[9222, 9251]"
instrument,FT-ICR mass spectrometer,10.1021/ef301737f,10_1021_ef301737f.pdf,"[1612, 1636]"
ionization_method,APPI,10.1021/ef301737f,10_1021_ef301737f.pdf,"[1831, 1835]"
ionization_method,photoionized,10.1021/ef301737f,10_1021_ef301737f.pdf,"[1925, 1937]"
sample_type,Gas-phase neutrals,10.1021/ef301737f,10_1021_ef301737f.pdf,"[1901, 1919]"
instrument,custom-built FT-ICR mass spectrometer,10.1021/ef301737f,10_1021_ef301737f.pdf,"[3335, 3372]"
ionization_method,chemical ionization,10.1021/ef301737f,10_1021_ef301737f.pdf,"[3209, 3228]"
sample_type,HPLC-2 fraction,10.1021/ef301737f,10_1021_ef301737f.pdf,"[3299, 3314]"
facility,National High Magnetic Field Laboratory,10.1021/ef301737f,10_1021_ef301737f.pdf,"[3518, 3557]"
software_tools,MIDAS,10.1021/ef301737f,10_1021_ef301737f.pdf,"[3682, 3687]"
ionization_method,AP/LIAD-CI,10.1021/ef301737f,10_1021_ef301737f.pdf,"[3748, 3758]"
sample_type,SRFA solution,10.1021/es302468q,10_1021_es302468q.pdf,"[973, 986]"
sample_type,Nanopure water,10.1021/es302468q,10_1021_es302468q.pdf,"[1255, 1269]"
sample_type,Rose Bengal,10.1021/es302468q,10_1021_es302468q.pdf,"[1817, 1828]"
instrument,Orbitrap MS,10.1021/es302468q,10_1021_es302468q.pdf,"[2420, 2431]"
ionization_method,ESI,10.1021/es302468q,10_1021_es302468q.pdf,"[2744, 2747]"
ionization_method,negative ESI,10.1021/es302468q,10_1021_es302468q.pdf,"[3751, 3763]"
facility,"National High Magnetic Field Laboratory (Tallahassee, FL)",10.1021/es302468q,10_1021_es302468q.pdf,"[3656, 3713]"
sample_type,SRFA,10.1021/es302468q,10_1021_es302468q.pdf,"[4341, 4345]"
sample_type,compounds,10.1021/es302468q,10_1021_es302468q.pdf,"[4839, 4848]"
instrument,Orbitrap,10.1021/es302468q,10_1021_es302468q.pdf,"[5981, 5989]"
sample_type,spiked compounds,10.1021/es302468q,10_1021_es302468q.pdf,"[6680, 6696]"
sample_type,Oil residues,10.1021/es403787u,10_1021_es403787u.pdf,"[242, 254]"
ionization_method,negative-ion atmospheric pressure photoionization,10.1021/es403787u,10_1021_es403787u.pdf,"[2372, 2421]"
sample_type,native or weathered oils rich in oxygen,10.1021/es403787u,10_1021_es403787u.pdf,"[2620, 2659]"
ionization_method,negative ion APPI,10.1021/es403787u,10_1021_es403787u.pdf,"[2826, 2843]"
sample_type,petroleum samples,10.1021/es403787u,10_1021_es403787u.pdf,"[2857, 2874]"
sample_type,"Elemental analysis (%) calcd for C40H62ClFeN2 (661.40): C, 72.55; H, 9.44; N, 4.23.",10.1021/ja5043116,10_1021_ja5043116.pdf,"[1999, 2082]"
sample_type,mAb,10.1021/jasms.0c00036,10_1021_jasms_0c00036.pdf,"[1150, 1153]"
sample_type,intact mAbs,10.1021/jasms.0c00036,10_1021_jasms_0c00036.pdf,"[1825, 1836]"
sample_type,their subunits,10.1021/jasms.0c00036,10_1021_jasms_0c00036.pdf,"[1841, 1855]"
instrument,TOF,10.1021/jasms.0c00036,10_1021_jasms_0c00036.pdf,"[3778, 3781]"
ionization_method,ESI or MALDI,10.1021/jasms.0c00036,10_1021_jasms_0c00036.pdf,"[3865, 3877]"
software_tools,"Xtract, THRASH, ReSpect (found in both a commercial package from Thermo Scienti fi c and in an open resource as implemented, for example in the MASH Suite), SNAP and MaxEnt (Bruker Daltonics), 66 Intact Mass (Protein Metrics), and UniDec (Oxford University, UK)",10.1021/jasms.0c00036,10_1021_jasms_0c00036.pdf,"[4807, 5068]"
sample_type,mAb samples,10.1021/jasms.0c00036,10_1021_jasms_0c00036.pdf,"[9196, 9207]"
ionization_method,electrospray ionization (ESI),10.1021/jasms.1c00291,10_1021_jasms_1c00291.pdf,"[896, 925]"
instrument,21 T FT-ICR mass spectrometer,10.1021/jasms.1c00291,10_1021_jasms_1c00291.pdf,"[1014, 1043]"
ionization_method,heated ESI,10.1021/jasms.1c00291,10_1021_jasms_1c00291.pdf,"[1052, 1062]"
sample_type,Mass spectra,10.1021/jasms.1c00291,10_1021_jasms_1c00291.pdf,"[1162, 1174]"
software_tools,"Xcalibur 3.0, Xtract",10.1021/jasms.1c00291,10_1021_jasms_1c00291.pdf,"[2538, 2550]"
software_tools,ProSight Lite 30,10.1021/jasms.1c00291,10_1021_jasms_1c00291.pdf,"[2936, 2952]"
sample_type,chimeric MS2 spectra of the tested ARUP Hb β variant samples,10.1021/jasms.1c00291,10_1021_jasms_1c00291.pdf,"[3629, 3689]"
sample_type,Hb LeporeWashington-Boston,10.1021/jasms.1c00291,10_1021_jasms_1c00291.pdf,"[3701, 3727]"
ionization_method,ETD,10.1021/jasms.1c00291,10_1021_jasms_1c00291.pdf,"[5540, 5543]"
sample_type,a complex mixture of proteins,10.1021/jasms.1c00291,10_1021_jasms_1c00291.pdf,"[5438, 5467]"
ionization_method,native ESI,10.1021/jasms.1c00291,10_1021_jasms_1c00291.pdf,"[6216, 6226]"
sample_type,Hb A α and β,10.1021/jasms.1c00291,10_1021_jasms_1c00291.pdf,"[6855, 6867]"
ionization_method,CID,10.1021/jasms.1c00291,10_1021_jasms_1c00291.pdf,"[7784, 7787]"
sample_type,chimeric MS2 spectra,10.1021/jasms.1c00291,10_1021_jasms_1c00291.pdf,"[7309, 7329]"
ionization_method,FT-ICR MS,10.1021/jasms.1c00291,10_1021_jasms_1c00291.pdf,"[9100, 9109]"
sample_type,Hb β variant spectra,10.1021/jasms.1c00291,10_1021_jasms_1c00291.pdf,"[10011, 10031]"
sample_type,Hb A β control spectra,10.1021/jasms.1c00291,10_1021_jasms_1c00291.pdf,"[10035, 10057]"
ionization_method,MS/MS,10.1021/jasms.1c00291,10_1021_jasms_1c00291.pdf,"[12334, 12339]"
sample_type,chimeric MS2 spectra of β subunits from patient (homozygous) Hb A and from six of the seven heterozygous patient variant samples,10.1021/jasms.1c00291,10_1021_jasms_1c00291.pdf,"[18230, 18358]"
ionization_method,top-down MS/MS,10.1021/jasms.1c00291,10_1021_jasms_1c00291.pdf,"[20946, 20960]"
sample_type,patient variant sample,10.1021/jasms.1c00291,10_1021_jasms_1c00291.pdf,"[22245, 22267]"
sample_type,AA residues that di ff er from Hb A β,10.1021/jasms.1c00291,10_1021_jasms_1c00291.pdf,"[22832, 22869]"
software_tools,ProSight Lite,10.1021/jasms.1c00291,10_1021_jasms_1c00291.pdf,"[22990, 23003]"
sample_type,protein concentrations,10.1021/jasms.2c00242,10_1021_jasms_2c00242.pdf,"[3229, 3251]"
sample_type,E. coli or C. elegans protein,10.1021/jasms.2c00242,10_1021_jasms_2c00242.pdf,"[4294, 4323]"
sample_type,Protein,10.1021/jasms.2c00242,10_1021_jasms_2c00242.pdf,"[4393, 4400]"
sample_type,Trap columns,10.1021/jasms.2c00242,10_1021_jasms_2c00242.pdf,"[5337, 5349]"
instrument,hybrid 21 T FT-ICR mass spectrometer,10.1021/jasms.2c00242,10_1021_jasms_2c00242.pdf,"[6946, 6982]"
ionization_method,Electrospray ionization,10.1021/jasms.2c00242,10_1021_jasms_2c00242.pdf,"[6585, 6608]"
sample_type,intact protein,10.1021/jasms.2c00242,10_1021_jasms_2c00242.pdf,"[7088, 7102]"
facility,National High Magnetic Field Laboratory,10.1021/jasms.2c00242,10_1021_jasms_2c00242.pdf,"[6881, 6920]"
ionization_method,CID fragmentation,10.1021/jasms.2c00242,10_1021_jasms_2c00242.pdf,"[7357, 7374]"
sample_type,natural-isotopeabundance E. coli and C.,10.1021/jasms.2c00242,10_1021_jasms_2c00242.pdf,"[7909, 7948]"
sample_type,C. elegans proteins,10.1021/jasms.2c00242,10_1021_jasms_2c00242.pdf,"[8755, 8765]"
facility,"National Resource for Translational and Developmental Proteomics (Northwestern University, Evanston, IL)",10.1021/jasms.2c00242,10_1021_jasms_2c00242.pdf,"[7988, 8092]"
software_tools,Custom software,10.1021/jasms.2c00242,10_1021_jasms_2c00242.pdf,"[9165, 9180]"
software_tools,ProSight Lite,10.1021/jasms.2c00242,10_1021_jasms_2c00242.pdf,"[9466, 9479]"
software_tools,24 IsoPro 3.1,10.1021/jasms.2c00242,10_1021_jasms_2c00242.pdf,"[9586, 9599]"
software_tools,SciDAVis,10.1021/jasms.2c00242,10_1021_jasms_2c00242.pdf,"[9726, 9734]"
sample_type,Particulate matter (PM),10.1021/jasms.4c00120,10_1021_jasms_4c00120.pdf,"[1719, 1742]"
facility,ILMARI laboratory of the University of Eastern Finland,10.1021/jasms.4c00120,10_1021_jasms_4c00120.pdf,"[1409, 1463]"
instrument,Bruker GC-APCI II,10.1021/jasms.4c00120,10_1021_jasms_4c00120.pdf,"[2708, 2725]"
ionization_method,atmospheric pressure photoionization (APPI),10.1021/jasms.4c00120,10_1021_jasms_4c00120.pdf,"[2747, 2790]"
instrument,Apex II Ultra FT-MS,10.1021/jasms.4c00120,10_1021_jasms_4c00120.pdf,"[3486, 3505]"
instrument,custom-built hybrid linear ion trap FT-ICR mass spectrometer,10.1021/jasms.4c00120,10_1021_jasms_4c00120.pdf,"[4657, 4717]"
ionization_method,Direct-infusion broadband APPI,10.1021/jasms.4c00120,10_1021_jasms_4c00120.pdf,"[4506, 4536]"
facility,"National High Magnetic Field Laboratory in Tallahassee (Florida, USA)",10.1021/jasms.4c00120,10_1021_jasms_4c00120.pdf,"[4582, 4651]"
ionization_method,direct-infusion,10.1021/jasms.4c00120,10_1021_jasms_4c00120.pdf,"[5588, 5603]"
sample_type,21 T FT-ICR MS data,10.1021/jasms.4c00120,10_1021_jasms_4c00120.pdf,"[5604, 5623]"
sample_type,mass spectra from both instruments,10.1021/jasms.4c00120,10_1021_jasms_4c00120.pdf,"[6321, 6355]"
software_tools,self-written MatLab algorithms and routines combined in a graphical user interface named CERES Processing,10.1021/jasms.4c00120,10_1021_jasms_4c00120.pdf,"[6374, 6479]"
dataset_accession,https://osf.io/b8fdu/,10.1021/jasms.4c00120,10_1021_jasms_4c00120.pdf,"[6984, 7005]"
instrument,Solarix 7 T TIMS-FT-ICR MS,10.1021/jasms.4c00232,10_1021_jasms_4c00232.pdf,"[1429, 1455]"
ionization_method,electrospray ionization (ESI),10.1021/jasms.4c00232,10_1021_jasms_4c00232.pdf,"[1797, 1826]"
sample_type,DOM HR-1 samples,10.1021/jasms.4c00232,10_1021_jasms_4c00232.pdf,"[1305, 1321]"
software_tools,"Peak-by-Peak software (Spectroswiss, Lausanne, Switzerland)",10.1021/jasms.4c00232,10_1021_jasms_4c00232.pdf,"[2720, 2779]"
instrument,SolariX 9.4 T FT-ICR MS,10.1021/jasms.4c00232,10_1021_jasms_4c00232.pdf,"[2912, 2935]"
ionization_method,nano ESI (nESI),10.1021/jasms.4c00232,10_1021_jasms_4c00232.pdf,"[3177, 3192]"
sample_type,DOM HR-1 samples,10.1021/jasms.4c00232,10_1021_jasms_4c00232.pdf,"[3027, 3043]"
instrument,mFT Solarix ICR ParaCell,10.1021/jasms.4c00232,10_1021_jasms_4c00232.pdf,"[4085, 4109]"
ionization_method,ESI,10.1021/jasms.4c00232,10_1021_jasms_4c00232.pdf,"[4267, 4270]"
sample_type,DOM HR1 samples,10.1021/jasms.4c00232,10_1021_jasms_4c00232.pdf,"[4425, 4440]"
facility,National High Magnetic Field Laboratory (NHMFL),10.1021/jasms.4c00232,10_1021_jasms_4c00232.pdf,"[4324, 4370]"
software_tools,MaxQuant v1.6,10.1021/jasms.4c00232,10_1021_jasms_4c00232.pdf,"[4899, 4907]"
software_tools,SciPy package,10.1021/jasms.4c00232,10_1021_jasms_4c00232.pdf,"[6138, 6151]"
ionization_method,negative-ion electrospray ionization,10.1021/jasms.4c00261,10_1021_jasms_4c00261.pdf,"[495, 531]"
instrument,Velos-Pro dual cell linear RF ion trap,10.1021/jasms.4c00261,10_1021_jasms_4c00261.pdf,"[1225, 1263]"
instrument,linear RF ion trap,10.1021/jasms.4c00261,10_1021_jasms_4c00261.pdf,"[2016, 2034]"
ionization_method,micro-electrospray,10.1021/jasms.4c00261,10_1021_jasms_4c00261.pdf,"[3051, 3069]"
instrument,T FT-ICR,10.1021/jasms.4c00261,10_1021_jasms_4c00261.pdf,"[3775, 3783]"
software_tools,Predator,10.1021/jasms.4c00261,10_1021_jasms_4c00261.pdf,"[3883, 3891]"
instrument,FT-ICR MS,10.1021/jasms.4c00261,10_1021_jasms_4c00261.pdf,"[5021, 5030]"
software_tools,PetroOrg,10.1021/jasms.4c00261,10_1021_jasms_4c00261.pdf,"[4807, 4815]"
sample_type,groundwater sample,10.1021/jasms.4c00261,10_1021_jasms_4c00261.pdf,"[5537, 5555]"
sample_type,CuLs,10.1021/jasms.4c00380,10_1021_jasms_4c00380.pdf,"[2248, 2252]"
instrument,iCAP Q MS (Thermo Scientific),10.1021/jasms.4c00380,10_1021_jasms_4c00380.pdf,"[2861, 2890]"
sample_type,Cyanocobalamin,10.1021/jasms.4c00380,10_1021_jasms_4c00380.pdf,"[4072, 4086]"
instrument,custom-built hybrid linear ion trap FT-ICR MS,10.1021/jasms.4c00380,10_1021_jasms_4c00380.pdf,"[5492, 5537]"
ionization_method,LC-ESI,10.1021/jasms.4c00380,10_1021_jasms_4c00380.pdf,"[4977, 4983]"
sample_type,Cu Ligands,10.1021/jasms.4c00380,10_1021_jasms_4c00380.pdf,"[5384, 5394]"
instrument,Zorbax SB-C18 column,10.1021/jasms.4c00380,10_1021_jasms_4c00380.pdf,"[5755, 5775]"
ionization_method,HESI,10.1021/jasms.4c00380,10_1021_jasms_4c00380.pdf,"[5871, 5875]"
ionization_method,LC-Orbitrap,10.1021/jasms.4c00380,10_1021_jasms_4c00380.pdf,"[6460, 6471]"
instrument,LC and HESI source settings were the same as those in MS 1 analyses,10.1021/jasms.4c00380,10_1021_jasms_4c00380.pdf,"[7483, 7550]"
ionization_method,HESI,10.1021/jasms.4c00380,10_1021_jasms_4c00380.pdf,"[7490, 7494]"
sample_type,Cu and metal-free ligands,10.1021/jasms.4c00380,10_1021_jasms_4c00380.pdf,"[7349, 7374]"
dataset_accession,MSV000095816,10.1021/jasms.4c00380,10_1021_jasms_4c00380.pdf,"[8294, 8306]"
instrument,ThermoFisher Scienti fi c oven,10.1021/jp503413s,10_1021_jp503413s.pdf,"[1344, 1369]"
sample_type,Partially oxidized GO,10.1021/jp503413s,10_1021_jp503413s.pdf,"[1231, 1252]"
instrument,Voyager-DE PRO,10.1021/jp503413s,10_1021_jp503413s.pdf,"[2809, 2823]"
ionization_method,MALDI TOF,10.1021/jp503413s,10_1021_jp503413s.pdf,"[2824, 2833]"
instrument,LTQ OrbitrapVelos,10.1021/jp503413s,10_1021_jp503413s.pdf,"[3465, 3482]"
ionization_method,ESI,10.1021/jp503413s,10_1021_jp503413s.pdf,"[3430, 3433]"
sample_type,"Filtered/lyophilized day 0, 1, and 3 samples",10.1021/jp503413s,10_1021_jp503413s.pdf,"[2906, 2950]"
instrument,custom-built 9.4 T ESI FT-ICR mass spectrometer,10.1021/jp503413s,10_1021_jp503413s.pdf,"[4390, 4437]"
ionization_method,ESI,10.1021/jp503413s,10_1021_jp503413s.pdf,"[4339, 4342]"
sample_type,Samples,10.1021/jp503413s,10_1021_jp503413s.pdf,"[4474, 4481]"
sample_type,graphene oxide solution,10.1021/jp503413s,10_1021_jp503413s.pdf,"[5614, 5637]"
software_tools,modular ICR data station,10.1021/jp503413s,10_1021_jp503413s.pdf,"[5333, 5357]"
instrument,Nicolet iS5 (Thermo Fisher Scienti fi c),10.1021/jp503413s,10_1021_jp503413s.pdf,"[6167, 6223]"
sample_type,Water samples,10.1029/2017JG004311,10_1029_2017JG004311.pdf,"[1614, 1627]"
instrument,Thermo Delta V Isotope Ratio Mass Spectrometer,10.1029/2017JG004311,10_1029_2017JG004311.pdf,"[3357, 3403]"
sample_type,"DIC, δ13C-DIC, Δ14C-DIC, and Keeling Incubations",10.1029/2017JG004311,10_1029_2017JG004311.pdf,"[3118, 3170]"
facility,Florida State University,10.1029/2017JG004311,10_1029_2017JG004311.pdf,"[3407, 3431]"
instrument,Shimadzu TOC-LCPH analyzer,10.1029/2017JG004311,10_1029_2017JG004311.pdf,"[6621, 6647]"
sample_type,Dissolved organic carbon samples,10.1029/2017JG004311,10_1029_2017JG004311.pdf,"[6449, 6481]"
instrument,9.4 Tesla FT-ICR MS,10.1029/2017JG004311,10_1029_2017JG004311.pdf,"[7577, 7596]"
ionization_method,direct infusion electrospray ionization,10.1029/2017JG004311,10_1029_2017JG004311.pdf,"[7890, 7929]"
sample_type,DOC concentration,10.1029/2017JG004311,10_1029_2017JG004311.pdf,"[7438, 7455]"
facility,"National High Magnetic Field Laboratory (Tallahassee, Florida, USA)",10.1029/2017JG004311,10_1029_2017JG004311.pdf,"[7659, 7725]"
software_tools,EnviroOrg,10.1029/2017JG004311,10_1029_2017JG004311.pdf,"[8225, 8234]"
software_tools,Prism 6 by GraphPad,10.1029/2017JG004311,10_1029_2017JG004311.pdf,"[9441, 9460]"
software_tools,"Fourier transform Python package (Hemingway, 2017)",10.1029/2017JG004311,10_1029_2017JG004311.pdf,"[9537, 9587]"
instrument,Shimadzu TOC-L CPH,10.1029/2017JG004327,10_1029_2017JG004327.pdf,"[3528, 3546]"
sample_type,Samples for DOC concentration,10.1029/2017JG004327,10_1029_2017JG004327.pdf,"[3387, 3416]"
instrument,Agilent 8453,10.1029/2017JG004327,10_1029_2017JG004327.pdf,"[3964, 3976]"
sample_type,Samples with low CDOM absorbance ( ≤ 0.02 at 350 nm),10.1029/2017JG004327,10_1029_2017JG004327.pdf,"[3869, 3921]"
instrument,Horiba Aqualog-UV-800-C,10.1029/2017JG004327,10_1029_2017JG004327.pdf,"[4959, 4982]"
instrument,Shimadzu TOC-L CPH,10.1029/2018JG004470,10_1029_2018JG004470.pdf,"[6379, 6397]"
instrument,ESI-FT-ICR MS,10.1029/2018JG004470,10_1029_2018JG004470.pdf,"[9241, 9254]"
ionization_method,ESI,10.1029/2018JG004470,10_1029_2018JG004470.pdf,"[9241, 9244]"
instrument,9.4 T FT-ICR MS,10.1029/2018JG004470,10_1029_2018JG004470.pdf,"[9676, 9691]"
ionization_method,negative ion mode,10.1029/2018JG004470,10_1029_2018JG004470.pdf,"[9789, 9806]"
sample_type,DOM extracts,10.1029/2018JG004470,10_1029_2018JG004470.pdf,"[9619, 9631]"
facility,"National High Magnetic Field Laboratory (Tallahassee, Florida)",10.1029/2018JG004470,10_1029_2018JG004470.pdf,"[9699, 9761]"
instrument,Finnigan DeltaPlus XP elemental analyzer,10.1029/2018JG004712,10_1029_2018JG004712.pdf,"[6236, 6276]"
sample_type,subsample of the initial slurry,10.1029/2018JG004712,10_1029_2018JG004712.pdf,"[5924, 5955]"
facility,"University of Alaska Stable Isotope Facility, Fairbanks, AK, USA",10.1029/2018JG004712,10_1029_2018JG004712.pdf,"[6373, 6437]"
instrument,Shimadzu TOC-L CPH,10.1029/2018JG004712,10_1029_2018JG004712.pdf,"[7536, 7555]"
sample_type,filtered slurry subsamples,10.1029/2018JG004712,10_1029_2018JG004712.pdf,"[7371, 7397]"
facility,Florida State University,10.1029/2018JG004712,10_1029_2018JG004712.pdf,"[7559, 7583]"
ionization_method,direct infusion electrospray ionization,10.1029/2018JG004712,10_1029_2018JG004712.pdf,"[8393, 8432]"
sample_type,Genomic DNA of sediment,10.1029/2018JG004712,10_1029_2018JG004712.pdf,"[10652, 10666]"
sample_type,PCR products,10.1029/2018JG004712,10_1029_2018JG004712.pdf,"[12007, 12019]"
facility,GATC Biotech AG,10.1029/2018JG004712,10_1029_2018JG004712.pdf,"[12361, 12376]"
sample_type,Slurry geochemistry,10.1029/2018JG004712,10_1029_2018JG004712.pdf,"[15274, 15293]"
instrument,CFX Connect ™ Real-Time PCR Detection System,10.1029/2018JG004712,10_1029_2018JG004712.pdf,"[16244, 16289]"
software_tools,MATLAB R2016a,10.1029/2018JG004712,10_1029_2018JG004712.pdf,"[17739, 17752]"
instrument,TOC -L series (Shimadzu),10.1029/2018JG004743,10_1029_2018JG004743.pdf,"[4884, 4908]"
sample_type,content,10.1029/2018JG004743,10_1029_2018JG004743.pdf,"[4828, 4835]"
sample_type,HA fraction,10.1029/2018JG004743,10_1029_2018JG004743.pdf,"[6566, 6577]"
instrument,Bruker Apex Ultra,10.1029/2018JG004743,10_1029_2018JG004743.pdf,"[8047, 8064]"
ionization_method,electrospray ionization,10.1029/2018JG004743,10_1029_2018JG004743.pdf,"[8152, 8175]"
sample_type,FA fractions,10.1029/2018JG004743,10_1029_2018JG004743.pdf,"[8001, 8013]"
facility,Institute of Biomedical Chemistry of RAMS (Russia),10.1029/2018JG004743,10_1029_2018JG004743.pdf,"[8197, 8247]"
ionization_method,negative ionization,10.1029/2018JG004743,10_1029_2018JG004743.pdf,"[9080, 9099]"
software_tools,DataAnalysis software (Bruker),10.1029/2018JG004743,10_1029_2018JG004743.pdf,"[10018, 10048]"
software_tools,'Transhumus' software,10.1029/2018JG004743,10_1029_2018JG004743.pdf,"[10109, 10132]"
sample_type,samples,10.1029/2018JG004743,10_1029_2018JG004743.pdf,"[12191, 12198]"
instrument,Shimadzu TOC-LCPH,10.1029/2018JG004910,10_1029_2018JG004910.pdf,"[2045, 2059]"
ionization_method,high-temperature combustion,10.1029/2018JG004910,10_1029_2018JG004910.pdf,"[2011, 2039]"
sample_type,peptides,10.1029/2018JG004910,10_1029_2018JG004910.pdf,"[3578, 3585]"
ionization_method,FT -ICR MS,10.1029/2018JG004910,10_1029_2018JG004910.pdf,"[3784, 3794]"
sample_type,Samples,10.1029/2018JG004910,10_1029_2018JG004910.pdf,"[4234, 4241]"
instrument,21 t FT -ICR MS,10.1029/2018JG004910,10_1029_2018JG004910.pdf,"[4669, 4684]"
facility,National High Magnetic Field Laboratory (NHMFL),10.1029/2018JG004910,10_1029_2018JG004910.pdf,"[4700, 4746]"
ionization_method,Direct infusion electrospray ionization,10.1029/2018JG004910,10_1029_2018JG004910.pdf,"[4817, 4856]"
software_tools,EnviroOrg,10.1029/2018JG004910,10_1029_2018JG004910.pdf,"[5117, 5126]"
instrument,FT-ICR MS,10.1029/2018JG004910,10_1029_2018JG004910.pdf,"[6165, 6175]"
sample_type,Monthly surface water samples,10.1029/2018JG004982,10_1029_2018JG004982.pdf,"[56, 85]"
facility,"coastal Georgia, USA",10.1029/2018JG004982,10_1029_2018JG004982.pdf,"[301, 321]"
sample_type,DOC and CDOM analyses,10.1029/2018JG004982,10_1029_2018JG004982.pdf,"[2139, 2160]"
instrument,Shimadzu TOC-LCPH analyzer,10.1029/2018JG004982,10_1029_2018JG004982.pdf,"[3531, 3558]"
sample_type,DOC from both water samples and SPE-DOM,10.1029/2018JG004982,10_1029_2018JG004982.pdf,"[3415, 3455]"
instrument,Agilent 8453,10.1029/2018JG004982,10_1029_2018JG004982.pdf,"[4707, 4719]"
sample_type,water samples,10.1029/2018JG004982,10_1029_2018JG004982.pdf,"[4656, 4669]"
instrument,9.4 T FT-ICR MS,10.1029/2018JG004982,10_1029_2018JG004982.pdf,"[5861, 5877]"
ionization_method,electrospray ionization (negative mode),10.1029/2018JG004982,10_1029_2018JG004982.pdf,"[5883, 5922]"
sample_type,DOM extracts,10.1029/2018JG004982,10_1029_2018JG004982.pdf,"[5805, 5817]"
facility,"National ICR Users' Facility at the National High Magnetic Field Laboratory (Florida State University, Tallahassee, FL)",10.1029/2018JG004982,10_1029_2018JG004982.pdf,"[5930, 6049]"
instrument,FT-ICR MS,10.1029/2018JG004982,10_1029_2018JG004982.pdf,"[8299, 8309]"
sample_type,DOM molecular composition,10.1029/2018JG004982,10_1029_2018JG004982.pdf,"[8272, 8297]"
sample_type,DOC concentration,10.1029/2019GB006495,10_1029_2019GB006495.pdf,"[3208, 3225]"
sample_type,FT -ICR MS analyses,10.1029/2019GB006495,10_1029_2019GB006495.pdf,"[3230, 3249]"
sample_type,DOM,10.1029/2019GB006495,10_1029_2019GB006495.pdf,"[4748, 4751]"
instrument,custom-built 9.4 tesla FT-ICR MS,10.1029/2019GB006495,10_1029_2019GB006495.pdf,"[5641, 5675]"
ionization_method,electrospray ionization (ESI),10.1029/2019GB006495,10_1029_2019GB006495.pdf,"[5582, 5611]"
sample_type,Negative -ions produced by electrospray ionization,10.1029/2019GB006495,10_1029_2019GB006495.pdf,"[5555, 5605]"
facility,National High Magnetic Field Laboratory,10.1029/2019GB006495,10_1029_2019GB006495.pdf,"[5677, 5716]"
software_tools,in-house software (EnviroOrg),10.1029/2019GB006495,10_1029_2019GB006495.pdf,"[5913, 5942]"
software_tools,ArcMap 10,10.1029/2019GB006495,10_1029_2019GB006495.pdf,"[8157, 8166]"
sample_type,GAMs,10.1029/2019GB006495,10_1029_2019GB006495.pdf,"[8390, 8394]"
sample_type,Dissolved organic carbon,10.1029/2019GB006495,10_1029_2019GB006495.pdf,"[11312, 11336]"
sample_type,Number of molecular formulas,10.1029/2019GB006495,10_1029_2019GB006495.pdf,"[11539, 11567]"
sample_type,PARAFAC evenness,10.1029/2019GB006495,10_1029_2019GB006495.pdf,"[11766, 11782]"
dataset_accession,Figshare Digital Repository (https://figshare.com/projects/Bending_DOM_concept/80270),10.1029/2019GB006495,10_1029_2019GB006495.pdf,"[14536, 14602]"
sample_type,Samples,10.1029/2020GB006709,10_1029_2020GB006709.pdf,"[3836, 3843]"
instrument,custom-built 21 tesla FT-ICR MS,10.1029/2020GB006709,10_1029_2020GB006709.pdf,"[4894, 4925]"
ionization_method,electrospray ionization,10.1029/2020GB006709,10_1029_2020GB006709.pdf,"[5245, 5268]"
sample_type,DOM composition for the Greenland samples,10.1029/2020GB006709,10_1029_2020GB006709.pdf,"[4931, 4954]"
facility,"National High Magnetic Field Laboratory in Tallahassee, Florida",10.1029/2020GB006709,10_1029_2020GB006709.pdf,"[5057, 5127]"
software_tools,Predator Analysis software,10.1029/2020GB006709,10_1029_2020GB006709.pdf,"[5478, 5504]"
sample_type,molecular formula,10.1029/2020GB006709,10_1029_2020GB006709.pdf,"[7685, 7702]"
sample_type,DOM,10.1029/2020GB006709,10_1029_2020GB006709.pdf,"[9956, 9959]"
software_tools,R,10.1029/2020GB006709,10_1029_2020GB006709.pdf,"[11020, 11021]"
sample_type,Peptide-like,10.1029/2020GB006709,10_1029_2020GB006709.pdf,"[15022, 15035]"
dataset_accession,IEDA/111768,10.1029/2020GB006709,10_1029_2020GB006709.pdf,"[23414, 23425]"
sample_type,Arctic tundra,10.1029/2020GB006719,10_1029_2020GB006719.pdf,"[5903, 5916]"
sample_type,moist tundra with numerous thermokarst lakes,10.1029/2020GB006719,10_1029_2020GB006719.pdf,"[6013, 6057]"
sample_type,glacial runoff from the Brooks Range,10.1029/2020GB006719,10_1029_2020GB006719.pdf,"[6175, 6211]"
sample_type,boreal forest and peatlands,10.1029/2020GB006719,10_1029_2020GB006719.pdf,"[6357, 6384]"
instrument,QuAAtro39 continuous segmented flow analyzer,10.1029/2020GB006719,10_1029_2020GB006719.pdf,"[11309, 11353]"
sample_type,Incubation samples,10.1029/2020GB006719,10_1029_2020GB006719.pdf,"[10725, 10743]"
sample_type,Baseline chemistry samples,10.1029/2020GB006719,10_1029_2020GB006719.pdf,"[10959, 10985]"
facility,Environmental Analytical Laboratory in the Department of Land Resources and Environmental Sciences at Montana State University (MSU),10.1029/2020GB006719,10_1029_2020GB006719.pdf,"[11039, 11171]"
instrument,spectrofluorometer,10.1029/2020GB006719,10_1029_2020GB006719.pdf,"[12801, 12819]"
facility,Utah State University,10.1029/2020GB006719,10_1029_2020GB006719.pdf,"[12643, 12664]"
software_tools,MATLAB ™ v6.9,10.1029/2020GB006719,10_1029_2020GB006719.pdf,"[13776, 13784]"
instrument,21 T FT-ICR MS,10.1029/2020GB006719,10_1029_2020GB006719.pdf,"[14181, 14196]"
sample_type,DOM chemical composition,10.1029/2020GB006719,10_1029_2020GB006719.pdf,"[14106, 14130]"
facility,"National High Magnetic Field Laboratory, Tallahassee, FL",10.1029/2020GB006719,10_1029_2020GB006719.pdf,"[14613, 14669]"
ionization_method,negative ion mode,10.1029/2020GB006719,10_1029_2020GB006719.pdf,"[15041, 15058]"
sample_type,FT -ICR MS samples,10.1029/2020GB006719,10_1029_2020GB006719.pdf,"[15005, 15023]"
sample_type,DOC concentration,10.1029/2020GB006719,10_1029_2020GB006719.pdf,"[16458, 16475]"
sample_type,acetate,10.1029/2020GB006719,10_1029_2020GB006719.pdf,"[16500, 16507]"
software_tools,R.3.5.0,10.1029/2020GB006719,10_1029_2020GB006719.pdf,"[19957, 19964]"
sample_type,Width-integrated samples,10.1029/2020GB006871,10_1029_2020GB006871.pdf,"[451, 475]"
instrument,Shimadzu TOC/TN analyzer,10.1029/2020GB006871,10_1029_2020GB006871.pdf,"[1609, 1633]"
sample_type,Samples for DOC concentration and absorbance measurements,10.1029/2020GB006871,10_1029_2020GB006871.pdf,"[1332, 1395]"
facility,Woodwell Climate Research Center (WCRC; formerly Woods Hole Research Center),10.1029/2020GB006871,10_1029_2020GB006871.pdf,"[1641, 1717]"
instrument,dual-beam Shimadzu UV-1800 spectrophotometer,10.1029/2020GB006871,10_1029_2020GB006871.pdf,"[1895, 1939]"
sample_type,Absorbance,10.1029/2020GB006871,10_1029_2020GB006871.pdf,"[1866, 1876]"
facility,WCRC,10.1029/2020GB006871,10_1029_2020GB006871.pdf,"[1991, 1995]"
instrument,FT-ICR MS,10.1029/2020GB006871,10_1029_2020GB006871.pdf,"[3804, 3813]"
instrument,21 T FT-ICR MS,10.1029/2020GB006871,10_1029_2020GB006871.pdf,"[4412, 4426]"
ionization_method,negative electrospray ionization,10.1029/2020GB006871,10_1029_2020GB006871.pdf,"[4568, 4600]"
software_tools,PetroOrg,10.1029/2020GB006871,10_1029_2020GB006871.pdf,"[4863, 4871]"
sample_type,peaks,10.1029/2020GB006871,10_1029_2020GB006871.pdf,"[5622, 5627]"
ionization_method,FT-ICR MS,10.1029/2020GB006871,10_1029_2020GB006871.pdf,"[5612, 5621]"
dataset_accession,https://osf.io/4azm8/,10.1029/2020GB006871,10_1029_2020GB006871.pdf,"[11314, 11335]"
dataset_accession,DOI 10.17605/OSF.IO/4AZM8,10.1029/2020GB006871,10_1029_2020GB006871.pdf,"[11337, 11362]"
sample_type,"Water temperature, specific conductivity, and pH",10.1029/2020JG005804,10_1029_2020JG005804.pdf,"[2920, 2968]"
sample_type,Samples,10.1029/2020JG005804,10_1029_2020JG005804.pdf,"[3780, 3787]"
sample_type,dissolved CO2,10.1029/2020JG005804,10_1029_2020JG005804.pdf,"[4759, 4772]"
sample_type,stream water samples,10.1029/2020JG005804,10_1029_2020JG005804.pdf,"[5411, 5431]"
sample_type,Water isotope samples,10.1029/2020JG005804,10_1029_2020JG005804.pdf,"[5723, 5744]"
instrument,21-T FT-ICR MS,10.1029/2020JG005804,10_1029_2020JG005804.pdf,"[7225, 7241]"
ionization_method,direct infusion negative electrospray ionization,10.1029/2020JG005804,10_1029_2020JG005804.pdf,"[7363, 7411]"
sample_type,Samples,10.1029/2020JG005804,10_1029_2020JG005804.pdf,"[6816, 6823]"
facility,National High Magnetic Field Laboratory,10.1029/2020JG005804,10_1029_2020JG005804.pdf,"[7249, 7288]"
sample_type,peaks,10.1029/2020JG005804,10_1029_2020JG005804.pdf,"[7520, 7525]"
software_tools,PetroOrg,10.1029/2020JG005804,10_1029_2020JG005804.pdf,"[7621, 7629]"
software_tools,"R Core Team using the factoextra package (Kassambara & Mundt, 2017)",10.1029/2020JG005804,10_1029_2020JG005804.pdf,"[11277, 11331]"
software_tools,SPSS,10.1029/2020JG005804,10_1029_2020JG005804.pdf,"[11650, 11654]"
sample_type,DOM,10.1029/2020JG005977,10_1029_2020JG005977.pdf,"[3035, 3038]"
facility,National High Magnetic Field Laboratory (NHMFL),10.1029/2020JG005977,10_1029_2020JG005977.pdf,"[3657, 3704]"
instrument,9.4-tesla FT-ICR MS,10.1029/2020JG005977,10_1029_2020JG005977.pdf,"[3766, 3785]"
ionization_method,electrospray ionization (ESI),10.1029/2020JG005977,10_1029_2020JG005977.pdf,"[3834, 3863]"
software_tools,"modular ion cyclotron resonance data acquisition system, PetroOrg",10.1029/2020JG005977,10_1029_2020JG005977.pdf,"[4155, 4210]"
facility,NHMFL,10.1029/2020JG005977,10_1029_2020JG005977.pdf,"[4322, 4327]"
instrument,dual-inlet isotope ratio mass spectrometer,10.1029/2020JG005977,10_1029_2020JG005977.pdf,"[7777, 7819]"
sample_type,gas,10.1029/2020JG005977,10_1029_2020JG005977.pdf,"[7700, 7703]"
facility,"National Ocean Sciences Accelerator Mass Spectrometry (NOSAMS) facility in Woods Hole, MA",10.1029/2020JG005977,10_1029_2020JG005977.pdf,"[7977, 8066]"
instrument,Shimadzu TOC-L CHP,10.1029/2020JG005988,10_1029_2020JG005988.pdf,"[2747, 2765]"
instrument,Horiba Aqualog,10.1029/2020JG005988,10_1029_2020JG005988.pdf,"[3278, 3292]"
sample_type,"DOM (in thawed, filtered water samples)",10.1029/2020JG005988,10_1029_2020JG005988.pdf,"[3186, 3246]"
instrument,FT-ICR MS,10.1029/2020JG005988,10_1029_2020JG005988.pdf,"[8073, 8082]"
sample_type,DOM,10.1029/2020JG005988,10_1029_2020JG005988.pdf,"[7956, 7959]"
ionization_method,GC-MS,10.1029/2020JG005988,10_1029_2020JG005988.pdf,"[9105, 9110]"
sample_type,Biomarker lignin phenols,10.1029/2020JG005988,10_1029_2020JG005988.pdf,"[8872, 8896]"
instrument,Agilent 6890N GC/5975 MS,10.1029/2020JG005988,10_1029_2020JG005988.pdf,"[9761, 9785]"
sample_type,Samples,10.1029/2020JG005988,10_1029_2020JG005988.pdf,"[9612, 9619]"
ionization_method,FT-ICR MS,10.1029/2020JG005988,10_1029_2020JG005988.pdf,"[11252, 11261]"
software_tools,Python,10.1029/2020JG005988,10_1029_2020JG005988.pdf,"[12846, 12852]"
instrument,Horiba Aqualog-UV-800-C,10.1029/2021JG006516,10_1029_2021JG006516.pdf,"[3293, 3316]"
sample_type,leachate,10.1029/2021JG006516,10_1029_2021JG006516.pdf,"[3118, 3126]"
instrument,FT-ICR MS,10.1029/2021JG006516,10_1029_2021JG006516.pdf,"[4970, 4979]"
sample_type,glacial samples and source endmember leachates,10.1029/2021JG006516,10_1029_2021JG006516.pdf,"[5032, 5078]"
instrument,21 tesla FT-ICR MS,10.1029/2021JG006516,10_1029_2021JG006516.pdf,"[6104, 6122]"
ionization_method,electrospray ionization in negative mode,10.1029/2021JG006516,10_1029_2021JG006516.pdf,"[6056, 6096]"
facility,"National High Magnetic Field Laboratory (NHMFL), Florida, USA",10.1029/2021JG006516,10_1029_2021JG006516.pdf,"[6130, 6191]"
software_tools,PetroOrg,10.1029/2021JG006516,10_1029_2021JG006516.pdf,"[6459, 6467]"
sample_type,DOM composition,10.1029/2021JG006516,10_1029_2021JG006516.pdf,"[8344, 8359]"
software_tools,R (Version 1.1.463),10.1029/2021JG006516,10_1029_2021JG006516.pdf,"[9344, 9362]"
software_tools,FactoMine R package,10.1029/2021JG006516,10_1029_2021JG006516.pdf,"[10064, 10083]"
software_tools,Ecodist R package,10.1029/2021JG006516,10_1029_2021JG006516.pdf,"[10693, 10710]"
instrument,FT-ICR MS,10.1029/2021JG006516,10_1029_2021JG006516.pdf,"[11412, 11421]"
dataset_accession,https://doi.org/10.26022/IEDA/111996,10.1029/2021JG006516,10_1029_2021JG006516.pdf,"[11369, 11406]"
dataset_accession,https://doi.org/10.17605/OSF.IO/D57K9,10.1029/2021JG006516,10_1029_2021JG006516.pdf,"[11457, 11495]"
instrument,FT-ICR MS,10.1029/2021JG006578,10_1029_2021JG006578.pdf,"[3105, 3114]"
instrument,Shimadzu TOC-L CPH high temperature catalytic oxidation total organic carbon analyzer,10.1029/2021JG006578,10_1029_2021JG006578.pdf,"[3928, 4013]"
sample_type,Filtered water samples,10.1029/2021JG006578,10_1029_2021JG006578.pdf,"[3814, 3836]"
instrument,Horiba Scientific Aqualog,10.1029/2021JG006578,10_1029_2021JG006578.pdf,"[4933, 4958]"
sample_type,Excitation-Emission matrices (EEMs),10.1029/2021JG006578,10_1029_2021JG006578.pdf,"[4852, 4887]"
instrument,FT-ICR MS,10.1029/2021JG006578,10_1029_2021JG006578.pdf,"[6047, 6056]"
sample_type,samples,10.1029/2021JG006578,10_1029_2021JG006578.pdf,"[6084, 6091]"
instrument,custom-built 9.4-T FT-ICR mass spectrometer,10.1029/2021JG006578,10_1029_2021JG006578.pdf,"[6922, 6965]"
ionization_method,electrospray ionization (ESI),10.1029/2021JG006578,10_1029_2021JG006578.pdf,"[7184, 7213]"
software_tools,PetroOrg,10.1029/2021JG006578,10_1029_2021JG006578.pdf,"[7723, 7731]"
software_tools,Matlab with the drEEM toolbox,10.1029/2021JG006578,10_1029_2021JG006578.pdf,"[8840, 8869]"
dataset_accession,https://doi.org/10.26022/IEDA/112233,10.1029/2021JG006578,10_1029_2021JG006578.pdf,"[9650, 9686]"
sample_type,water samples,10.1029/2022GB007495,10_1029_2022GB007495.pdf,"[70, 83]"
instrument,Picarro Inc. L2130i liquid water cavity ring-down spectroscopy,10.1029/2022GB007495,10_1029_2022GB007495.pdf,"[3182, 3244]"
sample_type,water isotopes (δ 18 O and δ 2 H) in lake samples,10.1029/2022GB007495,10_1029_2022GB007495.pdf,"[3005, 3038]"
facility,University of Washington IsoLab laboratory,10.1029/2022GB007495,10_1029_2022GB007495.pdf,"[3060, 3102]"
facility,Environmental Isotope Laboratory at the university of Waterloo,10.1029/2022GB007495,10_1029_2022GB007495.pdf,"[3111, 3173]"
sample_type,Filtered water samples,10.1029/2022GB007495,10_1029_2022GB007495.pdf,"[3631, 3653]"
instrument,Horiba Scientific Aqualog,10.1029/2022GB007495,10_1029_2022GB007495.pdf,"[4984, 5011]"
sample_type,Excitation-Emission matrices (EEMs),10.1029/2022GB007495,10_1029_2022GB007495.pdf,"[4896, 4933]"
instrument,FT-ICR MS,10.1029/2022GB007495,10_1029_2022GB007495.pdf,"[5997, 6006]"
sample_type,Filtered water samples,10.1029/2022GB007495,10_1029_2022GB007495.pdf,"[6008, 6030]"
instrument,custom-built hybrid linear ion trap 9.4-T FT-ICR MS,10.1029/2022GB007495,10_1029_2022GB007495.pdf,"[7038, 7089]"
sample_type,Methanolic extracts,10.1029/2022GB007495,10_1029_2022GB007495.pdf,"[6999, 7018]"
facility,"National High Magnetic Field Laboratory (Tallahassee, FL)",10.1029/2022GB007495,10_1029_2022GB007495.pdf,"[7155, 7212]"
ionization_method,electrospray ionization (ESI),10.1029/2022GB007495,10_1029_2022GB007495.pdf,"[7309, 7338]"
instrument,FT-ICR MS,10.1029/2022GB007495,10_1029_2022GB007495.pdf,"[7946, 7955]"
software_tools,Predator data station,10.1029/2022GB007495,10_1029_2022GB007495.pdf,"[7571, 7592]"
software_tools,PetroOrg,10.1029/2022GB007495,10_1029_2022GB007495.pdf,"[9095, 9103]"
software_tools,"R, ggplot2, factoextra",10.1029/2022GB007495,10_1029_2022GB007495.pdf,"[10588, 10649]"
sample_type,glacier discharge,10.1029/2022JG006852,10_1029_2022JG006852.pdf,"[2948, 2965]"
sample_type,hot spring discharge,10.1029/2022JG006852,10_1029_2022JG006852.pdf,"[3075, 3095]"
sample_type,benthic mats in Step Creek,10.1029/2022JG006852,10_1029_2022JG006852.pdf,"[3208, 3234]"
sample_type,benthic biofilms and mats from Step Creek,10.1029/2022JG006852,10_1029_2022JG006852.pdf,"[3380, 3421]"
sample_type,Mixed Upstream,10.1029/2022JG006852,10_1029_2022JG006852.pdf,"[3517, 3531]"
ionization_method,negative-ion electrospray ionization,10.1029/2022JG006852,10_1029_2022JG006852.pdf,"[4125, 4161]"
sample_type,DOM characterization via FT-ICR MS,10.1029/2022JG006852,10_1029_2022JG006852.pdf,"[4100, 4232]"
instrument,custom instrument,10.1029/2022JG006852,10_1029_2022JG006852.pdf,"[5392, 5409]"
sample_type,Biofilms for microscopy,10.1029/2022JG006852,10_1029_2022JG006852.pdf,"[5135, 5160]"
instrument,Metrohm Compact IC Flex,10.1029/2022JG006852,10_1029_2022JG006852.pdf,"[6426, 6449]"
ionization_method,ion chromatography,10.1029/2022JG006852,10_1029_2022JG006852.pdf,"[6399, 6417]"
sample_type,"major ions (F - , Cl - , NO 2 - , Br - , NO 3 - , PO 4 3- , SO 4 2- , NH 4 + , Na + , Mg 2+ , and Ca 2+ )",10.1029/2022JG006852,10_1029_2022JG006852.pdf,"[6290, 6395]"
instrument,Thermo Scientific™ Element 2™ HR-ICP-MS,10.1029/2022JG006852,10_1029_2022JG006852.pdf,"[6764, 6803]"
ionization_method,inductively coupled mass spectrometer,10.1029/2022JG006852,10_1029_2022JG006852.pdf,"[6821, 6858]"
instrument,Shimadzu™ TOC-L high temperature catalytic combustion analyzer,10.1029/2022JG006852,10_1029_2022JG006852.pdf,"[7399, 7461]"
sample_type,gravimetrically weighed standards and replicates of a certified reference material (SLRS-6; National Research Council of Canada),10.1029/2022JG006852,10_1029_2022JG006852.pdf,"[7043, 7171]"
instrument,Subglacial Underwater Reconnaissance Flow-through Fluorescence Spectrometer (SURFFS),10.1029/2022JG006852,10_1029_2022JG006852.pdf,"[8159, 8243]"
sample_type,FDOM,10.1029/2022JG006852,10_1029_2022JG006852.pdf,"[8122, 8126]"
instrument,SURFFS,10.1029/2022JG006852,10_1029_2022JG006852.pdf,"[9115, 9121]"
sample_type,fluid,10.1029/2022JG006852,10_1029_2022JG006852.pdf,"[8963, 8968]"
instrument,Qubit 3 fluorometer,10.1029/2022JG006852,10_1029_2022JG006852.pdf,"[10306, 10325]"
sample_type,water soluble pigments,10.1029/2022JG006852,10_1029_2022JG006852.pdf,"[10453, 10475]"
sample_type,biogeochemical parameters,10.1029/2022JG006852,10_1029_2022JG006852.pdf,"[12904, 12929]"
software_tools,Predator Analysis,10.1029/2022JG006852,10_1029_2022JG006852.pdf,"[14201, 14218]"
software_tools,PetroOrg,10.1029/2022JG006852,10_1029_2022JG006852.pdf,"[14293, 14301]"
dataset_accession,https://doi.org/10.17605/OSF.IO/PRKN9,10.1029/2022JG006852,10_1029_2022JG006852.pdf,"[15981, 16018]"
dataset_accession,https://doi.org/10.5281/zenodo.7102401,10.1029/2022JG006852,10_1029_2022JG006852.pdf,"[16035, 16074]"
sample_type,Soil Pore Water and Stream Sampling,10.1029/2022JG007027,10_1029_2022JG007027.pdf,"[4544, 4579]"
instrument,Shimadzu TOC-L CSH/CSN analyzer,10.1029/2022JG007027,10_1029_2022JG007027.pdf,"[6269, 6300]"
sample_type,Filtered water samples for DOC and TDN,10.1029/2022JG007027,10_1029_2022JG007027.pdf,"[6004, 6042]"
instrument,custom-built FT-ICR MS,10.1029/2022JG007027,10_1029_2022JG007027.pdf,"[6871, 6893]"
ionization_method,direct infusion negative electrospray ionization,10.1029/2022JG007027,10_1029_2022JG007027.pdf,"[7125, 7173]"
ionization_method,negative electrospray,10.1029/2022JG007027,10_1029_2022JG007027.pdf,"[8945, 8966]"
instrument,FT-ICR MS,10.1029/2022JG007027,10_1029_2022JG007027.pdf,"[12429, 12438]"
sample_type,"DOC and TDN Concentrations, DOC:TDN Ratio, and FT-ICR MS Metrics and Compound Classes in Stream and Soil Pore Water",10.1029/2022JG007027,10_1029_2022JG007027.pdf,"[12382, 12467]"
dataset_accession,https://osf.io/ry4ge/,10.1029/2022JG007027,10_1029_2022JG007027.pdf,"[15817, 15838]"
dataset_accession,DOI 10.17605/OSF.IO/RY4GE,10.1029/2022JG007027,10_1029_2022JG007027.pdf,"[15841, 15866]"
sample_type,Water,10.1029/2022JG007073,10_1029_2022JG007073.pdf,"[1186, 1191]"
instrument,Shimadzu high-temperature catalytic oxidation total organic carbon analyzer (TOC-L CPH),10.1029/2022JG007073,10_1029_2022JG007073.pdf,"[2405, 2492]"
sample_type,Filtered samples,10.1029/2022JG007073,10_1029_2022JG007073.pdf,"[2322, 2338]"
instrument,Horiba Aqualog,10.1029/2022JG007073,10_1029_2022JG007073.pdf,"[2895, 2909]"
sample_type,filtered water samples,10.1029/2022JG007073,10_1029_2022JG007073.pdf,"[2805, 2827]"
instrument,FT-ICR MS,10.1029/2022JG007073,10_1029_2022JG007073.pdf,"[4881, 4890]"
instrument,custom-built hybrid linear ion trap FT-ICR MS,10.1029/2022JG007073,10_1029_2022JG007073.pdf,"[5744, 5789]"
ionization_method,negative electrospray ionization,10.1029/2022JG007073,10_1029_2022JG007073.pdf,"[5849, 5881]"
sample_type,Extracted DOM samples,10.1029/2022JG007073,10_1029_2022JG007073.pdf,"[5699, 5720]"
facility,"National High Magnetic Field Laboratory in Tallahassee, Florida",10.1029/2022JG007073,10_1029_2022JG007073.pdf,"[5968, 6031]"
software_tools,"PetroOrg©,™ (Corilo, 2015)",10.1029/2022JG007073,10_1029_2022JG007073.pdf,"[6631, 6657]"
sample_type,Compound classes,10.1029/2022JG007073,10_1029_2022JG007073.pdf,"[6659, 6675]"
dataset_accession,https://doi.org/10.26022/IEDA/112343,10.1029/2022JG007073,10_1029_2022JG007073.pdf,"[10754, 10790]"
sample_type,Streamwater,10.1029/2022JG007188,10_1029_2022JG007188.pdf,"[1931, 1942]"
sample_type,"DOC concentration, δ13C-DOC and Δ14C-DOC",10.1029/2022JG007188,10_1029_2022JG007188.pdf,"[2785, 2830]"
sample_type,Dissolved Organic Carbon (DOC) Concentration,10.1029/2022JG007188,10_1029_2022JG007188.pdf,"[3716, 3760]"
sample_type,Supraglacial,10.1029/2022JG007188,10_1029_2022JG007188.pdf,"[22894, 22906]"
instrument,Picarro 2140-i Wavelength-Scanned Cavity Ring Down Spectrometer,10.1029/2022JG007188,10_1029_2022JG007188.pdf,"[30436, 30499]"
sample_type,water isotopes (δ 18 O),10.1029/2022JG007188,10_1029_2022JG007188.pdf,"[30407, 30430]"
facility,"Stable Isotope Laboratory of the University of Lausanne, Switzerland",10.1029/2022JG007188,10_1029_2022JG007188.pdf,"[30552, 30620]"
instrument,Shimadzu TOC-L CPH analyzer,10.1029/2022JG007188,10_1029_2022JG007188.pdf,"[31126, 31156]"
sample_type,DOC Concentration and Isotopic Analyses,10.1029/2022JG007188,10_1029_2022JG007188.pdf,"[31037, 31076]"
instrument,Fourier Ion Cyclotron Resonance Mass Spectrometer,10.1029/2022JG007188,10_1029_2022JG007188.pdf,"[32937, 32973]"
instrument,21 T FT-ICR MS,10.1029/2022JG007188,10_1029_2022JG007188.pdf,"[33529, 33543]"
ionization_method,negative-ion electrospray ionization,10.1029/2022JG007188,10_1029_2022JG007188.pdf,"[33487, 33523]"
sample_type,Molecular level DOM composition,10.1029/2022JG007188,10_1029_2022JG007188.pdf,"[33436, 33467]"
facility,"National High Magnetic Field Laboratory, Florida, USA",10.1029/2022JG007188,10_1029_2022JG007188.pdf,"[33551, 33604]"
software_tools,PetroOrg,10.1029/2022JG007188,10_1029_2022JG007188.pdf,"[34238, 34246]"
instrument,FT-ICR MS,10.1029/2022JG007188,10_1029_2022JG007188.pdf,"[37649, 37658]"
sample_type,Raw spectra files and associated elemental compositions,10.1029/2022JG007188,10_1029_2022JG007188.pdf,"[37645, 37710]"
dataset_accession,https://doi.org/10.17605/OSF.IO/XTF4A,10.1029/2022JG007188,10_1029_2022JG007188.pdf,"[37838, 37876]"
instrument,Horiba Scientific Aqualog,10.1029/2023GB007917,10_1029_2023GB007917.pdf,"[2701, 2726]"
sample_type,UV-vis absorbance spectra,10.1029/2023GB007917,10_1029_2023GB007917.pdf,"[2609, 2634]"
instrument,Horiba Scientific Aqualog,10.1029/2023GB007917,10_1029_2023GB007917.pdf,"[3724, 3749]"
sample_type,Excitation-Emission matrices (EEMs) fluorescence spectra,10.1029/2023GB007917,10_1029_2023GB007917.pdf,"[3595, 3651]"
sample_type,Filtered water samples,10.1029/2023GB007917,10_1029_2023GB007917.pdf,"[9530, 9552]"
instrument,custom-built hybrid linear ion trap ultra-high resolution FT-ICR mass spectrometer,10.1029/2023GB007917,10_1029_2023GB007917.pdf,"[10449, 10531]"
sample_type,Methanolic extracts,10.1029/2023GB007917,10_1029_2023GB007917.pdf,"[10410, 10429]"
facility,"National High Magnetic Field Laboratory (Tallahassee, FL)",10.1029/2023GB007917,10_1029_2023GB007917.pdf,"[10591, 10647]"
ionization_method,electrospray ionization (ESI),10.1029/2023GB007917,10_1029_2023GB007917.pdf,"[10727, 10756]"
sample_type,DOM,10.1029/2023GB007917,10_1029_2023GB007917.pdf,"[10705, 10708]"
software_tools,PetroOrg,10.1029/2023GB007917,10_1029_2023GB007917.pdf,"[11322, 11330]"
dataset_accession,https://osf.io/v86az/,10.1029/2023GB007917,10_1029_2023GB007917.pdf,"[13214, 13235]"
dataset_accession,https://doi.org/10.17605/OSF.IO/V86AZ,10.1029/2023GB007917,10_1029_2023GB007917.pdf,"[13237, 13274]"
sample_type,Water samples,10.1029/2023JG007797,10_1029_2023JG007797.pdf,"[57, 70]"
facility,"University of California, Los Angeles",10.1029/2023JG007797,10_1029_2023JG007797.pdf,"[959, 996]"
instrument,FT-ICR MS,10.1029/2023JG007797,10_1029_2023JG007797.pdf,"[2590, 2599]"
ionization_method,negative-ion electrospray ionization,10.1029/2023JG007797,10_1029_2023JG007797.pdf,"[2553, 2589]"
software_tools,PetroOrg,10.1029/2023JG007797,10_1029_2023JG007797.pdf,"[4470, 4478]"
software_tools,vegan,10.1029/2023JG007797,10_1029_2023JG007797.pdf,"[6483, 6488]"
instrument,21 T FT-ICR MS,10.1029/2023JG007797,10_1029_2023JG007797.pdf,"[7825, 7839]"
dataset_accession,https://osf.io/ka5d7/,10.1029/2023JG007797,10_1029_2023JG007797.pdf,"[7941, 7962]"
dataset_accession,https://doi.org/10.17605/OSF.IO/Q46TS,10.1029/2023JG007797,10_1029_2023JG007797.pdf,"[7967, 8004]"
sample_type,glacier outflow streamwater samples,10.1029/2024GB008212,10_1029_2024GB008212.pdf,"[1545, 1580]"
instrument,Shimadzu TOC-LCPH/CPN,10.1029/2024GB008212,10_1029_2024GB008212.pdf,"[2645, 2666]"
sample_type,DOC concentrations,10.1029/2024GB008212,10_1029_2024GB008212.pdf,"[2607, 2625]"
instrument,custombuilt hybrid linear ion trap/FT-ICR MS,10.1029/2024GB008212,10_1029_2024GB008212.pdf,"[4175, 4219]"
ionization_method,negative mode electrospray ionization,10.1029/2024GB008212,10_1029_2024GB008212.pdf,"[3992, 4029]"
sample_type,SPE extracts,10.1029/2024GB008212,10_1029_2024GB008212.pdf,"[3916, 3928]"
software_tools,PetroOrg,10.1029/2024GB008212,10_1029_2024GB008212.pdf,"[4906, 4914]"
software_tools,R,10.1029/2024GB008212,10_1029_2024GB008212.pdf,"[7060, 7061]"
software_tools,ggplot2,10.1029/2024GB008212,10_1029_2024GB008212.pdf,"[7128, 7135]"
software_tools,Vegan R package,10.1029/2024GB008212,10_1029_2024GB008212.pdf,"[7199, 7214]"
dataset_accession,OSF,10.1029/2024GB008212,10_1029_2024GB008212.pdf,"[8957, 8960]"
sample_type,Samples,10.1029/2024GB008359,10_1029_2024GB008359.pdf,"[84, 91]"
facility,Vanishing Glacier Project,10.1029/2024GB008359,10_1029_2024GB008359.pdf,"[278, 303]"
instrument,Shimadzu TOC-L CPH/CPN analyzer,10.1029/2024GB008359,10_1029_2024GB008359.pdf,"[2682, 2713]"
sample_type,DOC concentrations,10.1029/2024GB008359,10_1029_2024GB008359.pdf,"[2644, 2662]"
instrument,GE Sievers M9 TOC analyzer,10.1029/2024GB008359,10_1029_2024GB008359.pdf,"[2816, 2842]"
sample_type,Samples from Kyrgyzstan,10.1029/2024GB008359,10_1029_2024GB008359.pdf,"[2773, 2796]"
facility,"National Ocean Sciences Accelerator Mass Spectrometry Facility at Woods Hole Oceanographic Institution, USA",10.1029/2024GB008359,10_1029_2024GB008359.pdf,"[3194, 3301]"
instrument,Thermo Fisher UltiMate 3000,10.1029/2024GB008359,10_1029_2024GB008359.pdf,"[4875, 4897]"
instrument,Dionex Ultimate 3000 HPLC,10.1029/2024GB008359,10_1029_2024GB008359.pdf,"[5833, 5858]"
instrument,Delta V IRMS,10.1029/2024GB008359,10_1029_2024GB008359.pdf,"[5874, 5886]"
sample_type,Compound-specific δ 13 C values for individual BPCAs,10.1029/2024GB008359,10_1029_2024GB008359.pdf,"[5758, 5810]"
instrument,custom-built hybrid linear ion trap FT-ICR mass spectrometer,10.1029/2024GB008359,10_1029_2024GB008359.pdf,"[7053, 7113]"
ionization_method,negative-ion formation,10.1029/2024GB008359,10_1029_2024GB008359.pdf,"[7238, 7260]"
instrument,FT-ICR MS,10.1029/2024GB008359,10_1029_2024GB008359.pdf,"[11516, 11525]"
sample_type,CHON,10.1029/2024GB008359,10_1029_2024GB008359.pdf,"[14561, 14565]"
dataset_accession,OSF,10.1029/2024GB008359,10_1029_2024GB008359.pdf,"[15978, 15981]"
sample_type,Active layer and permafrost samples,10.1029/2024JG008233,10_1029_2024JG008233.pdf,"[1807, 1842]"
instrument,FT-ICR MS,10.1029/2024JG008233,10_1029_2024JG008233.pdf,"[4195, 4204]"
instrument,Thermo Fisher EA-Isolink-CNSOH elemental analyzer,10.1029/2024JG008233,10_1029_2024JG008233.pdf,"[5035, 5084]"
sample_type,soil/sediment TOC (%) analysis samples,10.1029/2024JG008233,10_1029_2024JG008233.pdf,"[4908, 4938]"
instrument,Ocean Optics UV-visible light absorbance spectrophotometer,10.1029/2024JG008233,10_1029_2024JG008233.pdf,"[5921, 5979]"
instrument,FT-ICR MS,10.1029/2024JG008233,10_1029_2024JG008233.pdf,"[6645, 6654]"
instrument,custom-built hybrid linear ion trap 21 T FT-ICR MS,10.1029/2024JG008233,10_1029_2024JG008233.pdf,"[7198, 7248]"
ionization_method,negative electrospray ionization,10.1029/2024JG008233,10_1029_2024JG008233.pdf,"[7372, 7404]"
sample_type,Extracts,10.1029/2024JG008233,10_1029_2024JG008233.pdf,"[7137, 7145]"
facility,"National High Magnetic Field Laboratory in Tallahassee, Florida",10.1029/2024JG008233,10_1029_2024JG008233.pdf,"[7256, 7319]"
software_tools,PetroOrg TM,10.1029/2024JG008233,10_1029_2024JG008233.pdf,"[7710, 7718]"
software_tools,R Statistical Software v.4.1.3,10.1029/2024JG008233,10_1029_2024JG008233.pdf,"[13277, 13307]"
software_tools,"'rstatix' v.0.7.0 (Kassambara, 2021)",10.1029/2024JG008233,10_1029_2024JG008233.pdf,"[13202, 13238]"
software_tools,"'Hmisc' v.4.6.0 (Harrell, 2021)",10.1029/2024JG008233,10_1029_2024JG008233.pdf,"[13240, 13271]"
software_tools,"'tidyverse' (Wickham et al., 2019) v.1.3.1",10.1029/2024JG008233,10_1029_2024JG008233.pdf,"[13343, 13385]"
software_tools,"'ggfortify' v. 0.4.14 (Horikoshi & Tang, 2016)",10.1029/2024JG008233,10_1029_2024JG008233.pdf,"[13390, 13424]"
instrument,FT-ICR MS,10.1029/2024JG008233,10_1029_2024JG008233.pdf,"[14020, 14029]"
sample_type,Soil and permafrost data,10.1029/2024JG008233,10_1029_2024JG008233.pdf,"[13796, 13820]"
dataset_accession,https://doi.org/10.6073/pasta/cc4d53a91ed873765224fcb6d09f5eb7,10.1029/2024JG008233,10_1029_2024JG008233.pdf,"[13928, 13991]"
dataset_accession,https://doi.org/10.17605/OSF.IO/MD2YZ,10.1029/2024JG008233,10_1029_2024JG008233.pdf,"[14082, 14119]"
sample_type,Soil,10.1029/2024JG008445,10_1029_2024JG008445.pdf,"[93, 97]"
sample_type,Pleistocene-aged yedoma material,10.1029/2024JG008445,10_1029_2024JG008445.pdf,"[1927, 1959]"
instrument,Shimadzu high-temperature catalytic oxidation total OC analyzer (TOC-L CPH),10.1029/2024JG008445,10_1029_2024JG008445.pdf,"[5850, 5925]"
sample_type,Filtered and acidified samples,10.1029/2024JG008445,10_1029_2024JG008445.pdf,"[5789, 5819]"
instrument,FT-ICR MS,10.1029/2024JG008445,10_1029_2024JG008445.pdf,"[6749, 6758]"
instrument,custom-built hybrid linear ion trap FT-ICR MS,10.1029/2024JG008445,10_1029_2024JG008445.pdf,"[7970, 8015]"
sample_type,DOM extracts,10.1029/2024JG008445,10_1029_2024JG008445.pdf,"[7936, 7948]"
ionization_method,microelectrospray,10.1029/2024JG008445,10_1029_2024JG008445.pdf,"[8283, 8300]"
sample_type,peaks,10.1029/2024JG008445,10_1029_2024JG008445.pdf,"[9964, 9969]"
software_tools,PetroOrg,10.1029/2024JG008445,10_1029_2024JG008445.pdf,"[10172, 10180]"
software_tools,R,10.1029/2024JG008445,10_1029_2024JG008445.pdf,"[11215, 11216]"
sample_type,21 T FT-ICR MS files and elemental compositions,10.1029/2024JG008445,10_1029_2024JG008445.pdf,"[11943, 11990]"
dataset_accession,https://doi.org/10.17605/OSF.IO/3R86F,10.1029/2024JG008445,10_1029_2024JG008445.pdf,"[12047, 12084]"
sample_type,water samples,10.1029/2025GB008545,10_1029_2025GB008545.pdf,"[1986, 1999]"
sample_type,river water samples,10.1029/2025GB008545,10_1029_2025GB008545.pdf,"[4064, 4083]"
facility,"Isotope Hydrology Laboratory of the International Atomic Energy Agency (IAEA, Vienna, Austria)",10.1029/2025GB008545,10_1029_2025GB008545.pdf,"[4105, 4199]"
instrument,Shimadzu TOC-L CPH,10.1029/2025GB008545,10_1029_2025GB008545.pdf,"[5362, 5380]"
sample_type,Filtered Tapajós River water samples,10.1029/2025GB008545,10_1029_2025GB008545.pdf,"[5254, 5290]"
instrument,Horiba Scientific Aqualog,10.1029/2025GB008545,10_1029_2025GB008545.pdf,"[5792, 5817]"
sample_type,UV-visible absorbance spectra,10.1029/2025GB008545,10_1029_2025GB008545.pdf,"[5696, 5725]"
instrument,custom-built hybrid linear ion trap ultra-high resolution FT-ICR mass spectrometer,10.1029/2025GB008545,10_1029_2025GB008545.pdf,"[8502, 8584]"
ionization_method,electrospray ionization (ESI),10.1029/2025GB008545,10_1029_2025GB008545.pdf,"[8800, 8829]"
sample_type,Methanolic extracts,10.1029/2025GB008545,10_1029_2025GB008545.pdf,"[8463, 8482]"
facility,National High Magnetic Field Laboratory,10.1029/2025GB008545,10_1029_2025GB008545.pdf,"[8644, 8683]"
ionization_method,FT-ICR MS,10.1029/2025GB008545,10_1029_2025GB008545.pdf,"[9433, 9442]"
dataset_accession,https://doi.org/10.17605/OSF.IO/USH6Y,10.1029/2025GB008545,10_1029_2025GB008545.pdf,"[14375, 14412]"
sample_type,Carex sp.,10.1029/2025JG008899,10_1029_2025JG008899.pdf,"[3650, 3659]"
sample_type,Arctagrostis latifolia,10.1029/2025JG008899,10_1029_2025JG008899.pdf,"[3793, 3815]"
sample_type,Sphagnum sp.,10.1029/2025JG008899,10_1029_2025JG008899.pdf,"[3936, 3948]"
sample_type,Cladonia rangiferina,10.1029/2025JG008899,10_1029_2025JG008899.pdf,"[4079, 4099]"
sample_type,Charred Wood,10.1029/2025JG008899,10_1029_2025JG008899.pdf,"[4222, 4234]"
sample_type,Charred Moss,10.1029/2025JG008899,10_1029_2025JG008899.pdf,"[4365, 4377]"
sample_type,Floodplain Mud,10.1029/2025JG008899,10_1029_2025JG008899.pdf,"[4508, 4522]"
instrument,Shimadzu TOC-LCPH,10.1029/2025JG008899,10_1029_2025JG008899.pdf,"[10335, 10352]"
sample_type,Filtered and acidified samples,10.1029/2025JG008899,10_1029_2025JG008899.pdf,"[10262, 10292]"
instrument,custom-built hybrid linear ion trap FT-ICR mass spectrometer,10.1029/2025JG008899,10_1029_2025JG008899.pdf,"[12582, 12642]"
ionization_method,negative mode electrospray ionization,10.1029/2025JG008899,10_1029_2025JG008899.pdf,"[12405, 12442]"
sample_type,Methanol eluates,10.1029/2025JG008899,10_1029_2025JG008899.pdf,"[12322, 12338]"
software_tools,PetroOrg,10.1029/2025JG008899,10_1029_2025JG008899.pdf,"[13830, 13838]"
software_tools,RStudio,10.1029/2025JG008899,10_1029_2025JG008899.pdf,"[15226, 15233]"
software_tools,Microsoft Excel,10.1029/2025JG008899,10_1029_2025JG008899.pdf,"[15255, 15270]"
software_tools,ggplot2,10.1029/2025JG008899,10_1029_2025JG008899.pdf,"[15299, 15306]"
dataset_accession,https://osf.io/qjhs9/,10.1029/2025JG008899,10_1029_2025JG008899.pdf,"[16608, 16629]"
ionization_method,ion chromatography,10.1029/2025JG008931,10_1029_2025JG008931.pdf,"[5634, 5652]"
sample_type,Anions,10.1029/2025JG008931,10_1029_2025JG008931.pdf,"[5607, 5613]"
instrument,Shimadzu TOC-LCPH analyzer,10.1029/2025JG008931,10_1029_2025JG008931.pdf,"[6564, 6590]"
sample_type,lake water,10.1029/2025JG008931,10_1029_2025JG008931.pdf,"[6478, 6488]"
facility,Florida State University,10.1029/2025JG008931,10_1029_2025JG008931.pdf,"[6646, 6670]"
ionization_method,microelectrospray,10.1029/2025JG008931,10_1029_2025JG008931.pdf,"[8022, 8039]"
sample_type,solid phase extracts,10.1029/2025JG008931,10_1029_2025JG008931.pdf,"[7923, 7943]"
software_tools,Petrorg data processing software,10.1029/2025JG008931,10_1029_2025JG008931.pdf,"[8914, 8946]"
sample_type,"modified aromaticity index (AI mod), double bond equivalents (DBE), and nominal oxidation state of carbon (NOSC)",10.1029/2025JG008931,10_1029_2025JG008931.pdf,"[9251, 9364]"
sample_type,carboxylic-rich alicyclic molecules (CRAM),10.1029/2025JG008931,10_1029_2025JG008931.pdf,"[11045, 11087]"
instrument,FT-ICR MS,10.1029/2025JG008931,10_1029_2025JG008931.pdf,"[12136, 12145]"
instrument,FT-ICR MS,10.1029/2025JG008931,10_1029_2025JG008931.pdf,"[16800, 16809]"
dataset_accession,https://osf.io/qhe3s/,10.1029/2025JG008931,10_1029_2025JG008931.pdf,"[16895, 16917]"
sample_type,surface water,10.1038/ismej.2015.129,10_1038_ismej_2015_129.pdf,"[124, 137]"
sample_type,V. parahaemolyticus,10.1038/ismej.2015.129,10_1038_ismej_2015_129.pdf,"[643, 662]"
sample_type,DNA,10.1038/ismej.2015.129,10_1038_ismej_2015_129.pdf,"[3343, 3346]"
instrument,denaturing gradient gel electrophoresis (DGGE) gel,10.1038/ismej.2015.129,10_1038_ismej_2015_129.pdf,"[4518, 4568]"
sample_type,bacterial communities in the experimental flasks,10.1038/ismej.2015.129,10_1038_ismej_2015_129.pdf,"[4636, 4684]"
software_tools,Basic Local Alignment Search Tool server,10.1038/ismej.2015.129,10_1038_ismej_2015_129.pdf,"[4793, 4833]"
sample_type,parahaemolyticus and Halobacteriovorax,10.1038/ismej.2015.129,10_1038_ismej_2015_129.pdf,"[5715, 5753]"
ionization_method,positive ions,10.1038/ncomms1853,10_1038_ncomms1853.pdf,"[223, 236]"
ionization_method,cluster source,10.1038/ncomms1853,10_1038_ncomms1853.pdf,"[1001, 1015]"
instrument,third octopole,10.1038/ncomms1853,10_1038_ncomms1853.pdf,"[1974, 1988]"
instrument,open cylindrical ion trap,10.1038/ncomms1853,10_1038_ncomms1853.pdf,"[2028, 2053]"
ionization_method,collision-induced dissociation (CID),10.1038/ncomms1853,10_1038_ncomms1853.pdf,"[2656, 2686]"
sample_type,Fullerene samples,10.1038/ncomms1853,10_1038_ncomms1853.pdf,"[3297, 3314]"
instrument,9.4 T FT-ICR mass spectrometer,10.1038/ncomms6844,10_1038_ncomms6844.pdf,"[911, 928]"
ionization_method,positive ions produced by a pulsed laser cluster source,10.1038/ncomms6844,10_1038_ncomms6844.pdf,"[1094, 1149]"
sample_type,Nanocarbon mechanism experiments,10.1038/ncomms6844,10_1038_ncomms6844.pdf,"[944, 976]"
ionization_method,collision-induced dissociation,10.1038/ncomms6844,10_1038_ncomms6844.pdf,"[2416, 2446]"
sample_type,Compost feedstock,10.1038/s41467-017-01123-0,10_1038_s41467-017-01123-0.pdf,"[958, 975]"
sample_type,Biochar-amended compost,10.1038/s41467-017-01123-0,10_1038_s41467-017-01123-0.pdf,"[1173, 1196]"
sample_type,Char particles,10.1038/s41467-017-01123-0,10_1038_s41467-017-01123-0.pdf,"[1383, 1397]"
sample_type,Nitrate,10.1038/s41467-017-01123-0,10_1038_s41467-017-01123-0.pdf,"[3098, 3105]"
instrument,Bruker Avance III 600 MHz,10.1038/s41467-017-01123-0,10_1038_s41467-017-01123-0.pdf,"[3993, 4035]"
instrument,Nova 2000,10.1038/s41467-017-01123-0,10_1038_s41467-017-01123-0.pdf,"[5966, 5975]"
software_tools,NovaWin,10.1038/s41467-017-01123-0,10_1038_s41467-017-01123-0.pdf,"[6172, 6179]"
instrument,ESCALAB250Xi,10.1038/s41467-017-01123-0,10_1038_s41467-017-01123-0.pdf,"[7389, 7401]"
facility,"Thermo Scienti fi c, UK",10.1038/s41467-017-01123-0,10_1038_s41467-017-01123-0.pdf,"[7403, 7426]"
sample_type,Biochar particles,10.1038/s41467-017-01123-0,10_1038_s41467-017-01123-0.pdf,"[7769, 7786]"
instrument,Scanning electron microscopy (SEM),10.1038/s41467-017-01123-0,10_1038_s41467-017-01123-0.pdf,"[7938, 7966]"
instrument,Zeiss Sigma SEM,10.1038/s41467-017-01123-0,10_1038_s41467-017-01123-0.pdf,"[8580, 8595]"
sample_type,"SEM micrographs and X-ray spectra, biochar particles",10.1038/s41467-017-01123-0,10_1038_s41467-017-01123-0.pdf,"[8527, 8560]"
sample_type,biochar particles,10.1038/s41467-017-01123-0,10_1038_s41467-017-01123-0.pdf,"[9550, 9567]"
instrument,ThermoFisher LCQ,10.1038/s41467-017-01123-0,10_1038_s41467-017-01123-0.pdf,"[12316, 12332]"
ionization_method,atmospheric pressure photoionization (APPI),10.1038/s41467-017-01123-0,10_1038_s41467-017-01123-0.pdf,"[12333, 12376]"
sample_type,Pieces of pristine and co-composted biochar,10.1038/s41467-017-01123-0,10_1038_s41467-017-01123-0.pdf,"[12530, 12573]"
sample_type,abundant homologous alkylation series,10.1038/s41467-017-01123-0,10_1038_s41467-017-01123-0.pdf,"[14197, 14234]"
software_tools,PetroOrg,10.1038/s41467-017-01123-0,10_1038_s41467-017-01123-0.pdf,"[14510, 14518]"
instrument,FTIR,10.1038/s41467-017-01123-0,10_1038_s41467-017-01123-0.pdf,"[17012, 17016]"
sample_type,washing solutions and original 0.05 M NaOH solution,10.1038/s41467-017-01123-0,10_1038_s41467-017-01123-0.pdf,"[17328, 17379]"
sample_type,Electron transfer mediators,10.1038/s41467-017-01123-0,10_1038_s41467-017-01123-0.pdf,"[18908, 18935]"
sample_type,diquat-dibromide monohydrate (DQ),10.1038/s41467-017-01123-0,10_1038_s41467-017-01123-0.pdf,"[19049, 19081]"
sample_type,"2,2 ′ -azino-bis(3-ethylbenzothiazoline-6-sulfonic acid) diammonium salt (ABTS)",10.1038/s41467-017-01123-0,10_1038_s41467-017-01123-0.pdf,"[19128, 19206]"
sample_type,EAC and EDC,10.1038/s41467-017-01123-0,10_1038_s41467-017-01123-0.pdf,"[19241, 19252]"
sample_type,dissolved organic matter,10.1038/s41467-017-01123-0,10_1038_s41467-017-01123-0.pdf,"[19508, 19532]"
instrument,Vertex 80 v (Bruker),10.1038/s41467-017-01123-0,10_1038_s41467-017-01123-0.pdf,"[20087, 20107]"
sample_type,"KBr pellets prepared with 0.2% biochar, 0.4% freeze-dried washing solutions or 0.4% freeze-dried control compost",10.1038/s41467-017-01123-0,10_1038_s41467-017-01123-0.pdf,"[19953, 20065]"
instrument,Stelar SpinMaster FFC-2000,10.1038/s41467-017-01123-0,10_1038_s41467-017-01123-0.pdf,"[21219, 21245]"
sample_type,biochar samples,10.1038/s41467-017-01123-0,10_1038_s41467-017-01123-0.pdf,"[20854, 20868]"
sample_type,supernatant solutions,10.1038/s41467-017-01123-0,10_1038_s41467-017-01123-0.pdf,"[24551, 24572]"
instrument,custom-built FT-ICR mass spectrometer,10.1038/s41467-017-01295-9,10_1038_s41467-017-01295-9.pdf,"[1153, 1190]"
ionization_method,pulsed laser cluster source,10.1038/s41467-017-01295-9,10_1038_s41467-017-01295-9.pdf,"[1278, 1305]"
ionization_method,CID,10.1038/s41467-017-01295-9,10_1038_s41467-017-01295-9.pdf,"[2589, 2592]"
software_tools,CaGe program,10.1038/s41467-017-01295-9,10_1038_s41467-017-01295-9.pdf,"[3270, 3282]"
software_tools,Schlegel diagrams,10.1038/s41467-017-01295-9,10_1038_s41467-017-01295-9.pdf,"[3310, 3327]"
instrument,FT-ICR MS,10.1038/s41467-022-29711-9,10_1038_s41467-022-29711-9.pdf,"[4215, 4224]"
ionization_method,microelectrospray,10.1038/s41467-022-29711-9,10_1038_s41467-022-29711-9.pdf,"[4502, 4519]"
instrument,custom-built hybrid linear ion trap FT-ICR mass spectrometer,10.1038/s41467-022-29711-9,10_1038_s41467-022-29711-9.pdf,"[4784, 4844]"
sample_type,DOM extracts,10.1038/s41467-022-29711-9,10_1038_s41467-022-29711-9.pdf,"[4750, 4762]"
software_tools,PetroOrg,10.1038/s41467-022-29711-9,10_1038_s41467-022-29711-9.pdf,"[6784, 6792]"
sample_type,stream water,10.1038/s41467-022-29711-9,10_1038_s41467-022-29711-9.pdf,"[8050, 8062]"
sample_type,shallow groundwater,10.1038/s41467-022-29711-9,10_1038_s41467-022-29711-9.pdf,"[8116, 8135]"
sample_type,deep con fi ned groundwater,10.1038/s41467-022-29711-9,10_1038_s41467-022-29711-9.pdf,"[8207, 8234]"
instrument,LC-OCD,10.1038/s41467-022-29711-9,10_1038_s41467-022-29711-9.pdf,"[8845, 8851]"
sample_type,DOC fractions,10.1038/s41467-022-29711-9,10_1038_s41467-022-29711-9.pdf,"[8980, 8993]"
instrument,Perkin Elmer NexION 300D,10.1038/s41467-022-29711-9,10_1038_s41467-022-29711-9.pdf,"[10379, 10403]"
ionization_method,inductively coupled plasma (ICP),10.1038/s41467-022-29711-9,10_1038_s41467-022-29711-9.pdf,"[10404, 10436]"
sample_type,Cations,10.1038/s41467-022-29711-9,10_1038_s41467-022-29711-9.pdf,"[10320, 10327]"
facility,Mark Wainwright Analytical Centre (UNSW Sydney),10.1038/s41467-022-29711-9,10_1038_s41467-022-29711-9.pdf,"[10542, 10589]"
instrument,Dionex Ion Chromatography System,10.1038/s41467-022-29711-9,10_1038_s41467-022-29711-9.pdf,"[10668, 10700]"
sample_type,Anions,10.1038/s41467-022-29711-9,10_1038_s41467-022-29711-9.pdf,"[10609, 10615]"
facility,Mark Wainwright Analytical Centre (UNSW Sydney),10.1038/s41467-022-29711-9,10_1038_s41467-022-29711-9.pdf,"[10831, 10878]"
instrument,Delta V Advantage Isotope Ratio Mass Spectrometer,10.1038/s41467-022-29711-9,10_1038_s41467-022-29711-9.pdf,"[11535, 11584]"
sample_type,δ 13 C DIC,10.1038/s41467-022-29711-9,10_1038_s41467-022-29711-9.pdf,"[11765, 11771]"
facility,Australian Nuclear Science and Technology Organisation (ANSTO),10.1038/s41467-022-29711-9,10_1038_s41467-022-29711-9.pdf,"[12565, 12627]"
ionization_method,electrospray ionisation (ESI),10.1038/s41467-022-29711-9,10_1038_s41467-022-29711-9.pdf,"[13578, 13607]"
facility,"National High Magnetic Field Laboratory, Tallahassee, Florida",10.1038/s41467-022-29711-9,10_1038_s41467-022-29711-9.pdf,"[13721, 13782]"
dataset_accession,https://doi.org/10.17605/OSF.IO/94WFQ,10.1038/s41467-022-29711-9,10_1038_s41467-022-29711-9.pdf,"[18143, 18180]"
facility,the mine,10.1038/s41467-023-41900-8,10_1038_s41467-023-41900-8.pdf,"[2465, 2473]"
sample_type,rock,10.1038/s41467-023-41900-8,10_1038_s41467-023-41900-8.pdf,"[4637, 4641]"
sample_type,Vaal Reef sample,10.1038/s41467-023-41900-8,10_1038_s41467-023-41900-8.pdf,"[4590, 4606]"
instrument,Aurora 1030 W TOC Analyzer,10.1038/s41467-023-41900-8,10_1038_s41467-023-41900-8.pdf,"[6156, 6182]"
sample_type,DOC and DIC,10.1038/s41467-023-41900-8,10_1038_s41467-023-41900-8.pdf,"[6072, 6083]"
facility,Onstott Lab at Princeton University,10.1038/s41467-023-41900-8,10_1038_s41467-023-41900-8.pdf,"[6235, 6270]"
instrument,Picarro G2101-i Isotopic CO2 cavity ring down spectrometer (CRDS),10.1038/s41467-023-41900-8,10_1038_s41467-023-41900-8.pdf,"[7292, 7357]"
sample_type,DOC,10.1038/s41467-023-41900-8,10_1038_s41467-023-41900-8.pdf,"[7605, 7608]"
instrument,accelerator mass spectrometry (AMS) facility at the National Ocean Sciences accelerator mass spectrometer (NOSAMS),10.1038/s41467-023-41900-8,10_1038_s41467-023-41900-8.pdf,"[8241, 8355]"
sample_type,DOC and the DIC,10.1038/s41467-023-41900-8,10_1038_s41467-023-41900-8.pdf,"[8142, 8157]"
instrument,Dionex ICS-5000+ capillary HPLC system,10.1038/s41467-023-41900-8,10_1038_s41467-023-41900-8.pdf,"[9099, 9137]"
sample_type,Low molecular weight organic acids,10.1038/s41467-023-41900-8,10_1038_s41467-023-41900-8.pdf,"[9042, 9076]"
sample_type,D- and L-enantiomers of aspartic acid,10.1038/s41467-023-41900-8,10_1038_s41467-023-41900-8.pdf,"[12599, 12636]"
sample_type,Enantiomers,10.1038/s41467-023-41900-8,10_1038_s41467-023-41900-8.pdf,"[12766, 12777]"
instrument,gas chromatograph-mass spectrometer (GC-MS),10.1038/s41467-023-41900-8,10_1038_s41467-023-41900-8.pdf,"[14474, 14517]"
facility,ExxonMobil's Clinton campus,10.1038/s41467-023-41900-8,10_1038_s41467-023-41900-8.pdf,"[14425, 14454]"
instrument,Varian 3400 gas chromatograph,10.1038/s41467-023-41900-8,10_1038_s41467-023-41900-8.pdf,"[14675, 14704]"
ionization_method,flame ionized detector (FID),10.1038/s41467-023-41900-8,10_1038_s41467-023-41900-8.pdf,"[14724, 14746]"
sample_type,160 mL serum gas vial samples,10.1038/s41467-023-41900-8,10_1038_s41467-023-41900-8.pdf,"[14637, 14666]"
sample_type,hydrocarbons,10.1038/s41467-023-41900-8,10_1038_s41467-023-41900-8.pdf,"[15460, 15472]"
instrument,custom-built 21-tesla Fourier-transform ion cyclotron resonance mass spectrometer,10.1038/s41467-023-41900-8,10_1038_s41467-023-41900-8.pdf,"[17800, 17881]"
ionization_method,negative electrospray ionization,10.1038/s41467-023-41900-8,10_1038_s41467-023-41900-8.pdf,"[17760, 17792]"
sample_type,Sample solution,10.1038/s41467-023-41900-8,10_1038_s41467-023-41900-8.pdf,"[17887, 17902]"
facility,National High Magnetic Field Lab,10.1038/s41467-023-41900-8,10_1038_s41467-023-41900-8.pdf,"[17693, 17725]"
sample_type,Water,10.1038/s41561-019-0384-9,10_1038_s41561-019-0384-9.pdf,"[1814, 1819]"
instrument,Flash EA,10.1038/s41561-019-0384-9,10_1038_s41561-019-0384-9.pdf,"[3909, 3917]"
sample_type,Prepared soil and litter samples,10.1038/s41561-019-0384-9,10_1038_s41561-019-0384-9.pdf,"[3805, 3837]"
facility,ETH Zurich,10.1038/s41561-019-0384-9,10_1038_s41561-019-0384-9.pdf,"[3855, 3865]"
instrument,21-Tesla FT-ICR MS,10.1038/s41561-019-0384-9,10_1038_s41561-019-0384-9.pdf,"[5087, 5105]"
ionization_method,negative electrospray ionization,10.1038/s41561-019-0384-9,10_1038_s41561-019-0384-9.pdf,"[5283, 5315]"
instrument,gas chromatograph,10.1038/s41561-019-0384-9,10_1038_s41561-019-0384-9.pdf,"[6157, 6174]"
facility,Florida State University,10.1038/s41561-019-0384-9,10_1038_s41561-019-0384-9.pdf,"[6178, 6202]"
instrument,Agilent Technologies 1260 Infinity,10.1038/s41598-017-16959-1,10_1038_s41598-017-16959-1.pdf,"[1525, 1559]"
sample_type,cortactinCR and cortactinCRH proteins,10.1038/s41598-017-16959-1,10_1038_s41598-017-16959-1.pdf,"[1442, 1470]"
instrument,Chriascan CD spectrometer,10.1038/s41598-017-16959-1,10_1038_s41598-017-16959-1.pdf,"[2207, 2232]"
sample_type,"cortactin-CR, CCM3",10.1038/s41598-017-16959-1,10_1038_s41598-017-16959-1.pdf,"[2153, 2165]"
instrument,FT-ICR,10.1038/s41598-017-16959-1,10_1038_s41598-017-16959-1.pdf,"[4696, 4702]"
ionization_method,on-line LC-ESI,10.1038/s41598-017-16959-1,10_1038_s41598-017-16959-1.pdf,"[4681, 4695]"
sample_type,CortactinCR,10.1038/s41598-017-16959-1,10_1038_s41598-017-16959-1.pdf,"[4581, 4592]"
facility,National High Magnetic Field laboratory (NHMFL),10.1038/s41598-017-16959-1,10_1038_s41598-017-16959-1.pdf,"[4623, 4670]"
sample_type,H/D exchange stock,10.1038/s41598-017-16959-1,10_1038_s41598-017-16959-1.pdf,"[4833, 4845]"
instrument,custom-built hybrid Velos Pro 14.5 T FT-ICR,10.1038/s41598-017-16959-1,10_1038_s41598-017-16959-1.pdf,"[6515, 6558]"
ionization_method,ESI,10.1038/s41598-017-16959-1,10_1038_s41598-017-16959-1.pdf,"[6468, 6471]"
sample_type,CortactinCR peptide (with and without LmnA),10.1038/s41598-017-16959-1,10_1038_s41598-017-16959-1.pdf,"[5893, 5936]"
sample_type,stream water samples,10.1038/s41598-020-65520-0,10_1038_s41598-020-65520-0.pdf,"[61, 81]"
facility,Water Quality Analysis Laboratory at the University of New Hampshire,10.1038/s41598-020-65520-0,10_1038_s41598-020-65520-0.pdf,"[615, 683]"
facility,National High Magnetic Field Laboratory at Florida State University,10.1038/s41598-020-65520-0,10_1038_s41598-020-65520-0.pdf,"[751, 818]"
instrument,Seal AQ2 (Seal Analytical),10.1038/s41598-020-65520-0,10_1038_s41598-020-65520-0.pdf,"[3587, 3613]"
sample_type,Phosphate (PO4 3 -),10.1038/s41598-020-65520-0,10_1038_s41598-020-65520-0.pdf,"[3484, 3503]"
instrument,Shimadzu photo diode array detector,10.1038/s41598-020-65520-0,10_1038_s41598-020-65520-0.pdf,"[4390, 4425]"
sample_type,room temperature water,10.1038/s41598-020-65520-0,10_1038_s41598-020-65520-0.pdf,"[5453, 5475]"
ionization_method,direct infusion electrospray ionization,10.1038/s41598-020-65520-0,10_1038_s41598-020-65520-0.pdf,"[6963, 7002]"
software_tools,EnviroOrg,10.1038/s41598-020-65520-0,10_1038_s41598-020-65520-0.pdf,"[7207, 7216]"
facility,NHMFL,10.1038/s41598-020-65520-0,10_1038_s41598-020-65520-0.pdf,"[7250, 7255]"
dataset_accession,https://doi.org/10.4211/hs.5af38c0096014e3c96adecb92bc6e26d,10.1038/s41598-020-65520-0,10_1038_s41598-020-65520-0.pdf,"[9897, 9956]"
sample_type,lipids,10.1038/s41598-021-89025-6,10_1038_s41598-021-89025-6.pdf,"[587, 593]"
instrument,LC-FT-ICR MS,10.1038/s41598-021-89025-6,10_1038_s41598-021-89025-6.pdf,"[1882, 1894]"
instrument,Fourier-transform ion cyclotron resonance Mass Spectrometer (FT-ICR-MS),10.1038/s41598-021-89025-6,10_1038_s41598-021-89025-6.pdf,"[2065, 2136]"
ionization_method,electrospray ionization (ESI),10.1038/s41598-021-89025-6,10_1038_s41598-021-89025-6.pdf,"[2452, 2481]"
sample_type,Lipid identification and quantitation,10.1038/s41598-021-89025-6,10_1038_s41598-021-89025-6.pdf,"[1905, 1942]"
facility,"National High Magnetic Field Laboratory (Florida State University, Tallahassee, FL)",10.1038/s41598-021-89025-6,10_1038_s41598-021-89025-6.pdf,"[1965, 2048]"
software_tools,Thermo Xcalibur software (version 3.0.63) and a custom-built script using ZeroBrane Studio,10.1038/s41598-021-89025-6,10_1038_s41598-021-89025-6.pdf,"[2596, 2686]"
sample_type,lipid species,10.1038/s41598-021-89025-6,10_1038_s41598-021-89025-6.pdf,"[3476, 3489]"
sample_type,total lipids,10.1038/s41598-024-79780-7,10_1038_s41598-024-79780-7.pdf,"[1025, 1037]"
instrument,GCxGC/TOF-MS,10.1038/s41598-024-79780-7,10_1038_s41598-024-79780-7.pdf,"[1869, 1881]"
sample_type,diplosiphon lipids,10.1038/s41598-024-79780-7,10_1038_s41598-024-79780-7.pdf,"[1952, 1970]"
instrument,Illumina platform,10.1038/s41598-024-79780-7,10_1038_s41598-024-79780-7.pdf,"[3672, 3689]"
sample_type,diplosiphon B481-WT and B481-SD strains,10.1038/s41598-024-79780-7,10_1038_s41598-024-79780-7.pdf,"[2950, 2989]"
instrument,Waters Xevo G2-XS QToF-MS,10.1038/s42004-018-0031-1,10_1038_s42004-018-0031-1.pdf,"[1296, 1321]"
ionization_method,Electrospray ionization,10.1038/s42004-018-0031-1,10_1038_s42004-018-0031-1.pdf,"[1058, 1081]"
sample_type,Samples,10.1038/s42004-018-0031-1,10_1038_s42004-018-0031-1.pdf,"[1102, 1109]"
instrument,custom-built 14.5 T FTICR mass spectrometer,10.1038/s42004-018-0031-1,10_1038_s42004-018-0031-1.pdf,"[2166, 2209]"
ionization_method,positive- and negative-mode ESI,10.1038/s42004-018-0031-1,10_1038_s42004-018-0031-1.pdf,"[2213, 2244]"
software_tools,custom-built MIDAS software,10.1038/s42004-018-0031-1,10_1038_s42004-018-0031-1.pdf,"[3048, 3075]"
sample_type,oil,10.1038/s43017-020-0046-x,10_1038_s43017-020-0046-x.pdf,"[2874, 2877]"
sample_type,natural gas,10.1038/s43017-020-0046-x,10_1038_s43017-020-0046-x.pdf,"[2968, 2979]"
instrument,Oceanographic instrumentation,10.1038/s43017-020-0046-x,10_1038_s43017-020-0046-x.pdf,"[8384, 8413]"
sample_type,oil and gas flowing from the damaged well,10.1038/s43017-020-0046-x,10_1038_s43017-020-0046-x.pdf,"[8447, 8488]"
sample_type,oil droplet sizes,10.1038/s43017-020-0046-x,10_1038_s43017-020-0046-x.pdf,"[8506, 8523]"
sample_type,dissolved low-molecular weight components within the subsurface intrusion,10.1038/s43017-020-0046-x,10_1038_s43017-020-0046-x.pdf,"[8531, 8606]"
sample_type,surface and deep water,10.1038/s43017-020-0046-x,10_1038_s43017-020-0046-x.pdf,"[8679, 8701]"
sample_type,biological data,10.1038/s43017-020-0046-x,10_1038_s43017-020-0046-x.pdf,"[24328, 24343]"
sample_type,"dissolved gases, propane and ethane",10.1038/s43017-020-0046-x,10_1038_s43017-020-0046-x.pdf,"[25130, 25165]"
sample_type,oil,10.1038/s43017-020-0046-x,10_1038_s43017-020-0046-x.pdf,"[33045, 33048]"
sample_type,Deepwater Horizon oil and field sample chemical compositions,10.1038/s43017-020-0046-x,10_1038_s43017-020-0046-x.pdf,"[35189, 35249]"
ionization_method,flame-ionization detection,10.1038/s43017-020-0046-x,10_1038_s43017-020-0046-x.pdf,"[35440, 35468]"
sample_type,oil,10.1038/s43017-020-0046-x,10_1038_s43017-020-0046-x.pdf,"[35797, 35800]"
ionization_method,ESI,10.1038/s43017-020-0046-x,10_1038_s43017-020-0046-x.pdf,"[36181, 36184]"
sample_type,surface oil,10.1038/s43017-020-0046-x,10_1038_s43017-020-0046-x.pdf,"[37062, 37073]"
instrument,Ultra-high resolution FT-ICR MS,10.1038/s43017-020-0046-x,10_1038_s43017-020-0046-x.pdf,"[39126, 39162]"
ionization_method,electrospray-ionization (ESI),10.1038/s43017-020-0046-x,10_1038_s43017-020-0046-x.pdf,"[39205, 39236]"
ionization_method,atmospheric pressure photoionization (APPI),10.1038/s43017-020-0046-x,10_1038_s43017-020-0046-x.pdf,"[39240, 39283]"
sample_type,oil,10.1038/s43017-020-0046-x,10_1038_s43017-020-0046-x.pdf,"[39316, 39319]"
sample_type,oil weathering products,10.1038/s43017-020-0046-x,10_1038_s43017-020-0046-x.pdf,"[39325, 39348]"
sample_type,GCxGC,10.1038/s43017-020-0046-x,10_1038_s43017-020-0046-x.pdf,"[39713, 39718]"
sample_type,polycyclic aromatic hydrocarbons,10.1038/s43017-020-0046-x,10_1038_s43017-020-0046-x.pdf,"[60709, 60741]"
sample_type,marine oil spill response,10.1038/s43017-020-0046-x,10_1038_s43017-020-0046-x.pdf,"[62466, 62491]"
instrument,Video Plankton Recorder (VPR),10.1038/s43017-020-0046-x,10_1038_s43017-020-0046-x.pdf,"[62619, 62648]"
ionization_method,High-Resolution Mass Spectrometry,10.1038/s43017-020-0046-x,10_1038_s43017-020-0046-x.pdf,"[64990, 65025]"
sample_type,Chemical Dispersant Corexit 9500 in Seawater,10.1038/s43017-020-0046-x,10_1038_s43017-020-0046-x.pdf,"[64942, 64986]"
facility,Duke Univ.,10.1038/s43017-020-0046-x,10_1038_s43017-020-0046-x.pdf,"[65036, 65046]"
sample_type,Microbial genomics of the global ocean system,10.1038/s43017-020-0046-x,10_1038_s43017-020-0046-x.pdf,"[67454, 67499]"
sample_type,Macondo Well oil,10.1038/s43017-020-0046-x,10_1038_s43017-020-0046-x.pdf,"[72290, 72306]"
ionization_method,electrospray ionization and field desorption ioniization,10.1038/s43017-020-0046-x,10_1038_s43017-020-0046-x.pdf,"[72739, 72795]"
sample_type,water-soluble fractions of Deepwater Horizon oil,10.1038/s43017-020-0046-x,10_1038_s43017-020-0046-x.pdf,"[74281, 74331]"
instrument,Fourier transform ion cyclotron resonance mass spectrometer,10.1038/s43017-020-0046-x,10_1038_s43017-020-0046-x.pdf,"[75758, 75804]"
sample_type,oil-soluble ketone/aldehyde photo-oxidation products,10.1038/s43017-020-0046-x,10_1038_s43017-020-0046-x.pdf,"[75697, 75754]"
sample_type,petroleum mixtures,10.1038/s43017-020-0046-x,10_1038_s43017-020-0046-x.pdf,"[77190, 77208]"
sample_type,Hydrocarbon-degrading bacteria and the bacterial community response in Gulf of Mexico beach sands impacted by the Deepwater Horizon oil spill,10.1038/s43017-020-0046-x,10_1038_s43017-020-0046-x.pdf,"[81137, 81280]"
sample_type,sediment microbial community,10.1038/s43017-020-0046-x,10_1038_s43017-020-0046-x.pdf,"[84033, 84061]"
sample_type,deep-sea sediments,10.1038/s43017-020-0046-x,10_1038_s43017-020-0046-x.pdf,"[84210, 84230]"
sample_type,benthic invertebrates,10.1038/s43017-020-0046-x,10_1038_s43017-020-0046-x.pdf,"[84419, 84440]"
sample_type,benthic foraminifera,10.1038/s43017-020-0046-x,10_1038_s43017-020-0046-x.pdf,"[84708, 84728]"
sample_type,crude oil components,10.1038/s43017-020-0046-x,10_1038_s43017-020-0046-x.pdf,"[86584, 86604]"
dataset_accession,https://eartharxiv.org/xmv7e/,10.1038/s43017-020-0046-x,10_1038_s43017-020-0046-x.pdf,"[86631, 86660]"
instrument,eosense instruments,10.1038/s43247-022-00407-8,10_1038_s43247-022-00407-8.pdf,"[820, 839]"
software_tools,eosLink-FD,10.1038/s43247-022-00407-8,10_1038_s43247-022-00407-8.pdf,"[896, 906]"
sample_type,gases,10.1038/s43247-022-00407-8,10_1038_s43247-022-00407-8.pdf,"[1616, 1621]"
instrument,eosFD,10.1038/s43247-022-00407-8,10_1038_s43247-022-00407-8.pdf,"[1237, 1242]"
sample_type,porewater samples,10.1038/s43247-022-00407-8,10_1038_s43247-022-00407-8.pdf,"[4959, 4976]"
sample_type,soil,10.1038/s43247-022-00407-8,10_1038_s43247-022-00407-8.pdf,"[7485, 7489]"
instrument,High TOC II,10.1038/s43247-022-00407-8,10_1038_s43247-022-00407-8.pdf,"[8095, 8106]"
sample_type,porewater or extract,10.1038/s43247-022-00407-8,10_1038_s43247-022-00407-8.pdf,"[7892, 7912]"
instrument,Agilent 8900,10.1038/s43247-022-00407-8,10_1038_s43247-022-00407-8.pdf,"[8687, 8699]"
ionization_method,inductively coupled plasma mass spectrometry (ICP-MS/MS),10.1038/s43247-022-00407-8,10_1038_s43247-022-00407-8.pdf,"[8631, 8686]"
sample_type,samples,10.1038/s43247-022-00407-8,10_1038_s43247-022-00407-8.pdf,"[8558, 8565]"
instrument,FE-SEM; Jeol JSM-6500F,10.1038/s43247-022-00407-8,10_1038_s43247-022-00407-8.pdf,"[9970, 9992]"
sample_type,organo-mineral particles of the fine fraction,10.1038/s43247-022-00407-8,10_1038_s43247-022-00407-8.pdf,"[9810, 9856]"
facility,"Chair of Soil Science (TU München, Germany)",10.1038/s43247-022-00407-8,10_1038_s43247-022-00407-8.pdf,"[10223, 10266]"
instrument,Nanodrop 1000,10.1038/s43247-022-00407-8,10_1038_s43247-022-00407-8.pdf,"[13128, 13141]"
sample_type,puri fi ed amplicons,10.1038/s43247-022-00407-8,10_1038_s43247-022-00407-8.pdf,"[13043, 13063]"
facility,Microsynth AG (Switzerland),10.1038/s43247-022-00407-8,10_1038_s43247-022-00407-8.pdf,"[13273, 13300]"
software_tools,Cutadapt v2.6,10.1038/s43247-022-00407-8,10_1038_s43247-022-00407-8.pdf,"[14070, 14083]"
software_tools,QIIME2 version 2019.10.0,10.1038/s43247-022-00407-8,10_1038_s43247-022-00407-8.pdf,"[14142, 14166]"
software_tools,DADA2 version 1.10.0,10.1038/s43247-022-00407-8,10_1038_s43247-022-00407-8.pdf,"[14187, 14207]"
software_tools,QIIME2 diversity alpha-rarefaction plugin,10.1038/s43247-022-00407-8,10_1038_s43247-022-00407-8.pdf,"[14565, 14606]"
sample_type,16S rRNA amplicon sequencing data,10.1038/s43247-022-00407-8,10_1038_s43247-022-00407-8.pdf,"[15489, 15522]"
ionization_method,FT-ICR MS,10.1038/s43247-022-00407-8,10_1038_s43247-022-00407-8.pdf,"[15806, 15815]"
sample_type,Soil extracts and DOM in the porewater,10.1038/s43247-022-00407-8,10_1038_s43247-022-00407-8.pdf,"[15748, 15786]"
instrument,custom-built FT-ICR mass spectrometer,10.1038/s43247-022-00407-8,10_1038_s43247-022-00407-8.pdf,"[16953, 16990]"
sample_type,samples,10.1038/s43247-022-00407-8,10_1038_s43247-022-00407-8.pdf,"[16673, 16680]"
instrument,21T FT-ICR,10.1038/s43247-022-00407-8,10_1038_s43247-022-00407-8.pdf,"[17760, 17770]"
dataset_accession,120,10.1038/s43247-022-00407-8,10_1038_s43247-022-00407-8.pdf,"[20201, 20204]"
instrument,FT-ICR MS,10.1038/s43247-022-00407-8,10_1038_s43247-022-00407-8.pdf,"[20391, 20400]"
sample_type,biomass samples,10.1038/s43247-024-01304-y,10_1038_s43247-024-01304-y.pdf,"[71, 86]"
facility,ILMARI laboratory of the University of Eastern Finland,10.1038/s43247-024-01304-y,10_1038_s43247-024-01304-y.pdf,"[2997, 3051]"
instrument,custom-built hybrid linear ion trap FT-ICR mass spectrometer,10.1038/s43247-024-01304-y,10_1038_s43247-024-01304-y.pdf,"[6383, 6443]"
ionization_method,ESI coupled to FT-ICR MS,10.1038/s43247-024-01304-y,10_1038_s43247-024-01304-y.pdf,"[6338, 6362]"
facility,"National High Magnetic Field Laboratory in Tallahassee, Florida",10.1038/s43247-024-01304-y,10_1038_s43247-024-01304-y.pdf,"[6504, 6567]"
software_tools,MatLab (R2023a),10.1038/s43247-024-01304-y,10_1038_s43247-024-01304-y.pdf,"[8562, 8577]"
instrument,FT-ICR mass spectrometer,10.1038/s43247-024-01304-y,10_1038_s43247-024-01304-y.pdf,"[9489, 9500]"
sample_type,CHO compounds,10.1038/s43247-024-01304-y,10_1038_s43247-024-01304-y.pdf,"[8851, 8864]"
software_tools,"Peak-by-Peak (Base Edition, Version 2023.5.0.b5)",10.1038/s43247-024-01304-y,10_1038_s43247-024-01304-y.pdf,"[9243, 9290]"
dataset_accession,https://doi.org/10.17605/OSF.IO/4PJFC,10.1038/s43247-024-01304-y,10_1038_s43247-024-01304-y.pdf,"[9609, 9647]"
instrument,Thermo Scienti fi c FLASH 2000 element analyzer,10.1038/s43247-024-01832-7,10_1038_s43247-024-01832-7.pdf,"[4447, 4494]"
instrument,Thermo Finnigan 253 gas mass spectrometer,10.1038/s43247-024-01832-7,10_1038_s43247-024-01832-7.pdf,"[4949, 4990]"
sample_type,"BaSO4, Isotope comparison materials (IAEA-S-1, IAEA-S-2, and IAEA-S-3), Isotope comparison materials (IAEASO-5 and IAEA-SO-6)",10.1038/s43247-024-01832-7,10_1038_s43247-024-01832-7.pdf,"[4602, 5045]"
sample_type,dissolved organic matter and CAOM,10.1038/s43247-024-01832-7,10_1038_s43247-024-01832-7.pdf,"[7797, 7830]"
instrument,21 T FT-ICR MS,10.1038/s43247-024-01832-7,10_1038_s43247-024-01832-7.pdf,"[9901, 9915]"
instrument,custom-built hybrid linear ion trap FT-ICR mass spectrometer,10.1038/s43247-024-01832-7,10_1038_s43247-024-01832-7.pdf,"[13387, 13447]"
ionization_method,negative-ion electrospray ionization,10.1038/s43247-024-01832-7,10_1038_s43247-024-01832-7.pdf,"[13020, 13056]"
sample_type,DOM extracts,10.1038/s43247-024-01832-7,10_1038_s43247-024-01832-7.pdf,"[13353, 13365]"
software_tools,PetroOrg,10.1038/s43247-024-01832-7,10_1038_s43247-024-01832-7.pdf,"[15569, 15577]"
ionization_method,FT-ICR MS,10.1038/s43247-024-01832-7,10_1038_s43247-024-01832-7.pdf,"[16958, 16967]"
dataset_accession,https://osf.io/pwzun/,10.1038/s43247-024-01832-7,10_1038_s43247-024-01832-7.pdf,"[20282, 20303]"
dataset_accession,https://doi.org/10.17605/OSF.IO/PWZUN,10.1038/s43247-024-01832-7,10_1038_s43247-024-01832-7.pdf,"[20307, 20344]"
sample_type,clumped whale excrement,10.1038/s43247-024-01965-9,10_1038_s43247-024-01965-9.pdf,"[72, 95]"
sample_type,humpback whales (Megaptera novaeangliae),10.1038/s43247-024-01965-9,10_1038_s43247-024-01965-9.pdf,"[287, 329]"
sample_type,blue whales (Balaenoptera musculus),10.1038/s43247-024-01965-9,10_1038_s43247-024-01965-9.pdf,"[530, 567]"
instrument,ICP-MS on an iCAP RQ,10.1038/s43247-024-01965-9,10_1038_s43247-024-01965-9.pdf,"[3147, 3167]"
sample_type,dissolved iron (dFe) and copper (dCu),10.1038/s43247-024-01965-9,10_1038_s43247-024-01965-9.pdf,"[3104, 3141]"
sample_type,labile particulate Fe ([pFe] labile ) and Cu ([pCu]labile ),10.1038/s43247-024-01965-9,10_1038_s43247-024-01965-9.pdf,"[4614, 4673]"
sample_type,fecal matter,10.1038/s43247-024-01965-9,10_1038_s43247-024-01965-9.pdf,"[6309, 6321]"
sample_type,humic substances,10.1038/s43247-024-01965-9,10_1038_s43247-024-01965-9.pdf,"[7495, 7511]"
ionization_method,electrospray ionization,10.1038/s43247-024-01965-9,10_1038_s43247-024-01965-9.pdf,"[9028, 9051]"
instrument,Dionex Ultimate 3000 LC system,10.1038/s43247-024-01965-9,10_1038_s43247-024-01965-9.pdf,"[9441, 9471]"
instrument,Q-Exactive HF Orbitrap,10.1038/s43247-024-01965-9,10_1038_s43247-024-01965-9.pdf,"[10016, 10038]"
ionization_method,ESI,10.1038/s43247-024-01965-9,10_1038_s43247-024-01965-9.pdf,"[10008, 10011]"
instrument,LC-ICP-MS method,10.1038/s43247-024-01965-9,10_1038_s43247-024-01965-9.pdf,"[11267, 11283]"
ionization_method,LCESI-MS,10.1038/s43247-024-01965-9,10_1038_s43247-024-01965-9.pdf,"[11318, 11326]"
instrument,custom-built hybrid linear ion trap Fourier transform ion cyclotron resonance mass spectrometer,10.1038/s43247-024-01965-9,10_1038_s43247-024-01965-9.pdf,"[12727, 12822]"
ionization_method,heated electrospray ionization source (HESI),10.1038/s43247-024-01965-9,10_1038_s43247-024-01965-9.pdf,"[13474, 13518]"
sample_type,Cu ligands,10.1038/s43247-024-01965-9,10_1038_s43247-024-01965-9.pdf,"[13194, 13204]"
facility,National High Magnetic Field Laboratory,10.1038/s43247-024-01965-9,10_1038_s43247-024-01965-9.pdf,"[12853, 12892]"
software_tools,Freestyle (Thermo Scienti fi c),10.1038/s43247-024-01965-9,10_1038_s43247-024-01965-9.pdf,"[13901, 13932]"
instrument,Orbitrap,10.1038/s43247-024-01965-9,10_1038_s43247-024-01965-9.pdf,"[14896, 14904]"
ionization_method,LC-ESI-MS,10.1038/s43247-024-01965-9,10_1038_s43247-024-01965-9.pdf,"[14885, 14894]"
sample_type,raw data,10.1038/s43247-024-01965-9,10_1038_s43247-024-01965-9.pdf,"[14923, 14931]"
facility,Mass Spectrometry Interactive Virtual Environment (MassIVE),10.1038/s43247-024-01965-9,10_1038_s43247-024-01965-9.pdf,"[14958, 15017]"
sample_type,crude oils,10.1039/C9FD00005D,10_1039_C9FD00005D.pdf,"[1241, 1251]"
sample_type,Maya crude oil,10.1039/C9FD00005D,10_1039_C9FD00005D.pdf,"[1710, 1724]"
ionization_method,atmospheric pressure photo-ionization,10.1039/C9FD00005D,10_1039_C9FD00005D.pdf,"[7991, 8028]"
sample_type,"asphaltene, polar acidic, and polar basic species in petroleum and petroleum-derived materials",10.1039/C9FD00005D,10_1039_C9FD00005D.pdf,"[7893, 7987]"
instrument,custom-built 9.4 T 22 cm horizontal room temperature bore diameter FT-ICR mass spectrometer,10.1039/C9FD00005D,10_1039_C9FD00005D.pdf,"[9419, 9485]"
facility,National High Magnetic Field Laboratory,10.1039/C9FD00005D,10_1039_C9FD00005D.pdf,"[9550, 9589]"
software_tools,PetroOrg,10.1039/C9FD00005D,10_1039_C9FD00005D.pdf,"[9754, 9762]"
sample_type,Red oak,10.1039/C9SE00837C,10_1039_C9SE00837C.pdf,"[39, 46]"
sample_type,HDT oil,10.1039/C9SE00837C,10_1039_C9SE00837C.pdf,"[1735, 1742]"
sample_type,biocrude,10.1039/C9SE00837C,10_1039_C9SE00837C.pdf,"[2045, 2053]"
instrument,CFP unit,10.1039/C9SE00837C,10_1039_C9SE00837C.pdf,"[2002, 2010]"
sample_type,pyrolysis oil,10.1039/C9SE00837C,10_1039_C9SE00837C.pdf,"[5148, 5161]"
instrument,custom built 9.4 T FT-ICR mass spectrometer,10.1039/C9SE00837C,10_1039_C9SE00837C.pdf,"[6188, 6231]"
ionization_method,positive-ion (+) atmospheric pressure photoionization (APPI),10.1039/C9SE00837C,10_1039_C9SE00837C.pdf,"[6077, 6137]"
sample_type,Whole and fractionated bio-oil samples,10.1039/C9SE00837C,10_1039_C9SE00837C.pdf,"[5931, 5969]"
instrument,FT-ICR MS,10.1039/C9SE00837C,10_1039_C9SE00837C.pdf,"[6948, 6957]"
ionization_method,(+)APPI,10.1039/C9SE00837C,10_1039_C9SE00837C.pdf,"[6940, 6947]"
instrument,9.4 T FT-ICR-MS,10.1039/D0EM00390E,10_1039_D0EM00390E.pdf,"[1658, 1673]"
ionization_method,(+) electrospray ionization (ESI),10.1039/D0EM00390E,10_1039_D0EM00390E.pdf,"[1619, 1652]"
sample_type,Methanol extracts,10.1039/D0EM00390E,10_1039_D0EM00390E.pdf,"[1369, 1386]"
facility,National High Magnetic Field Laboratory (NHMFL),10.1039/D0EM00390E,10_1039_D0EM00390E.pdf,"[1717, 1764]"
software_tools,PetroOrg,10.1039/D0EM00390E,10_1039_D0EM00390E.pdf,"[1680, 1688]"
ionization_method,ESI,10.1039/D0EM00390E,10_1039_D0EM00390E.pdf,"[1901, 1904]"
instrument,Synrad 48-2,10.1039/D0EM00390E,10_1039_D0EM00390E.pdf,"[2192, 2203]"
ionization_method,infrared multiple photon dissociation (IRMPD),10.1039/D0EM00390E,10_1039_D0EM00390E.pdf,"[2146, 2190]"
ionization_method,IRMPD,10.1039/D0EM00390E,10_1039_D0EM00390E.pdf,"[2912, 2917]"
instrument,Illumina MiSeq,10.1039/D0EW00376J,10_1039_D0EW00376J.pdf,"[6110, 6124]"
sample_type,DNA samples,10.1039/D0EW00376J,10_1039_D0EW00376J.pdf,"[6030, 6041]"
sample_type,16S rRNA gene,10.1039/D0EW00376J,10_1039_D0EW00376J.pdf,"[6255, 6268]"
instrument,Horiba Scienti  c Aqualog,10.1039/D2EM00184E,10_1039_D2EM00184E.pdf,"[3568, 3594]"
sample_type,Samples,10.1039/D2EM00184E,10_1039_D2EM00184E.pdf,"[3764, 3771]"
instrument,21 tesla FT-ICR MS,10.1039/D2EM00184E,10_1039_D2EM00184E.pdf,"[4620, 4638]"
sample_type,Water samples,10.1039/D2EM00184E,10_1039_D2EM00184E.pdf,"[5213, 5226]"
instrument,custom-built hybrid linear ion trap FT-ICR mass spectrometer,10.1039/D2EM00184E,10_1039_D2EM00184E.pdf,"[7077, 7137]"
ionization_method,negative and positive ion electrospray ionization (ESI),10.1039/D2EM00184E,10_1039_D2EM00184E.pdf,"[6559, 6614]"
software_tools,Predator,10.1039/D2EM00184E,10_1039_D2EM00184E.pdf,"[7790, 7798]"
instrument,FT-ICR MS,10.1039/D2EM00184E,10_1039_D2EM00184E.pdf,"[9345, 9354]"
software_tools,PetroOrg,10.1039/D2EM00184E,10_1039_D2EM00184E.pdf,"[9128, 9136]"
dataset_accession,https://osf.io/t4eqx/,10.1039/D2EM00184E,10_1039_D2EM00184E.pdf,"[9423, 9444]"
sample_type,DNA,10.1039/D2EM00184E,10_1039_D2EM00184E.pdf,"[10437, 10440]"
facility,Argonne National Laboratory,10.1039/D2EM00184E,10_1039_D2EM00184E.pdf,"[10659, 10686]"
software_tools,"QIIME2 pipeline (QIIME2-2019.10), scikitlearn, vegan package",10.1039/D2EM00184E,10_1039_D2EM00184E.pdf,"[10755, 10788]"
dataset_accession,PRJNA792827,10.1039/D2EM00184E,10_1039_D2EM00184E.pdf,"[11101, 11112]"
instrument,NovaSEQ6000 platform,10.1039/D2EM00184E,10_1039_D2EM00184E.pdf,"[11795, 11815]"
sample_type,beaver pond sediment samples,10.1039/D2EM00184E,10_1039_D2EM00184E.pdf,"[11390, 11418]"
facility,"Genomics Shared Resource, Colorado Cancer Center, Denver, CO, USA",10.1039/D2EM00184E,10_1039_D2EM00184E.pdf,"[11837, 11902]"
dataset_accession,PRJNA792827,10.1039/D2EM00184E,10_1039_D2EM00184E.pdf,"[12302, 12313]"
software_tools,checkM v1.1.2,10.1039/D2EM00184E,10_1039_D2EM00184E.pdf,"[12761, 12774]"
software_tools,GTDBTk v1.3.0,10.1039/D2EM00184E,10_1039_D2EM00184E.pdf,"[12817, 12830]"
software_tools,dRep v3.0.0,10.1039/D2EM00184E,10_1039_D2EM00184E.pdf,"[12893, 12904]"
software_tools,coverM genome v0.6.0,10.1039/D2EM00184E,10_1039_D2EM00184E.pdf,"[13024, 13044]"
dataset_accession,https://doi.org/10.5281/zenodo.5806541,10.1039/D2EM00184E,10_1039_D2EM00184E.pdf,"[13241, 13279]"
instrument,NexION 250D mass spectrometer,10.1039/D2EM00184E,10_1039_D2EM00184E.pdf,"[14017, 14046]"
sample_type,Water samples,10.1039/D2EM00184E,10_1039_D2EM00184E.pdf,"[13821, 13834]"
instrument,Parr reactor (Model 4561),10.1039/D2GC01135B,10_1039_D2GC01135B.pdf,"[6725, 6750]"
sample_type,food waste slurry,10.1039/D2GC01135B,10_1039_D2GC01135B.pdf,"[6848, 6865]"
instrument,custom-built FT-ICR mass spectrometer,10.1039/D2GC01135B,10_1039_D2GC01135B.pdf,"[8898, 8935]"
ionization_method,positive-ion APPI Fourier transform ion cyclotron resonance mass spectrometry (FT-ICR MS),10.1039/D2GC01135B,10_1039_D2GC01135B.pdf,"[8767, 8856]"
sample_type,HTL biocrude,10.1039/D2GC01135B,10_1039_D2GC01135B.pdf,"[8564, 8576]"
sample_type,food waste slurry,10.1039/D2GC01135B,10_1039_D2GC01135B.pdf,"[9819, 9836]"
ionization_method,GC-MS,10.1039/D2GC01135B,10_1039_D2GC01135B.pdf,"[11111, 11116]"
sample_type,fatty acids,10.1039/D2GC01135B,10_1039_D2GC01135B.pdf,"[11282, 11293]"
sample_type,"protein, carbohydrates, and lipid degradation products from food waste",10.1039/D2GC01135B,10_1039_D2GC01135B.pdf,"[12721, 12791]"
sample_type,glycine,10.1039/D2GC01135B,10_1039_D2GC01135B.pdf,"[13028, 13035]"
sample_type,butadiene,10.1039/D2GC01135B,10_1039_D2GC01135B.pdf,"[13071, 13080]"
sample_type,formaldehyde,10.1039/D2GC01135B,10_1039_D2GC01135B.pdf,"[13126, 13138]"
sample_type,glyoxal,10.1039/D2GC01135B,10_1039_D2GC01135B.pdf,"[13140, 13147]"
sample_type,furaldehyde,10.1039/D2GC01135B,10_1039_D2GC01135B.pdf,"[13149, 13160]"
sample_type,glyceraldehyde,10.1039/D2GC01135B,10_1039_D2GC01135B.pdf,"[13166, 13180]"
sample_type,glycine decomposition,10.1039/D2GC01135B,10_1039_D2GC01135B.pdf,"[14894, 14915]"
ionization_method,GC-MS,10.1039/D2GC01135B,10_1039_D2GC01135B.pdf,"[26116, 26121]"
sample_type,algaes,10.1039/D2GC01135B,10_1039_D2GC01135B.pdf,"[31643, 31648]"
sample_type,food waste feeds,10.1039/D2GC01135B,10_1039_D2GC01135B.pdf,"[31653, 31669]"
sample_type,algae,10.1039/D2GC01135B,10_1039_D2GC01135B.pdf,"[32098, 32103]"
sample_type,biocrude,10.1039/D2GC01135B,10_1039_D2GC01135B.pdf,"[32222, 32230]"
sample_type,macromolecule decomposition products,10.1039/D2GC01135B,10_1039_D2GC01135B.pdf,"[34943, 34979]"
ionization_method,Positive ion APPI FT-ICR MS,10.1039/D2GC01135B,10_1039_D2GC01135B.pdf,"[41294, 41321]"
ionization_method,GC-MS,10.1039/D2GC01135B,10_1039_D2GC01135B.pdf,"[46523, 46528]"
instrument,FT-ICR MS,10.1039/D2GC01135B,10_1039_D2GC01135B.pdf,"[47051, 47060]"
instrument,FT-ICR-MS,10.1039/D2GC01135B,10_1039_D2GC01135B.pdf,"[49462, 49471]"
ionization_method,GC-MS,10.1039/D2SC00256F,10_1039_D2SC00256.pdf,"[560, 565]"
ionization_method,Electrospray ionization (ESI),10.1039/D2SC00256F,10_1039_D2SC00256.pdf,"[811, 840]"
ionization_method,GC-MS,10.1039/D2SC00256F,10_1039_D2SC00256.pdf,"[2104, 2109]"
ionization_method,ESI,10.1039/D2SC00256F,10_1039_D2SC00256.pdf,"[3592, 3595]"
instrument,FT-ICR-MS,10.1039/D2SC00256F,10_1039_D2SC00256.pdf,"[4807, 4816]"
ionization_method,negative ionization mode,10.1039/D2SC00256F,10_1039_D2SC00256.pdf,"[5366, 5390]"
ionization_method,ESI,10.1039/D2SC00256F,10_1039_D2SC00256.pdf,"[7834, 7837]"
sample_type,polycyclic aromatic hydrocarbons (PAHs) and other condensed aromatics,10.1039/D2SC00256F,10_1039_D2SC00256.pdf,"[7589, 7658]"
facility,ADG CRNR,10.1039/D2SC00256F,10_1039_D2SC00256.pdf,"[7670, 7678]"
ionization_method,MS techniques sensitive to lower mass ranges,10.1039/D2SC00256F,10_1039_D2SC00256.pdf,"[8745, 8789]"
sample_type,molecules,10.1039/D2SC00256F,10_1039_D2SC00256.pdf,"[9738, 9747]"
ionization_method,ESI,10.1039/D2SC00256F,10_1039_D2SC00256.pdf,"[17022, 17025]"
sample_type,autocatalytic motifs,10.1039/D2SC00256F,10_1039_D2SC00256.pdf,"[25302, 25322]"
instrument,FT-ICR-MS,10.1039/D2SC00256F,10_1039_D2SC00256.pdf,"[29480, 29489]"
instrument,FTICR-MS,10.1039/D2SC00256F,10_1039_D2SC00256.pdf,"[34209, 34217]"
instrument,Bruker Neo Avance 400,10.1039/D4SE01294A,10_1039_D4SE01294A.pdf,"[5462, 5483]"
sample_type,Solid-state 13 C NMR of lignin,10.1039/D4SE01294A,10_1039_D4SE01294A.pdf,"[5348, 5378]"
instrument,Shimadzu QP 2010 SE,10.1039/D4SE01294A,10_1039_D4SE01294A.pdf,"[8131, 8150]"
ionization_method,Gas chromatography-mass spectrometry (GC-MS),10.1039/D4SE01294A,10_1039_D4SE01294A.pdf,"[8151, 8195]"
instrument,custom-built 21T FT-ICR MS,10.1039/D4SE01294A,10_1039_D4SE01294A.pdf,"[8889, 8915]"
sample_type,biocrude products,10.1039/D4SE01294A,10_1039_D4SE01294A.pdf,"[8942, 8959]"
instrument,high-resolution FT-ICR mass spectrometer,10.1039/c4sc02268h,10_1039_c4sc02268h.pdf,"[1985, 2012]"
sample_type,fullerenes,10.1039/c4sc02268h,10_1039_c4sc02268h.pdf,"[5231, 5241]"
ionization_method,ESI,10.1039/c4sc02268h,10_1039_c4sc02268h.pdf,"[17311, 17314]"
sample_type,"some C atoms, those involved in the cage closure",10.1039/c4sc02268h,10_1039_c4sc02268h.pdf,"[34847, 34895]"
ionization_method,ESI,10.1039/c4sc02268h,10_1039_c4sc02268h.pdf,"[42619, 42622]"
instrument,FT-ICR-MS,10.1039/c4sc02268h,10_1039_c4sc02268h.pdf,"[43606, 43615]"
sample_type,He atoms,10.1039/c4sc02268h,10_1039_c4sc02268h.pdf,"[47178, 47186]"
ionization_method,ESI,10.1039/c4sc02268h,10_1039_c4sc02268h.pdf,"[49373, 49376]"
instrument,custom-built 9.4 T FT-ICR mass spectrometer,10.1039/c5cp02987b,10_1039_c5cp02987b.pdf,"[3471, 3514]"
sample_type,"Ultramark, bradykinin, angiotensin I, ubiquitin, and cytochrome c",10.1039/c5cp02987b,10_1039_c5cp02987b.pdf,"[3583, 3648]"
sample_type,HMW-NOM,10.1039/c8en00018b,10_1039_c8en00018b.pdf,"[1203, 1210]"
instrument,custom build 21 T FT-ICR-MS,10.1039/c8en00018b,10_1039_c8en00018b.pdf,"[3156, 3183]"
sample_type,NOM samples,10.1039/c8en00018b,10_1039_c8en00018b.pdf,"[3290, 3301]"
ionization_method,ESI,10.1039/c8en00018b,10_1039_c8en00018b.pdf,"[4274, 4277]"
sample_type,peaks detected on the mass spectra,10.1039/c8en00018b,10_1039_c8en00018b.pdf,"[4358, 4392]"
software_tools,PetroOrg,10.1039/c8en00018b,10_1039_c8en00018b.pdf,"[4228, 4236]"
sample_type,organic compounds,10.1039/c8en00018b,10_1039_c8en00018b.pdf,"[5046, 5063]"
sample_type,NOM-corona composition,10.1039/c8en00018b,10_1039_c8en00018b.pdf,"[6354, 6376]"
sample_type,food waste,10.1039/d0se01662d,10_1039_d0se01662d.pdf,"[19, 29]"
sample_type,catalyst materials,10.1039/d0se01662d,10_1039_d0se01662d.pdf,"[34, 52]"
instrument,Quantachrome Autosorb iQ TPX,10.1039/d0se01662d,10_1039_d0se01662d.pdf,"[2814, 2842]"
sample_type,catalyst,10.1039/d0se01662d,10_1039_d0se01662d.pdf,"[2917, 2925]"
instrument,Rigaku automatic instrument (Geigerflex),10.1039/d0se01662d,10_1039_d0se01662d.pdf,"[5287, 5326]"
sample_type,oxide catalysts,10.1039/d0se01662d,10_1039_d0se01662d.pdf,"[5152, 5167]"
software_tools,Magicplot,10.1039/d0se01662d,10_1039_d0se01662d.pdf,"[5097, 5106]"
instrument,Xplora,10.1039/d0se01662d,10_1039_d0se01662d.pdf,"[6049, 6055]"
sample_type,oxide phases present in the solid oxide catalysts,10.1039/d0se01662d,10_1039_d0se01662d.pdf,"[5960, 6009]"
instrument,inductively coupled plasma mass spectrometer (ICP-MS),10.1039/d0se01662d,10_1039_d0se01662d.pdf,"[6591, 6646]"
sample_type,catalysts,10.1039/d0se01662d,10_1039_d0se01662d.pdf,"[6693, 6702]"
sample_type,"dried feedstock, HTL solids (including catalyst), and biocrude",10.1039/d0se01662d,10_1039_d0se01662d.pdf,"[18413, 18476]"
facility,"Midwest Micro Lab, Indianapolis, IN, USA",10.1039/d0se01662d,10_1039_d0se01662d.pdf,"[18527, 18567]"
instrument,semi-micro calorimeter,10.1039/d0se01662d,10_1039_d0se01662d.pdf,"[18834, 18857]"
sample_type,dried feedstock and biocrude,10.1039/d0se01662d,10_1039_d0se01662d.pdf,"[18779, 18807]"
sample_type,Food Waste,10.1039/d0se01662d,10_1039_d0se01662d.pdf,"[19970, 19980]"
sample_type,HTL (H2),10.1039/d0se01662d,10_1039_d0se01662d.pdf,"[20184, 20194]"
sample_type,CeO2,10.1039/d0se01662d,10_1039_d0se01662d.pdf,"[20398, 20403]"
sample_type,ZrO2,10.1039/d0se01662d,10_1039_d0se01662d.pdf,"[20612, 20617]"
instrument,total organic carbon analyzer,10.1039/d0se01662d,10_1039_d0se01662d.pdf,"[21975, 22013]"
sample_type,CHTL aqueous fractions,10.1039/d0se01662d,10_1039_d0se01662d.pdf,"[21925, 21947]"
sample_type,Parent surrogate oil,10.1039/d4em00023d,10_1039_d4em00023d.pdf,"[1021, 1041]"
sample_type,Burned oil,10.1039/d4em00023d,10_1039_d4em00023d.pdf,"[1046, 1056]"
instrument,Shimadzu TOC-VCSH Total Organic Carbon Analyzer,10.1039/d4em00023d,10_1039_d4em00023d.pdf,"[3841, 3888]"
instrument,Horiba Aqualog,10.1039/d4em00023d,10_1039_d4em00023d.pdf,"[5943, 5957]"
sample_type,WAF samples,10.1039/d4em00023d,10_1039_d4em00023d.pdf,"[5861, 5872]"
sample_type,WAF samples,10.1039/d4em00023d,10_1039_d4em00023d.pdf,"[7301, 7312]"
instrument,Bruker Daltonics 10 Tesla Apex Qe,10.1039/d4em00023d,10_1039_d4em00023d.pdf,"[7776, 7809]"
ionization_method,Apollo II ESI source in negative mode,10.1039/d4em00023d,10_1039_d4em00023d.pdf,"[7932, 7978]"
sample_type,Methanolic eluents,10.1039/d4em00023d,10_1039_d4em00023d.pdf,"[7627, 7645]"
facility,College of Sciences Major Instrumentation Cluster (COSMIC),10.1039/d4em00023d,10_1039_d4em00023d.pdf,"[7824, 7882]"
software_tools,Toolbox for Environmental Research (TEnvR) in MATLAB 2022a,10.1039/d4em00023d,10_1039_d4em00023d.pdf,"[11008, 11066]"
instrument,DIB-s4PT,10.1063/1.5116925,10_1063_1_5116925.pdf,"[3038, 3046]"
instrument,quadrupole mass spectrometer,10.1063/1.5116925,10_1063_1_5116925.pdf,"[9739, 9767]"
sample_type,C + 6,10.1063/1.5116925,10_1063_1_5116925.pdf,"[10100, 10105]"
ionization_method,laser vaporization,10.1063/1.5116925,10_1063_1_5116925.pdf,"[13822, 13840]"
sample_type,C + 6,10.1063/1.5116925,10_1063_1_5116925.pdf,"[13743, 13748]"
instrument,Shimadzu IRAffinity-1S,10.1063/5.0287657,10_1063_5_0287657.pdf,"[2135, 2148]"
sample_type,nanoparticles,10.1063/5.0287657,10_1063_5_0287657.pdf,"[2230, 2243]"
sample_type,Lipases,10.1063/5.0287657,10_1063_5_0287657.pdf,"[3590, 3597]"
sample_type,Seeds and sprouts,10.1063/5.0287657,10_1063_5_0287657.pdf,"[3534, 3551]"
sample_type,lipase extracts,10.1063/5.0287657,10_1063_5_0287657.pdf,"[6114, 6129]"
sample_type,bionanofluids,10.1063/5.0287657,10_1063_5_0287657.pdf,"[6564, 6577]"
instrument,Genesys 20-Thermo scientific,10.1063/5.0287657,10_1063_5_0287657.pdf,"[7147, 7175]"
instrument,Kinexus-Pro,10.1063/5.0287657,10_1063_5_0287657.pdf,"[8412, 8424]"
sample_type,viscosity of the injection fluid,10.1063/5.0287657,10_1063_5_0287657.pdf,"[8126, 8158]"
sample_type,nanostructures,10.1063/5.0287657,10_1063_5_0287657.pdf,"[13424, 13438]"
sample_type,"silica (SiO2), alumina (Al2 O3), and magnesium (MgO)",10.1063/5.0287657,10_1063_5_0287657.pdf,"[15293, 15347]"
sample_type,lipase extracts,10.1063/5.0287657,10_1063_5_0287657.pdf,"[16559, 16574]"
sample_type,biofluids made from melon (LiMe and LiMeG) and sunflower (LiSu and LiSuG),10.1063/5.0287657,10_1063_5_0287657.pdf,"[22612, 22685]"
sample_type,Biofluid LiMe,10.1063/5.0287657,10_1063_5_0287657.pdf,"[27866, 27879]"
sample_type,Bionanofluid LiMe/SiO2,10.1063/5.0287657,10_1063_5_0287657.pdf,"[28012, 28035]"
sample_type,Bionanofluid LiMe/Al2 O3,10.1063/5.0287657,10_1063_5_0287657.pdf,"[28158, 28184]"
sample_type,Bionanofluid LiMe/MgO,10.1063/5.0287657,10_1063_5_0287657.pdf,"[28304, 28325]"
sample_type,biofluid LiMe,10.1063/5.0287657,10_1063_5_0287657.pdf,"[28596, 28609]"
sample_type,lipase molecules,10.1063/5.0287657,10_1063_5_0287657.pdf,"[33246, 33262]"
sample_type,MgO nanoparticles,10.1063/5.0287657,10_1063_5_0287657.pdf,"[33282, 33299]"
sample_type,crude oil,10.1063/5.0287657,10_1063_5_0287657.pdf,"[37202, 37211]"
sample_type,Biofluid,10.1063/5.0287657,10_1063_5_0287657.pdf,"[43390, 43398]"
sample_type,Bionanofluid LiMe/ MgO,10.1063/5.0287657,10_1063_5_0287657.pdf,"[43513, 43535]"
sample_type,Rhamnolipids,10.1063/5.0287657,10_1063_5_0287657.pdf,"[43636, 43648]"
sample_type,Typical commercial surfactant (500 - 1000 mg/L),10.1063/5.0287657,10_1063_5_0287657.pdf,"[43759, 43806]"
instrument,custom-built hybrid linear trap quadrupole 14.5-Tesla FT-ICR mass spectrometer,10.1073/pnas.1100224108,10_1073_pnas_1100224108.pdf,"[1642, 1720]"
instrument,custom-built ultrahighresolution 9.4 T FT-ICR mass spectrometer,10.1073/pnas.1315928110,10_1073_pnas_1315928110.pdf,"[304, 367]"
ionization_method,"laser vaporization (Nd:YAG laser, 532 nm)",10.1073/pnas.1315928110,10_1073_pnas_1315928110.pdf,"[136, 177]"
sample_type,"Na carbon, C60-coated carbon, or fullerene -PAH target rods",10.1073/pnas.1315928110,10_1073_pnas_1315928110.pdf,"[181, 240]"
sample_type,C60,10.1073/pnas.1315928110,10_1073_pnas_1315928110.pdf,"[4138, 4141]"
instrument,autoanalyzer (AA3; Bran and Luebbe),10.1073/pnas.1714597115,10_1073_pnas_1714597115.pdf,"[2273, 2308]"
facility,Ghent University (Belgium),10.1073/pnas.1714597115,10_1073_pnas_1714597115.pdf,"[2058, 2084]"
instrument,TOC-analyzer (Shimadzu),10.1073/pnas.1714597115,10_1073_pnas_1714597115.pdf,"[3882, 3904]"
sample_type,samples,10.1073/pnas.1714597115,10_1073_pnas_1714597115.pdf,"[4058, 4065]"
sample_type,nitrogen-inorganic forms,10.1073/pnas.1714597115,10_1073_pnas_1714597115.pdf,"[14761, 14786]"
software_tools,Methods of Soil Analysis. Part 3 - Chemical Methods,10.1073/pnas.1714597115,10_1073_pnas_1714597115.pdf,"[14806, 14856]"
instrument,21 Tesla Fourier transform ion cyclotron resonance mass spectrometer,10.1073/pnas.1714597115,10_1073_pnas_1714597115.pdf,"[15806, 15874]"
sample_type,highresolution mass data of natural organic matter,10.1073/pnas.1714597115,10_1073_pnas_1714597115.pdf,"[16105, 16155]"
instrument,Waters AutoSpec Premier double-sector mass spectrometer,10.1073/pnas.1803866115,10_1073_pnas_1803866115.pdf,"[299, 354]"
sample_type,Hydrocarbons,10.1073/pnas.1803866115,10_1073_pnas_1803866115.pdf,"[267, 279]"
facility,Australian National University (ANU),10.1073/pnas.1803866115,10_1073_pnas_1803866115.pdf,"[136, 172]"
sample_type,suspended particulate organic matter (SPOM),10.1073/pnas.1803866115,10_1073_pnas_1803866115.pdf,"[8515, 8558]"
instrument,mass spectrometer,10.1073/pnas.1803866115,10_1073_pnas_1803866115.pdf,"[15291, 15308]"
ionization_method,stable nitrogen and carbon isotope analyses,10.1073/pnas.1803866115,10_1073_pnas_1803866115.pdf,"[15313, 15356]"
sample_type,elemental analyzer/isotope ratio mass spectrometer,10.1073/pnas.1803866115,10_1073_pnas_1803866115.pdf,"[15258, 15308]"
instrument,isotope ratio mass spectrometer,10.1073/pnas.2504769122,10_1073_pnas_2504769122.pdf,"[3078, 3109]"
sample_type,POC concentration,10.1073/pnas.2504769122,10_1073_pnas_2504769122.pdf,"[2800, 2817]"
sample_type,WEOM Leachate from Sinking POM,10.1073/pnas.2504769122,10_1073_pnas_2504769122.pdf,"[5284, 5314]"
instrument,FT-ICR MS,10.1073/pnas.2504769122,10_1073_pnas_2504769122.pdf,"[10667, 10677]"
ionization_method,negative-ion electrospray ionization,10.1073/pnas.2504769122,10_1073_pnas_2504769122.pdf,"[10757, 10794]"
ionization_method,negative -ion formation,10.1073/pnas.2504769122,10_1073_pnas_2504769122.pdf,"[10905, 10928]"
software_tools,PetroOrg,10.1073/pnas.2504769122,10_1073_pnas_2504769122.pdf,"[11609, 11617]"
sample_type,marine organic matter,10.1073/pnas.2504769122,10_1073_pnas_2504769122.pdf,"[16706, 16727]"
instrument,21 Tesla Fourier transform ion cyclotron resonance mass spectrometer,10.1073/pnas.2504769122,10_1073_pnas_2504769122.pdf,"[34854, 34922]"
sample_type,ultrahigh resolution mass analysis,10.1073/pnas.2504769122,10_1073_pnas_2504769122.pdf,"[34948, 34982]"
instrument,21 Tesla FT -ICR mass spectrometer,10.1073/pnas.2504769122,10_1073_pnas_2504769122.pdf,"[35118, 35152]"
sample_type,complex organic mixtures,10.1073/pnas.2504769122,10_1073_pnas_2504769122.pdf,"[35191, 35215]"
instrument,LTQ Velos,10.1074/jbc.M116.719591,10_1074_jbc_M116_719591.pdf,"[2390, 2399]"
ionization_method,electrospray ionization,10.1074/jbc.M116.719591,10_1074_jbc_M116_719591.pdf,"[2302, 2325]"
sample_type,protein,10.1074/jbc.M116.719591,10_1074_jbc_M116_719591.pdf,"[2953, 2960]"
sample_type,Cells,10.1074/mcp.M114.046441,10_1074_mcp_M114_046441.pdf,"[1196, 1201]"
instrument,Dionex UltiMate 3000 × 2 Dual Analytical system,10.1074/mcp.M114.046441,10_1074_mcp_M114_046441.pdf,"[3277, 3324]"
sample_type,Extracted histones,10.1074/mcp.M114.046441,10_1074_mcp_M114_046441.pdf,"[3359, 3377]"
instrument,custom-built Fourier transform ion cyclotron resonance (FT-ICR) mass spectrometer,10.1074/mcp.M114.046441,10_1074_mcp_M114_046441.pdf,"[4163, 4244]"
ionization_method,ESI,10.1074/mcp.M114.046441,10_1074_mcp_M114_046441.pdf,"[4347, 4350]"
ionization_method,ECD,10.1074/mcp.M114.046441,10_1074_mcp_M114_046441.pdf,"[4837, 4840]"
sample_type,histone variants,10.1074/mcp.M114.046441,10_1074_mcp_M114_046441.pdf,"[5982, 5998]"
software_tools,"Young Algorithm, Internal Release June 2014",10.1074/mcp.M114.046441,10_1074_mcp_M114_046441.pdf,"[6104, 6147]"
sample_type,proteoforms,10.1074/mcp.M114.046441,10_1074_mcp_M114_046441.pdf,"[6952, 6963]"
ionization_method,absorption-mode ECD,10.1074/mcp.M114.046441,10_1074_mcp_M114_046441.pdf,"[7440, 7459]"
sample_type,proteoforms,10.1074/mcp.M114.046441,10_1074_mcp_M114_046441.pdf,"[8513, 8524]"
software_tools,"ANOVA tests, t-tests",10.1074/mcp.M114.046441,10_1074_mcp_M114_046441.pdf,"[8856, 8867]"
sample_type,BEAS-2B and HeLa cells,10.1074/mcp.M116.058412,10_1074_mcp_M116_058412.pdf,"[28, 44]"
instrument,Dionex UltiMate 3000 × 2 Dual Analytical system,10.1074/mcp.M116.058412,10_1074_mcp_M116_058412.pdf,"[2136, 2183]"
sample_type,Histones,10.1074/mcp.M116.058412,10_1074_mcp_M116_058412.pdf,"[2329, 2337]"
instrument,custom-built 9.4 Tesla FT-ICR mass spectrometer,10.1074/mcp.M116.058412,10_1074_mcp_M116_058412.pdf,"[2934, 2981]"
ionization_method,positive electrospray ionization,10.1074/mcp.M116.058412,10_1074_mcp_M116_058412.pdf,"[2986, 3018]"
sample_type,qRT-PCRRNA,10.1074/mcp.M116.058412,10_1074_mcp_M116_058412.pdf,"[3986, 3996]"
sample_type,cDNA,10.1074/mcp.M116.058412,10_1074_mcp_M116_058412.pdf,"[4261, 4265]"
sample_type,EMT markers,10.1074/mcp.M116.058412,10_1074_mcp_M116_058412.pdf,"[4694, 4705]"
sample_type,haze analogues,10.1089/ast.2022.0021,10_1089_ast_2022_0021.pdf,"[60, 74]"
instrument,21 Tesla Fourier transform ion cyclotron resonance mass spectrometer,10.1089/ast.2022.0021,10_1089_ast_2022_0021.pdf,"[958, 1026]"
instrument,Fourier transform ion cyclotron resonance mass spectrometer,10.1089/ast.2022.0021,10_1089_ast_2022_0021.pdf,"[3433, 3492]"
ionization_method,micro electrospray,10.1089/ast.2022.0021,10_1089_ast_2022_0021.pdf,"[3635, 3653]"
ionization_method,electrospray (ESI),10.1089/ast.2022.0021,10_1089_ast_2022_0021.pdf,"[4286, 4304]"
ionization_method,positive ion ESI,10.1089/ast.2022.0021,10_1089_ast_2022_0021.pdf,"[5435, 5451]"
sample_type,the methanol-soluble fraction of the initial sample before aging,10.1089/ast.2022.0021,10_1089_ast_2022_0021.pdf,"[5456, 5520]"
instrument,21 T FT-ICR MS,10.1089/ast.2022.0021,10_1089_ast_2022_0021.pdf,"[6293, 6307]"
sample_type,initial sample extracted in methanol,10.1089/ast.2022.0021,10_1089_ast_2022_0021.pdf,"[6236, 6272]"
sample_type,Experimentally measured masses,10.1089/ast.2022.0021,10_1089_ast_2022_0021.pdf,"[6356, 6388]"
instrument,Nicolet 6700 FTIR from Thermo,10.1089/ast.2022.0021,10_1089_ast_2022_0021.pdf,"[8184, 8213]"
sample_type,The samples,10.1089/ast.2022.0021,10_1089_ast_2022_0021.pdf,"[8873, 8884]"
instrument,FLASH 2000,10.1089/ast.2022.0021,10_1089_ast_2022_0021.pdf,"[9055, 9066]"
sample_type,bulk sample,10.1089/ast.2022.0021,10_1089_ast_2022_0021.pdf,"[9014, 9026]"
instrument,Fourier-transform (FT) mass spectrometer,10.1101/455527,10_1101_455527.pdf,"[843, 886]"
sample_type,recombinant full-length human p53 (rp53),10.1101/455527,10_1101_455527.pdf,"[658, 698]"
instrument,Orbitrap Fusion Lumos,10.1101/455527,10_1101_455527.pdf,"[1015, 1036]"
ionization_method,electrospray ionization (ESI),10.1101/455527,10_1101_455527.pdf,"[1164, 1193]"
instrument,21 Tesla Fourier Transform - Ion Cyclotron Resonance,10.1101/455527,10_1101_455527.pdf,"[2215, 2276]"
sample_type,intact rp53 protein sequence,10.1101/455527,10_1101_455527.pdf,"[1814, 1835]"
facility,National High Magnetic Field Laboratory,10.1101/455527,10_1101_455527.pdf,"[2308, 2347]"
sample_type,intact rp53,10.1101/455527,10_1101_455527.pdf,"[2506, 2517]"
software_tools,Xtract algorithm,10.1101/455527,10_1101_455527.pdf,"[2799, 2815]"
sample_type,rp53 modforms,10.1101/455527,10_1101_455527.pdf,"[3386, 3399]"
instrument,Orbitrap Fusion Lumos,10.1101/455527,10_1101_455527.pdf,"[4232, 4253]"
software_tools,ReSpect™ algorithm,10.1101/455527,10_1101_455527.pdf,"[4423, 4441]"
instrument,Orbitrap Fusion Lumos,10.1101/455527,10_1101_455527.pdf,"[5482, 5503]"
ionization_method,LC-MS/MS,10.1101/455527,10_1101_455527.pdf,"[5180, 5188]"
software_tools,Mascot,10.1101/455527,10_1101_455527.pdf,"[5536, 5542]"
sample_type,proteins,10.1101/455527,10_1101_455527.pdf,"[5762, 5770]"
sample_type,phospho-rp53 modforms,10.1101/455527,10_1101_455527.pdf,"[7033, 7055]"
instrument,Orbitrap Fusion Lumos,10.1101/455527,10_1101_455527.pdf,"[7766, 7787]"
sample_type,rp53 digestion products,10.1101/455527,10_1101_455527.pdf,"[8324, 8347]"
ionization_method,HCD,10.1101/455527,10_1101_455527.pdf,"[9310, 9313]"
sample_type,peptide fragments,10.1101/455527,10_1101_455527.pdf,"[8946, 8963]"
instrument,Orbitrap Fusion Lumos,10.1101/455527,10_1101_455527.pdf,"[13083, 13104]"
ionization_method,electrospray ionization,10.1101/455527,10_1101_455527.pdf,"[12857, 12880]"
instrument,Fusion Lumos,10.1101/455527,10_1101_455527.pdf,"[13982, 13994]"
ionization_method,TD LC-MS/MS,10.1101/455527,10_1101_455527.pdf,"[13948, 13959]"
sample_type,intact and phosphorylated rp53 modforms generated by Chk1 kinase in vitro,10.1101/455527,10_1101_455527.pdf,"[14090, 14165]"
sample_type,intact mass,10.1101/455527,10_1101_455527.pdf,"[14433, 14445]"
instrument,Orbitrap Fusion Lumos,10.1101/455527,10_1101_455527.pdf,"[15729, 15750]"
sample_type,p53 populations,10.1101/455527,10_1101_455527.pdf,"[18738, 18753]"
sample_type,recombinant p53,10.1101/455527,10_1101_455527.pdf,"[26044, 26059]"
software_tools,SDS-PAGE,10.1101/455527,10_1101_455527.pdf,"[26821, 26830]"
software_tools,Pro-Q Diamond phosphoprotein gel stain,10.1101/455527,10_1101_455527.pdf,"[26858, 26896]"
software_tools,SYPRO Ruby fluorescent protein stain,10.1101/455527,10_1101_455527.pdf,"[26928, 26964]"
sample_type,"unmodified, phosphorylated, and kinase-free control rp53",10.1101/455527,10_1101_455527.pdf,"[27467, 27526]"
sample_type,Samples,10.1101/455527,10_1101_455527.pdf,"[28267, 28274]"
facility,"NRTDP (Evanston, IL)",10.1101/455527,10_1101_455527.pdf,"[28516, 28536]"
facility,"NHMFL (Tallahassee, FL)",10.1101/455527,10_1101_455527.pdf,"[28558, 28581]"
instrument,Orbitrap Fusion Lumos,10.1101/455527,10_1101_455527.pdf,"[31513, 31534]"
ionization_method,LC-MS/MS,10.1101/455527,10_1101_455527.pdf,"[31664, 31672]"
sample_type,Intact rp53,10.1101/455527,10_1101_455527.pdf,"[31576, 31587]"
instrument,Orbitrap Fusion Lumos,10.1101/455527,10_1101_455527.pdf,"[32793, 32816]"
ionization_method,nanoelectrospray (nanoESI),10.1101/455527,10_1101_455527.pdf,"[32581, 32607]"
ionization_method,high-energy collisional dissociation (HCD),10.1101/455527,10_1101_455527.pdf,"[33380, 33422]"
ionization_method,collision-induced dissociation (CID),10.1101/455527,10_1101_455527.pdf,"[33566, 33604]"
ionization_method,high capacity electron transfer dissociation (ETD),10.1101/455527,10_1101_455527.pdf,"[33691, 33741]"
sample_type,Middle-down proteomics samples,10.1101/455527,10_1101_455527.pdf,"[33999, 34021]"
instrument,Orbitrap Fusion Lumos,10.1101/455527,10_1101_455527.pdf,"[34371, 34392]"
instrument,Orbitrap Fusion Lumos,10.1101/455527,10_1101_455527.pdf,"[35927, 35948]"
sample_type,bottom-up proteomics,10.1101/455527,10_1101_455527.pdf,"[35489, 35509]"
instrument,Orbitrap,10.1101/455527,10_1101_455527.pdf,"[37095, 37103]"
instrument,21 Tesla FT-ICR mass spectrometer,10.1101/455527,10_1101_455527.pdf,"[37373, 37406]"
sample_type,"intact unmodified, phosphorylated, and kinase-free rp53",10.1101/455527,10_1101_455527.pdf,"[37446, 37501]"
facility,NHMFL,10.1101/455527,10_1101_455527.pdf,"[37568, 37573]"
instrument,21 T FT-ICR,10.1101/455527,10_1101_455527.pdf,"[38671, 38682]"
ionization_method,nanoESI,10.1101/455527,10_1101_455527.pdf,"[38496, 38503]"
ionization_method,source-induced dissociation (SID),10.1101/455527,10_1101_455527.pdf,"[39231, 39264]"
ionization_method,"(f)ETD (c,z), HCD (b,y), or CID (b,y)",10.1101/455527,10_1101_455527.pdf,"[41048, 41085]"
sample_type,unmodified or Chk1-phosphorylated rp53 peptides,10.1101/455527,10_1101_455527.pdf,"[41168, 41215]"
sample_type,tryptic peptides,10.1101/455527,10_1101_455527.pdf,"[42312, 42328]"
sample_type,rp53 phosphorylation sites,10.1101/455527,10_1101_455527.pdf,"[42917, 42943]"
software_tools,Xtract algorithm,10.1101/455527,10_1101_455527.pdf,"[43677, 43693]"
sample_type,phospho-rp53 modforms,10.1101/455527,10_1101_455527.pdf,"[44908, 44929]"
sample_type,intact rp53,10.1101/455527,10_1101_455527.pdf,"[46036, 46047]"
instrument,Orbitrap Fusion Lumos,10.1101/455527,10_1101_455527.pdf,"[48498, 48519]"
ionization_method,TD LC-MS/MS,10.1101/455527,10_1101_455527.pdf,"[48480, 48491]"
sample_type,in vitro phosphorylated recombinant human p53 (rp53),10.1101/455527,10_1101_455527.pdf,"[48414, 48467]"
software_tools,ReSpect™ algorithm in BioPharma Finder,10.1101/455527,10_1101_455527.pdf,"[48699, 48739]"
ionization_method,top-down mass spectrometry,10.1101/455527,10_1101_455527.pdf,"[49057, 49083]"
sample_type,phospho-rp53 modforms,10.1101/455527,10_1101_455527.pdf,"[49472, 49484]"
sample_type,Near-surface water samples,10.1111/1462-2920.14344,10_1111_1462-2920_14344.pdf,"[28, 54]"
sample_type,RNA,10.1111/1462-2920.14344,10_1111_1462-2920_14344.pdf,"[1587, 1590]"
sample_type,RNA,10.1111/1462-2920.14344,10_1111_1462-2920_14344.pdf,"[1912, 1915]"
instrument,CyAn Flow Cytometer,10.1111/1462-2920.14344,10_1111_1462-2920_14344.pdf,"[9032, 9051]"
sample_type,Samples of 0.6 ml,10.1111/1462-2920.14344,10_1111_1462-2920_14344.pdf,"[8697, 8714]"
instrument,9.4 T Fourier transform ion cyclotron resonance mass spectrometer,10.1111/1462-2920.14344,10_1111_1462-2920_14344.pdf,"[10429, 10494]"
ionization_method,electrospray ionization (ESI); negative mode,10.1111/1462-2920.14344,10_1111_1462-2920_14344.pdf,"[10500, 10543]"
sample_type,DOM extracts (200 mg C L -1 in methanol),10.1111/1462-2920.14344,10_1111_1462-2920_14344.pdf,"[10367, 10407]"
facility,"National ICR Users ' Facility at the National High Magnetic Field Laboratory (NHMFL, Florida State University, Tallahassee, FL, USA)",10.1111/1462-2920.14344,10_1111_1462-2920_14344.pdf,"[10552, 10684]"
ionization_method,ESI,10.1111/1462-2920.14344,10_1111_1462-2920_14344.pdf,"[11094, 11097]"
sample_type,Samples,10.1111/1462-2920.14344,10_1111_1462-2920_14344.pdf,"[11064, 11071]"
sample_type,water samples,10.1111/gcb.14889,10_1111_gcb_14889.pdf,"[5082, 5095]"
sample_type,streamwater,10.1111/gcb.14889,10_1111_gcb_14889.pdf,"[6435, 6446]"
instrument,Shimadzu TOC-L CPH,10.1111/gcb.14889,10_1111_gcb_14889.pdf,"[7251, 7269]"
sample_type,water samples,10.1111/gcb.14889,10_1111_gcb_14889.pdf,"[7097, 7111]"
instrument,21tesla FT-ICR MS,10.1111/gcb.14889,10_1111_gcb_14889.pdf,"[8082, 8101]"
ionization_method,Fourier transform ion cyclotron resonance mass spectrometry (FT-ICR MS),10.1111/gcb.14889,10_1111_gcb_14889.pdf,"[7560, 7637]"
facility,National High Magnetic Field Laboratory (NHMFL) at Florida State University,10.1111/gcb.14889,10_1111_gcb_14889.pdf,"[8112, 8195]"
ionization_method,negative electrospray ionization,10.1111/gcb.14889,10_1111_gcb_14889.pdf,"[8387, 8419]"
software_tools,EnviroOrg,10.1111/gcb.14889,10_1111_gcb_14889.pdf,"[8615, 8624]"
ionization_method,FT-ICR MS,10.1111/gcb.14889,10_1111_gcb_14889.pdf,"[9868, 9877]"
instrument,Thermo Delta V Isotope Ratio Mass Spectrometer,10.1111/gcb.14889,10_1111_gcb_14889.pdf,"[10412, 10458]"
sample_type,DIC concentrations and δ 13 C-DIC values,10.1111/gcb.14889,10_1111_gcb_14889.pdf,"[10104, 10147]"
facility,Florida State University,10.1111/gcb.14889,10_1111_gcb_14889.pdf,"[10462, 10486]"
software_tools,CO2Calc program,10.1111/gcb.14889,10_1111_gcb_14889.pdf,"[10791, 10806]"
software_tools,fouriertransform Python package,10.1111/gcb.14889,10_1111_gcb_14889.pdf,"[11676, 11708]"
instrument,FT-ICR MS,10.1111/gcb.14889,10_1111_gcb_14889.pdf,"[25575, 25584]"
sample_type,annual DOM composition,10.1111/gcb.14889,10_1111_gcb_14889.pdf,"[25362, 25384]"
sample_type,Dissolved organic matter,10.1111/gcb.14889,10_1111_gcb_14889.pdf,"[27101, 27125]"
sample_type,organic-rich surface soils,10.1111/gcb.14889,10_1111_gcb_14889.pdf,"[33300, 33326]"
instrument,FT-ICR MS,10.1111/gcb.14889,10_1111_gcb_14889.pdf,"[40906, 40915]"
sample_type,DOM,10.1111/gcb.14889,10_1111_gcb_14889.pdf,"[41009, 41012]"
sample_type,compounds comprised primarily of CHO,10.1111/gcb.14889,10_1111_gcb_14889.pdf,"[43758, 43784]"
sample_type,DOM,10.1111/gcb.14889,10_1111_gcb_14889.pdf,"[46562, 46565]"
instrument,FT-ICR MS,10.1111/gcb.14889,10_1111_gcb_14889.pdf,"[51254, 51264]"
instrument,Autosal salinometer,10.1126/sciadv.abn0035,10_1126_sciadv_abn0035.pdf,"[5413, 5432]"
sample_type,Salinity,10.1126/sciadv.abn0035,10_1126_sciadv_abn0035.pdf,"[5385, 5393]"
instrument,Winkler titration system,10.1126/sciadv.abn0035,10_1126_sciadv_abn0035.pdf,"[5490, 5514]"
sample_type,Dissolved oxygen concentration,10.1126/sciadv.abn0035,10_1126_sciadv_abn0035.pdf,"[5438, 5468]"
instrument,Alpkem RFA-300 autoanalyzer,10.1126/sciadv.abn0035,10_1126_sciadv_abn0035.pdf,"[5581, 5608]"
sample_type,Silicate,10.1126/sciadv.abn0035,10_1126_sciadv_abn0035.pdf,"[5516, 5524]"
instrument,custom-made purge-and-trap system,10.1126/sciadv.abn0035,10_1126_sciadv_abn0035.pdf,"[5841, 5874]"
instrument,Varian gas chromatograph,10.1126/sciadv.abn0035,10_1126_sciadv_abn0035.pdf,"[6228, 6252]"
sample_type,water,10.1126/sciadv.abn0035,10_1126_sciadv_abn0035.pdf,"[8137, 8142]"
facility,the laboratory,10.1126/sciadv.abn0035,10_1126_sciadv_abn0035.pdf,"[8636, 8650]"
instrument,Aurora 1030C,10.1126/sciadv.abn0035,10_1126_sciadv_abn0035.pdf,"[10493, 10505]"
ionization_method,ESI,10.1126/sciadv.abn0035,10_1126_sciadv_abn0035.pdf,"[10857, 10860]"
sample_type,DOM pool,10.1126/sciadv.abn0035,10_1126_sciadv_abn0035.pdf,"[10823, 10831]"
instrument,9.4-T ESI-FT-ICRMS,10.1126/sciadv.abn0035,10_1126_sciadv_abn0035.pdf,"[11502, 11520]"
ionization_method,ESI,10.1126/sciadv.abn0035,10_1126_sciadv_abn0035.pdf,"[11508, 11511]"
sample_type,Water samples,10.1126/sciadv.abn0035,10_1126_sciadv_abn0035.pdf,"[11037, 11050]"
facility,"National High Magnetic Field Laboratory (Tallahassee, FL)",10.1126/sciadv.abn0035,10_1126_sciadv_abn0035.pdf,"[11528, 11585]"
software_tools,EnviroOrg,10.1126/sciadv.abn0035,10_1126_sciadv_abn0035.pdf,"[11725, 11734]"
ionization_method,ESI,10.1126/sciadv.abn0035,10_1126_sciadv_abn0035.pdf,"[13436, 13439]"
instrument,Cary Eclipse spectrofluorometer,10.1126/sciadv.abn0035,10_1126_sciadv_abn0035.pdf,"[14456, 14487]"
ionization_method,ESI-FT-ICR-MS,10.1126/sciadv.abn0035,10_1126_sciadv_abn0035.pdf,"[15323, 15336]"
sample_type,16 S ribosomal RNA (rRNA) gene,10.1126/sciadv.abn0035,10_1126_sciadv_abn0035.pdf,"[15278, 15308]"
sample_type,DNA,10.1126/sciadv.abn0035,10_1126_sciadv_abn0035.pdf,"[15517, 15520]"
instrument,Qubit 2.0 fluorometer,10.1126/sciadv.abn0035,10_1126_sciadv_abn0035.pdf,"[15590, 15611]"
software_tools,DADA2 pipeline,10.1126/sciadv.abn0035,10_1126_sciadv_abn0035.pdf,"[16571, 16585]"
software_tools,R software v.3.6.2,10.1126/sciadv.abn0035,10_1126_sciadv_abn0035.pdf,"[16633, 16651]"
facility,National Center for Biotechnology Information,10.1126/sciadv.abn0035,10_1126_sciadv_abn0035.pdf,"[18155, 18200]"
dataset_accession,PRJNA598915,10.1126/sciadv.abn0035,10_1126_sciadv_abn0035.pdf,"[18202, 18213]"
software_tools,Tri-carb 2800TR scintillation counter,10.1126/sciadv.abn0035,10_1126_sciadv_abn0035.pdf,"[18826, 18855]"
ionization_method,ESI-FT-ICR-MS,10.1126/sciadv.abn0035,10_1126_sciadv_abn0035.pdf,"[20373, 20386]"
sample_type,proteins,10.1126/science.aaz5284,10_1126_science_aaz5284.pdf,"[1807, 1815]"
ionization_method,liquid chromatography tandem mass spectrometry (LC-MS/MS),10.1126/science.aaz5284,10_1126_science_aaz5284.pdf,"[4463, 4520]"
sample_type,proteoforms,10.1126/science.aaz5284,10_1126_science_aaz5284.pdf,"[5006, 5017]"
sample_type,cell populations,10.1126/science.aaz5284,10_1126_science_aaz5284.pdf,"[8033, 8049]"
sample_type,differentiated cell types,10.1126/science.aaz5284,10_1126_science_aaz5284.pdf,"[8505, 8530]"
sample_type,"monocytes, macrophages, and dendritic cells",10.1126/science.aaz5284,10_1126_science_aaz5284.pdf,"[8665, 8708]"
sample_type,"lymphoid lineage cells [T cells, B cells, and natural killer (NK) cells]",10.1126/science.aaz5284,10_1126_science_aaz5284.pdf,"[8729, 8801]"
sample_type,Cell types isolated from human bone marrow,10.1126/science.aaz5284,10_1126_science_aaz5284.pdf,"[68737, 68779]"
ionization_method,label-free TDP,10.1126/science.aaz5284,10_1126_science_aaz5284.pdf,"[68876, 68890]"
sample_type,peripheral blood mononuclear cells,10.1126/science.aaz5284,10_1126_science_aaz5284.pdf,"[74023, 74057]"
dataset_accession,PXD026123,10.1126/science.aaz5284,10_1126_science_aaz5284.pdf,"[87984, 87993]"
dataset_accession,PXD026178,10.1126/science.aaz5284,10_1126_science_aaz5284.pdf,"[87997, 88006]"
sample_type,plaques,10.1128/mBio.01202-18,10_1128_mBio_01202-18.pdf,"[3769, 3776]"
sample_type,V. vulnificus,10.1128/mBio.01202-18,10_1128_mBio_01202-18.pdf,"[4816, 4829]"
sample_type,Halobacteriovorax,10.1128/mBio.01202-18,10_1128_mBio_01202-18.pdf,"[5158, 5175]"
sample_type,phages,10.1128/mBio.01202-18,10_1128_mBio_01202-18.pdf,"[5178, 5184]"
software_tools,MatLab,10.1128/mBio.01202-18,10_1128_mBio_01202-18.pdf,"[6456, 6462]"
sample_type,Halobacteriovorax and V. vulnificus,10.1128/mBio.01202-18,10_1128_mBio_01202-18.pdf,"[9549, 9584]"
sample_type,Halobacteriovorax and phage,10.1128/mBio.01202-18,10_1128_mBio_01202-18.pdf,"[10786, 10813]"
sample_type,Fremyella diplosiphon B481-SD strain,10.1186/s12934-023-02113-2,10_1186_s12934-023-02113-2.pdf,"[96, 133]"
instrument,Innova 44R shaker (Eppendorf),10.1186/s12934-023-02113-2,10_1186_s12934-023-02113-2.pdf,"[475, 506]"
sample_type,Total lipids,10.1186/s12934-023-02113-2,10_1186_s12934-023-02113-2.pdf,"[2029, 2041]"
sample_type,glycolipids in neutral lipids and the layered membrane surrounding the lipid droplets,10.1186/s12934-023-02113-2,10_1186_s12934-023-02113-2.pdf,"[3665, 3750]"
sample_type,Nile Red,10.1186/s12934-023-02113-2,10_1186_s12934-023-02113-2.pdf,"[4712, 4720]"
instrument,Transmission Electron Microscope (TEM) Philips Tecnai 10,10.1186/s12934-023-02113-2,10_1186_s12934-023-02113-2.pdf,"[7068, 7124]"
sample_type,Ultrathin sections,10.1186/s12934-023-02113-2,10_1186_s12934-023-02113-2.pdf,"[7025, 7044]"
sample_type,humic acids,10.1186/s40538-025-00789-9,10_1186_s40538-025-00789-9.pdf,"[29, 40]"
instrument,custom-built 9.4 T FT-ICR mass spectrometer,10.1186/s40538-025-00789-9,10_1186_s40538-025-00789-9.pdf,"[1603, 1646]"
ionization_method,Fourier transform ion cyclotron resonance mass spectrometry (FT-ICR MS),10.1186/s40538-025-00789-9,10_1186_s40538-025-00789-9.pdf,"[1528, 1599]"
sample_type,HA sample,10.1186/s40538-025-00789-9,10_1186_s40538-025-00789-9.pdf,"[1822, 1831]"
facility,National High  Magnetic  Field Laboratory,10.1186/s40538-025-00789-9,10_1186_s40538-025-00789-9.pdf,"[1654, 1695]"
ionization_method,ESI,10.1186/s40538-025-00789-9,10_1186_s40538-025-00789-9.pdf,"[2246, 2249]"
sample_type,HA sample,10.1186/s40538-025-00789-9,10_1186_s40538-025-00789-9.pdf,"[1986, 1996]"
sample_type,Mass peaks,10.1186/s40538-025-00789-9,10_1186_s40538-025-00789-9.pdf,"[2759, 2770]"
software_tools,PetroOrg,10.1186/s40538-025-00789-9,10_1186_s40538-025-00789-9.pdf,"[2884, 2892]"
sample_type,corn,10.1186/s40538-025-00789-9,10_1186_s40538-025-00789-9.pdf,"[4106, 4110]"
instrument,handheld fluorometer MultiSpeQ V 2.0,10.1186/s40538-025-00789-9,10_1186_s40538-025-00789-9.pdf,"[6914, 6950]"
sample_type,Corn photosynthesis,10.1186/s40538-025-00789-9,10_1186_s40538-025-00789-9.pdf,"[6870, 6889]"
sample_type,microsomal fraction,10.1186/s40538-025-00789-9,10_1186_s40538-025-00789-9.pdf,"[8266, 8286]"
sample_type,plant material,10.1186/s40538-025-00789-9,10_1186_s40538-025-00789-9.pdf,"[8309, 8324]"
sample_type,Superoxide,10.1186/s40538-025-00789-9,10_1186_s40538-025-00789-9.pdf,"[11266, 11276]"
sample_type,Hydrogen peroxide,10.1186/s40538-025-00789-9,10_1186_s40538-025-00789-9.pdf,"[11296, 11314]"
sample_type,Nitric oxide,10.1186/s40538-025-00789-9,10_1186_s40538-025-00789-9.pdf,"[11168, 11180]"
sample_type,Antioxidant capacity,10.1186/s40538-025-00789-9,10_1186_s40538-025-00789-9.pdf,"[11880, 11901]"
sample_type,total RNA,10.1186/s40538-025-00789-9,10_1186_s40538-025-00789-9.pdf,"[13848, 13858]"
sample_type,Roots samples,10.1186/s40538-025-00789-9,10_1186_s40538-025-00789-9.pdf,"[13810, 13824]"
sample_type,Plant roots,10.1186/s40538-025-00789-9,10_1186_s40538-025-00789-9.pdf,"[14080, 14091]"
software_tools,NanoDrop 2000c spectrophotometer,10.1186/s40538-025-00789-9,10_1186_s40538-025-00789-9.pdf,"[15586, 15620]"
instrument,StepOnePlusTM thermocycler,10.1186/s40538-025-00789-9,10_1186_s40538-025-00789-9.pdf,"[16301, 16327]"
sample_type,total cDNA derived from RNA samples,10.1186/s40538-025-00789-9,10_1186_s40538-025-00789-9.pdf,"[16354, 16389]"
software_tools,GraphPad Prism version 10.3.1,10.1186/s40538-025-00789-9,10_1186_s40538-025-00789-9.pdf,"[17478, 17507]"
sample_type,His-Tev-AIMP3,10.1371/journal.pone.0181869,10_1371_journal_pone_0181869.pdf,"[60, 73]"
sample_type,His-Strep-TrxA-LmnA,10.1371/journal.pone.0181869,10_1371_journal_pone_0181869.pdf,"[78, 97]"
sample_type,HDX samples,10.1371/journal.pone.0181869,10_1371_journal_pone_0181869.pdf,"[1901, 1912]"
ionization_method,LC-ESI,10.1371/journal.pone.0181869,10_1371_journal_pone_0181869.pdf,"[3121, 3127]"
sample_type,AIMP3 peptide (with and without LmnA),10.1371/journal.pone.0181869,10_1371_journal_pone_0181869.pdf,"[3162, 3199]"
instrument,Velos Pro,10.1371/journal.pone.0181869,10_1371_journal_pone_0181869.pdf,"[4555, 4564]"
ionization_method,electrospray ionization (ESI),10.1371/journal.pone.0181869,10_1371_journal_pone_0181869.pdf,"[4239, 4268]"
sample_type,equine heart myoglobin peptides,10.1371/journal.pone.0181869,10_1371_journal_pone_0181869.pdf,"[4693, 4715]"
instrument,5 T FT-ICR mass spectrometer,10.1371/journal.pone.0181869,10_1371_journal_pone_0181869.pdf,"[4865, 4893]"
software_tools,Xcalibur,10.1371/journal.pone.0181869,10_1371_journal_pone_0181869.pdf,"[5944, 5952]"
instrument,Waters Acquity UPLC M-Class System,10.1373/clinchem.2018.295766,10_1373_clinchem_2018_295766.pdf,"[1865, 1899]"
instrument,Velos Pro linear ion trap,10.1373/clinchem.2018.295766,10_1373_clinchem_2018_295766.pdf,"[3140, 3165]"
ionization_method,electrospray ionization (ESI),10.1373/clinchem.2018.295766,10_1373_clinchem_2018_295766.pdf,"[2864, 2893]"
instrument,Thermo Fisher Scientific,10.1373/clinchem.2018.295766,10_1373_clinchem_2018_295766.pdf,"[4441, 4465]"
software_tools,Xcalibur 2.1,10.1373/clinchem.2018.295766,10_1373_clinchem_2018_295766.pdf,"[4418, 4430]"
sample_type,Hb variant,10.1373/clinchem.2018.295766,10_1373_clinchem_2018_295766.pdf,"[4495, 4505]"
software_tools,R 3.3,10.1373/clinchem.2018.295766,10_1373_clinchem_2018_295766.pdf,"[4738, 4743]"
ionization_method,MS proteomic profiling methods,10.1373/clinchem.2019.305631,10_1373_clinchem_2019_305631.pdf,"[1059, 1089]"
sample_type,human blood or urine,10.1373/clinchem.2019.305631,10_1373_clinchem_2019_305631.pdf,"[1006, 1026]"
instrument,triple quadrupole instruments,10.1373/clinchem.2019.305631,10_1373_clinchem_2019_305631.pdf,"[2108, 2137]"
ionization_method,selected reaction monitoring mode,10.1373/clinchem.2019.305631,10_1373_clinchem_2019_305631.pdf,"[2148, 2181]"
sample_type,proteins or peptides,10.1373/clinchem.2019.305631,10_1373_clinchem_2019_305631.pdf,"[1997, 2017]"
instrument,ultrahigh resolution mass spectrometer,10.1373/clinchem.2019.305631,10_1373_clinchem_2019_305631.pdf,"[5034, 5072]"
instrument,Fourier transform ion cyclotron resonance mass spectrometers,10.1373/clinchem.2019.305631,10_1373_clinchem_2019_305631.pdf,"[6058, 6118]"
sample_type,protein structure and characterization of proteoforms,10.1373/clinchem.2019.305631,10_1373_clinchem_2019_305631.pdf,"[5590, 5643]"
ionization_method,MS,10.1373/clinchem.2019.305631,10_1373_clinchem_2019_305631.pdf,"[7089, 7091]"
sample_type,protein,10.1373/clinchem.2019.305631,10_1373_clinchem_2019_305631.pdf,"[7078, 7085]"
sample_type,Immunoprecipitation immunofixation (IP-IFE),10.1515/cclm-2020-1072,10_1515_cclm-2020-1072.pdf,"[980, 1023]"
instrument,21T FT-ICR,10.1515/cclm-2020-1072,10_1515_cclm-2020-1072.pdf,"[1982, 1992]"
instrument,Q Exactive HF,10.1515/cclm-2020-1072,10_1515_cclm-2020-1072.pdf,"[1994, 2007]"
instrument,Orbitrap Fusion Lumos,10.1515/cclm-2020-1072,10_1515_cclm-2020-1072.pdf,"[2009, 2030]"
instrument,Orbitrap Eclipse,10.1515/cclm-2020-1072,10_1515_cclm-2020-1072.pdf,"[2036, 2052]"
ionization_method,novo sequencing,10.1515/cclm-2020-1072,10_1515_cclm-2020-1072.pdf,"[1910, 1925]"
sample_type,gamma-zone monoclonal immunoglobulin (M-protein) species,10.1515/cclm-2020-1072,10_1515_cclm-2020-1072.pdf,"[2337, 2393]"
software_tools,Xcalibur Qual Browser,10.1515/cclm-2020-1072,10_1515_cclm-2020-1072.pdf,"[2106, 2127]"
software_tools,ProSight Lite,10.1515/cclm-2020-1072,10_1515_cclm-2020-1072.pdf,"[2129, 2142]"
software_tools,TDValidator,10.1515/cclm-2020-1072,10_1515_cclm-2020-1072.pdf,"[2148, 2159]"
sample_type,"gammopathy in the gamma zone, which included two truncated species",10.1515/cclm-2020-1072,10_1515_cclm-2020-1072.pdf,"[7941, 8007]"
sample_type,myeloma proteins,10.1515/cclm-2020-1072,10_1515_cclm-2020-1072.pdf,"[9199, 9215]"
facility,Clinical Haematology Department,10.1515/cclm-2020-1072,10_1515_cclm-2020-1072.pdf,"[9666, 9697]"
instrument,Sebia Hydrasys Scan 2,10.1515/cclm-2020-1072,10_1515_cclm-2020-1072.pdf,"[10746, 10767]"
sample_type,patients' serum,10.1515/cclm-2020-1072,10_1515_cclm-2020-1072.pdf,"[10136, 10152]"
sample_type,Immunoglobulins,10.1515/cclm-2020-1072,10_1515_cclm-2020-1072.pdf,"[11191, 11206]"
instrument,Ultimate 3000 nanoLC (Thermo Scientific),10.1515/cclm-2020-1072,10_1515_cclm-2020-1072.pdf,"[11911, 11951]"
instrument,"FTMS (Q Exactive HF, Thermo Scienti fi c)",10.1515/cclm-2020-1072,10_1515_cclm-2020-1072.pdf,"[12036, 12077]"
instrument,Nanospray Flex ion source (Thermo Scienti fi c),10.1515/cclm-2020-1072,10_1515_cclm-2020-1072.pdf,"[12165, 12212]"
instrument,Orbitrap Eclipse Tribrid (Thermo Scienti fi c),10.1515/cclm-2020-1072,10_1515_cclm-2020-1072.pdf,"[12228, 12274]"
ionization_method,FTICR,10.1515/pac-2019-0809,10_1515_pac-2019-0809.pdf,"[78, 83]"
sample_type,humic acids (HA),10.1515/pac-2019-0809,10_1515_pac-2019-0809.pdf,"[167, 183]"
facility,"the laboratory of Dr. Irina Perminova (Lomonosov MSU, Moscow, Russia)",10.1515/pac-2019-0809,10_1515_pac-2019-0809.pdf,"[748, 817]"
sample_type,HS samples,10.1515/pac-2019-0809,10_1515_pac-2019-0809.pdf,"[1067, 1077]"
ionization_method,Standard ESI in negative mode,10.1515/pac-2019-0809,10_1515_pac-2019-0809.pdf,"[2449, 2478]"
sample_type,HS molecular analysis,10.1515/pac-2019-0809,10_1515_pac-2019-0809.pdf,"[2248, 2269]"
instrument,FTICR MS,10.1515/pac-2019-0809,10_1515_pac-2019-0809.pdf,"[3084, 3092]"
sample_type,raw mass lists,10.1515/pac-2019-0809,10_1515_pac-2019-0809.pdf,"[3332, 3346]"
software_tools,Transhumus software based on the open-source R environment,10.1515/pac-2019-0809,10_1515_pac-2019-0809.pdf,"[3453, 3511]"
sample_type,SRHA sample,10.1515/pac-2019-0809,10_1515_pac-2019-0809.pdf,"[6642, 6653]"
instrument,21 Tesla Fourier transform ion cyclotron resonance mass spectrometer,10.21037/atm.2019.12.67,10_21037_atm_2019_12_67.pdf,"[1822, 1877]"
ionization_method,21 T FT-ICR MS,10.21037/atm.2019.12.67,10_21037_atm_2019_12_67.pdf,"[2064, 2078]"
sample_type,plasma cell disorders,10.21037/atm.2019.12.67,10_21037_atm_2019_12_67.pdf,"[2890, 2911]"
sample_type,monoclonal immunoglobulin light chains,10.21037/atm.2019.12.67,10_21037_atm_2019_12_67.pdf,"[3728, 3766]"
sample_type,Hb variants,10.21037/atm.2019.12.67,10_21037_atm_2019_12_67.pdf,"[5497, 5508]"
instrument,21 T FT-ICR MS,10.21037/atm.2019.12.67,10_21037_atm_2019_12_67.pdf,"[6265, 6279]"
instrument,lower-field FT-ICR MS,10.21037/atm.2019.12.67,10_21037_atm_2019_12_67.pdf,"[6614, 6635]"
instrument,Orbitrap MS,10.21037/atm.2019.12.67,10_21037_atm_2019_12_67.pdf,"[6640, 6651]"
instrument,orbitrap,10.21037/atm.2019.12.67,10_21037_atm_2019_12_67.pdf,"[7605, 7613]"
instrument,21 T esla Fourier transform ion cyclotron resonance,10.21037/atm.2019.12.67,10_21037_atm_2019_12_67.pdf,"[10669, 10720]"
sample_type,monoclonal immunoglobulin light chains in human serum,10.21037/atm.2019.12.67,10_21037_atm_2019_12_67.pdf,"[10764, 10817]"
instrument,Fourier-transform ion cyclotron resonance Mass Spectrometer (FT-ICRMS),10.21203/rs.3.rs-186208/v1,10_21203_rs_3_rs-186208_v1.pdf,"[1711, 1781]"
sample_type,Lipid,10.21203/rs.3.rs-186208/v1,10_21203_rs_3_rs-186208_v1.pdf,"[1553, 1558]"
facility,"National High Magnetic Field Laboratory (Florida State University, Tallahassee, FL)",10.21203/rs.3.rs-186208/v1,10_21203_rs_3_rs-186208_v1.pdf,"[1611, 1694]"
instrument,hybrid linear quadrupole ion trap/FTICR MS (LTQ-FT),10.21203/rs.3.rs-186208/v1,10_21203_rs_3_rs-186208_v1.pdf,"[1852, 1902]"
ionization_method,electrospray ionization (ESI),10.21203/rs.3.rs-186208/v1,10_21203_rs_3_rs-186208_v1.pdf,"[2095, 2124]"
software_tools,in-house software,10.21203/rs.3.rs-186208/v1,10_21203_rs_3_rs-186208_v1.pdf,"[2238, 2255]"
sample_type,gas samples,10.21203/rs.3.rs-691992/v1,10_21203_rs_3_rs-691992_v1.pdf,"[3789, 3800]"
sample_type,standard gases,10.21203/rs.3.rs-691992/v1,10_21203_rs_3_rs-691992_v1.pdf,"[3824, 3838]"
instrument,"VP detectors; Shimadzu, Japan",10.21203/rs.3.rs-691992/v1,10_21203_rs_3_rs-691992_v1.pdf,"[8666, 8695]"
sample_type,fatty acid concentrations,10.21203/rs.3.rs-691992/v1,10_21203_rs_3_rs-691992_v1.pdf,"[8723, 8748]"
facility,"Chair of Soil Science (TU München, Germany)",10.21203/rs.3.rs-691992/v1,10_21203_rs_3_rs-691992_v1.pdf,"[10523, 10566]"
sample_type,soil samples,10.21203/rs.3.rs-691992/v1,10_21203_rs_3_rs-691992_v1.pdf,"[10974, 10986]"
software_tools,Recoil,10.21203/rs.3.rs-691992/v1,10_21203_rs_3_rs-691992_v1.pdf,"[11811, 11817]"
instrument,Illumina MiSeq sequencing system,10.21203/rs.3.rs-691992/v1,10_21203_rs_3_rs-691992_v1.pdf,"[13893, 13926]"
facility,Microsynth AG (Switzerland),10.21203/rs.3.rs-691992/v1,10_21203_rs_3_rs-691992_v1.pdf,"[13817, 13844]"
software_tools,"nf-core/ampliseq v1.1.2, Nextflow v20.10",10.21203/rs.3.rs-691992/v1,10_21203_rs_3_rs-691992_v1.pdf,"[14259, 14282]"
software_tools,Cutadapt v2.6,10.21203/rs.3.rs-691992/v1,10_21203_rs_3_rs-691992_v1.pdf,"[14631, 14644]"
software_tools,DADA2 version 1.10.0,10.21203/rs.3.rs-691992/v1,10_21203_rs_3_rs-691992_v1.pdf,"[14750, 14772]"
software_tools,QIIME2 version 2019.10.0,10.21203/rs.3.rs-691992/v1,10_21203_rs_3_rs-691992_v1.pdf,"[14703, 14727]"
sample_type,16S rRNA (gene) sequences,10.21203/rs.3.rs-691992/v1,10_21203_rs_3_rs-691992_v1.pdf,"[15307, 15332]"
software_tools,"PICRUSt2 version 2.2.0-b, MinPath",10.21203/rs.3.rs-691992/v1,10_21203_rs_3_rs-691992_v1.pdf,"[15964, 15988]"
instrument,FT-ICR MS,10.21203/rs.3.rs-691992/v1,10_21203_rs_3_rs-691992_v1.pdf,"[16436, 16442]"
sample_type,Soil extracts and DOM in the porewater,10.21203/rs.3.rs-691992/v1,10_21203_rs_3_rs-691992_v1.pdf,"[16456, 16494]"
instrument,custom-built FT-ICR mass spectrometer,10.21203/rs.3.rs-691992/v1,10_21203_rs_3_rs-691992_v1.pdf,"[17819, 17856]"
ionization_method,negative ion electrospray ionization,10.21203/rs.3.rs-691992/v1,10_21203_rs_3_rs-691992_v1.pdf,"[17622, 17658]"
sample_type,samples,10.21203/rs.3.rs-691992/v1,10_21203_rs_3_rs-691992_v1.pdf,"[17289, 17295]"
software_tools,Predator,10.21203/rs.3.rs-691992/v1,10_21203_rs_3_rs-691992_v1.pdf,"[17963, 17971]"
software_tools,custom software (PetroOrg),10.21203/rs.3.rs-691992/v1,10_21203_rs_3_rs-691992_v1.pdf,"[19549, 19574]"
instrument,FT-ICR MS,10.2138/gselements.18.2.107,10_2138_gselements_18_2_107.pdf,"[859, 868]"
instrument,Specim Single Core Scanner,10.2138/gselements.18.2.107,10_2138_gselements_18_2_107.pdf,"[7682, 7708]"
sample_type,sediment cores,10.2138/gselements.18.2.107,10_2138_gselements_18_2_107.pdf,"[7616, 7630]"
instrument,time-of-flight secondary ion mass spectrometry (ToF-SIMS),10.2138/gselements.18.2.107,10_2138_gselements_18_2_107.pdf,"[13808, 13866]"
ionization_method,nanospray desorption electrospray ionization,10.2138/gselements.18.2.107,10_2138_gselements_18_2_107.pdf,"[14023, 14067]"
sample_type,"lipid biomarkers in modern and fossilized marine microbial mats, environmental samples",10.2138/gselements.18.2.107,10_2138_gselements_18_2_107.pdf,"[13878, 13943]"
ionization_method,MALDI,10.2138/gselements.18.2.107,10_2138_gselements_18_2_107.pdf,"[14520, 14525]"
sample_type,labile compounds,10.2138/gselements.18.2.107,10_2138_gselements_18_2_107.pdf,"[14592, 14608]"
facility,University of Bremen,10.2138/gselements.18.2.107,10_2138_gselements_18_2_107.pdf,"[15146, 15166]"
ionization_method,MALDI-MS,10.2138/gselements.18.2.107,10_2138_gselements_18_2_107.pdf,"[18101, 18109]"
sample_type,sediments,10.2138/gselements.18.2.107,10_2138_gselements_18_2_107.pdf,"[18088, 18097]"
ionization_method,atmospheric pressure photoionization (APPI),10.2138/gselements.18.2.107,10_2138_gselements_18_2_107.pdf,"[22235, 22278]"
instrument,FT-ICR MS,10.2138/gselements.18.2.107,10_2138_gselements_18_2_107.pdf,"[24446, 24455]"
instrument,Orbitraps,10.2138/gselements.18.2.107,10_2138_gselements_18_2_107.pdf,"[25947, 25956]"
sample_type,complex natural materials,10.2138/gselements.18.2.107,10_2138_gselements_18_2_107.pdf,"[27441, 27466]"
ionization_method,atmospheric pressure chemical ionization (APCI),10.2138/gselements.18.2.107,10_2138_gselements_18_2_107.pdf,"[28892, 28939]"
sample_type,geochemical samples,10.2138/gselements.18.2.107,10_2138_gselements_18_2_107.pdf,"[28783, 28802]"
instrument,FT-ICR MS,10.2138/gselements.18.2.107,10_2138_gselements_18_2_107.pdf,"[29884, 29893]"
instrument,FT-ICR MS,10.2138/gselements.18.2.107,10_2138_gselements_18_2_107.pdf,"[30913, 30922]"
ionization_method,Negative-ion ESI,10.2138/gselements.18.2.107,10_2138_gselements_18_2_107.pdf,"[31207, 31223]"
instrument,FT-ICR MS,10.2138/gselements.18.2.107,10_2138_gselements_18_2_107.pdf,"[31338, 31348]"
ionization_method,ESI ion source,10.2138/gselements.18.2.107,10_2138_gselements_18_2_107.pdf,"[31646, 31660]"
instrument,Orbitrap mass spectrometer detector,10.2138/gselements.18.2.107,10_2138_gselements_18_2_107.pdf,"[33502, 33537]"
sample_type,geological sample extracts,10.2138/gselements.18.2.107,10_2138_gselements_18_2_107.pdf,"[33454, 33482]"
instrument,liquid chromatography-high resolution multistage mass spectrometry,10.2138/gselements.18.2.107,10_2138_gselements_18_2_107.pdf,"[39162, 39228]"
sample_type,"Ni, VO, Cu, Zn and Mn geoporphyrins",10.2138/gselements.18.2.107,10_2138_gselements_18_2_107.pdf,"[39123, 39158]"
sample_type,"1,4-Dioxane-metabolizing bacteria",10.2166/wst.2024.139,10_2166_wst_2024_139.pdf,"[3556, 3589]"
sample_type,enriched cultures,10.2166/wst.2024.139,10_2166_wst_2024_139.pdf,"[3723, 3740]"
sample_type,microorganisms of interest,10.2166/wst.2024.139,10_2166_wst_2024_139.pdf,"[3432, 3458]"
sample_type,extracted DNA,10.2166/wst.2024.139,10_2166_wst_2024_139.pdf,"[4820, 4833]"
facility,"Florida State University, Department of Biological Science, Core Facilities",10.2166/wst.2024.139,10_2166_wst_2024_139.pdf,"[4851, 4926]"
software_tools,Molecular Evolutionary Genetics Analysis version 11 (MEGA11),10.2166/wst.2024.139,10_2166_wst_2024_139.pdf,"[5217, 5277]"
software_tools,vsearch 2.21.1,10.2166/wst.2024.139,10_2166_wst_2024_139.pdf,"[5342, 5356]"
sample_type,"1,4-dioxane and protein (representing biomass)",10.2166/wst.2024.139,10_2166_wst_2024_139.pdf,"[6834, 6880]"
sample_type,"1,4-Dioxane concentration in the experiment at time t",10.2166/wst.2024.139,10_2166_wst_2024_139.pdf,"[7679, 7732]"
sample_type,"1,4-dioxane intermediates",10.2166/wst.2024.139,10_2166_wst_2024_139.pdf,"[11025, 11050]"
sample_type,chemical oxygen demand (COD) concentrations,10.2166/wst.2024.139,10_2166_wst_2024_139.pdf,"[12246, 12289]"
sample_type,Elemental Analysis (wt.%),10.26434/chemrxiv-2022-0k0jg,10_26434_chemrxiv-2022-0k0jg.pdf,"[1943, 1968]"
instrument,Parr Instruments semimicro calorimeter,10.26434/chemrxiv-2022-0k0jg,10_26434_chemrxiv-2022-0k0jg.pdf,"[5642, 5680]"
sample_type,feedstocks and biocrudes,10.26434/chemrxiv-2022-0k0jg,10_26434_chemrxiv-2022-0k0jg.pdf,"[5512, 5536]"
facility,Mainstream Engineering,10.26434/chemrxiv-2022-0k0jg,10_26434_chemrxiv-2022-0k0jg.pdf,"[5555, 5577]"
instrument,Shimadzu FT-IR spectrometer,10.26434/chemrxiv-2022-0k0jg,10_26434_chemrxiv-2022-0k0jg.pdf,"[6639, 6666]"
sample_type,biocrude and char products,10.26434/chemrxiv-2022-0k0jg,10_26434_chemrxiv-2022-0k0jg.pdf,"[6609, 6635]"
software_tools,"known databases 35, 36",10.26434/chemrxiv-2022-0k0jg,10_26434_chemrxiv-2022-0k0jg.pdf,"[6807, 6829]"
software_tools,MØD platform,10.26434/chemrxiv-2024-nj0p6,10_26434_chemrxiv-2024-nj0p6.pdf,"[246, 258]"
software_tools,Gephi,10.26434/chemrxiv-2024-nj0p6,10_26434_chemrxiv-2024-nj0p6.pdf,"[14414, 14419]"
instrument,FT-ICR-MS,10.26434/chemrxiv-2024-nj0p6,10_26434_chemrxiv-2024-nj0p6.pdf,"[15607, 15616]"
sample_type,supernatant,10.26434/chemrxiv-2024-nj0p6,10_26434_chemrxiv-2024-nj0p6.pdf,"[15551, 15562]"
instrument,custom-built FT-ICR mass spectrometer,10.26434/chemrxiv-2024-nj0p6,10_26434_chemrxiv-2024-nj0p6.pdf,"[16002, 16039]"
sample_type,inorganic salt clusters,10.26434/chemrxiv-2024-nj0p6,10_26434_chemrxiv-2024-nj0p6.pdf,"[17095, 17118]"
instrument,FT-ICR-MS,10.26434/chemrxiv-2024-nj0p6,10_26434_chemrxiv-2024-nj0p6.pdf,"[19095, 19104]"
sample_type,laboratory experiments,10.26434/chemrxiv-2024-nj0p6,10_26434_chemrxiv-2024-nj0p6.pdf,"[19055, 19077]"
sample_type,Vegetation and soil samples,10.3389/feart.2019.00275,10_3389_feart_2019_00275.pdf,"[2770, 2797]"
sample_type,DOC concentration,10.3389/feart.2019.00275,10_3389_feart_2019_00275.pdf,"[7232, 7249]"
sample_type,1 DOC over 28 days,10.3389/feart.2019.00275,10_3389_feart_2019_00275.pdf,"[7251, 7269]"
sample_type,percent of biodegradable dissolved organic carbon (BDOC),10.3389/feart.2019.00275,10_3389_feart_2019_00275.pdf,"[7275, 7331]"
instrument,Shimadzu TOC-L CPH,10.3389/feart.2019.00275,10_3389_feart_2019_00275.pdf,"[9925, 9943]"
sample_type,Dissolved organic carbon concentrations of the bioincubation sample sets,10.3389/feart.2019.00275,10_3389_feart_2019_00275.pdf,"[9833, 9905]"
instrument,21 tesla Fourier transform ion cyclotron resonance mass spectrometer,10.3389/feart.2019.00275,10_3389_feart_2019_00275.pdf,"[11137, 11205]"
ionization_method,electrospray ionization (ESI),10.3389/feart.2019.00275,10_3389_feart_2019_00275.pdf,"[11485, 11514]"
sample_type,DOM extracts of initial and final control bioincubation samples for each site,10.3389/feart.2019.00275,10_3389_feart_2019_00275.pdf,"[11340, 11417]"
facility,"National High Magnetic Field Laboratory, Tallahassee, FL, United States",10.3389/feart.2019.00275,10_3389_feart_2019_00275.pdf,"[11218, 11289]"
ionization_method,ESI-FT-ICR MS,10.3389/feart.2019.00275,10_3389_feart_2019_00275.pdf,"[11575, 11588]"
instrument,FT-ICR MS,10.3389/feart.2019.00275,10_3389_feart_2019_00275.pdf,"[14187, 14196]"
sample_type,stream and leachate DOM,10.3389/feart.2019.00275,10_3389_feart_2019_00275.pdf,"[14019, 14042]"
sample_type,methane,10.3389/feart.2020.552731,10_3389_feart_2020_552731.pdf,"[2004, 2011]"
sample_type,seawater,10.3389/feart.2020.552731,10_3389_feart_2020_552731.pdf,"[2392, 2400]"
sample_type,particulate matter,10.3389/feart.2020.552731,10_3389_feart_2020_552731.pdf,"[2573, 2591]"
sample_type,chlorophyll a (Chl a ),10.3389/feart.2020.552731,10_3389_feart_2020_552731.pdf,"[2593, 2615]"
sample_type,nutrients,10.3389/feart.2020.552731,10_3389_feart_2020_552731.pdf,"[2621, 2630]"
sample_type,DOC concentrations,10.3389/feart.2020.552731,10_3389_feart_2020_552731.pdf,"[8130, 8148]"
instrument,headspace gas chromatography,10.3389/feart.2020.552731,10_3389_feart_2020_552731.pdf,"[9437, 9465]"
sample_type,particulate nutrient analyses,10.3389/feart.2020.552731,10_3389_feart_2020_552731.pdf,"[8562, 8591]"
sample_type,Dissolved methane concentration,10.3389/feart.2020.552731,10_3389_feart_2020_552731.pdf,"[9947, 9978]"
instrument,custom-built 9.4 T Fourier transform ion cyclotron resonance mass spectrometer,10.3389/feart.2020.552731,10_3389_feart_2020_552731.pdf,"[11120, 11198]"
sample_type,DOM mass spectra,10.3389/feart.2020.552731,10_3389_feart_2020_552731.pdf,"[11082, 11098]"
facility,National High Magnetic Field Laboratory [NHMFL],10.3389/feart.2020.552731,10_3389_feart_2020_552731.pdf,"[11223, 11270]"
ionization_method,electrospray ionization (ESI),10.3389/feart.2020.552731,10_3389_feart_2020_552731.pdf,"[11367, 11396]"
sample_type,Molecular formula assignments,10.3389/feart.2020.552731,10_3389_feart_2020_552731.pdf,"[12279, 12308]"
software_tools,R,10.3389/feart.2020.552731,10_3389_feart_2020_552731.pdf,"[14515, 14516]"
software_tools,Vegan,10.3389/feart.2020.552731,10_3389_feart_2020_552731.pdf,"[14584, 14589]"
software_tools,FactoMineR,10.3389/feart.2020.552731,10_3389_feart_2020_552731.pdf,"[14614, 14624]"
software_tools,MASS,10.3389/feart.2020.552731,10_3389_feart_2020_552731.pdf,"[14647, 14651]"
software_tools,indicspecies,10.3389/feart.2020.552731,10_3389_feart_2020_552731.pdf,"[14685, 14697]"
sample_type,molecular formula lists,10.3389/feart.2020.552731,10_3389_feart_2020_552731.pdf,"[15256, 15279]"
software_tools,Vegan package in R,10.3389/feart.2020.552731,10_3389_feart_2020_552731.pdf,"[16096, 16114]"
facility,"CAGE (Centre for Gas Hydrate, Environment and Climate)",10.3389/feart.2020.552731,10_3389_feart_2020_552731.pdf,"[17553, 17607]"
sample_type,Surface water samples,10.3389/fenvs.2024.1379238,10_3389_fenvs_2024_1379238.pdf,"[2345, 2366]"
instrument,Shimadzu TOC-Vcph,10.3389/fenvs.2024.1379238,10_3389_fenvs_2024_1379238.pdf,"[4655, 4672]"
sample_type,Filtrate (~20 mL) for DOC quantification,10.3389/fenvs.2024.1379238,10_3389_fenvs_2024_1379238.pdf,"[4441, 4466]"
instrument,custom-built hybrid linear ion trap FT-ICR mass spectrometer,10.3389/fenvs.2024.1379238,10_3389_fenvs_2024_1379238.pdf,"[7592, 7652]"
instrument,FT-ICR MS,10.3389/fenvs.2024.1379238,10_3389_fenvs_2024_1379238.pdf,"[8513, 8522]"
ionization_method,micro-electrospray,10.3389/fenvs.2024.1379238,10_3389_fenvs_2024_1379238.pdf,"[8586, 8604]"
software_tools,PetroOrg software (version 18.0.5),10.3389/fenvs.2024.1379238,10_3389_fenvs_2024_1379238.pdf,"[10317, 10350]"
ionization_method,electrospray ionization,10.3389/fenvs.2024.1379238,10_3389_fenvs_2024_1379238.pdf,"[13206, 13229]"
sample_type,Dimethylglyoxime,10.3389/fmars.2016.00243,10_3389_fmars_2016_00243.pdf,"[1824, 1840]"
sample_type,Ni stock solution,10.3389/fmars.2016.00243,10_3389_fmars_2016_00243.pdf,"[1992, 2009]"
sample_type,Ferrioxamine E and cyanocobalamin standards,10.3389/fmars.2016.00243,10_3389_fmars_2016_00243.pdf,"[2101, 2144]"
sample_type,Methanol extracts,10.3389/fmars.2016.00243,10_3389_fmars_2016_00243.pdf,"[4183, 4200]"
sample_type,Frozen samples,10.3389/fmars.2016.00243,10_3389_fmars_2016_00243.pdf,"[4909, 4923]"
instrument,controlled growth mercury electrode,10.3389/fmars.2016.00243,10_3389_fmars_2016_00243.pdf,"[5481, 5516]"
sample_type,Elevenpoint titrations,10.3389/fmars.2016.00243,10_3389_fmars_2016_00243.pdf,"[5423, 5445]"
instrument,Element XR Inductively Coupled Plasma Mass Spectrometer,10.3389/fmars.2016.00243,10_3389_fmars_2016_00243.pdf,"[8167, 8222]"
sample_type,Dissolved Cu and Ni,10.3389/fmars.2016.00243,10_3389_fmars_2016_00243.pdf,"[7833, 7852]"
ionization_method,ESIMS,10.3389/fmars.2016.00243,10_3389_fmars_2016_00243.pdf,"[8408, 8413]"
sample_type,Organic ligand samples from solid phase extraction,10.3389/fmars.2016.00243,10_3389_fmars_2016_00243.pdf,"[8432, 8482]"
instrument,Orbitrap Fusion,10.3389/fmars.2016.00243,10_3389_fmars_2016_00243.pdf,"[10130, 10145]"
ionization_method,heated electrospray ionization (ESI),10.3389/fmars.2016.00243,10_3389_fmars_2016_00243.pdf,"[10198, 10234]"
ionization_method,ESI,10.3389/fmars.2016.00243,10_3389_fmars_2016_00243.pdf,"[10243, 10246]"
instrument,custom-built FT-ICR mass spectrometer,10.3389/fmars.2016.00243,10_3389_fmars_2016_00243.pdf,"[11734, 11771]"
sample_type,Organic extract samples,10.3389/fmars.2016.00243,10_3389_fmars_2016_00243.pdf,"[11534, 11557]"
ionization_method,microelectrospray,10.3389/fmars.2016.00243,10_3389_fmars_2016_00243.pdf,"[12111, 12128]"
ionization_method,quadrupole mass filtering,10.3389/fmars.2016.00243,10_3389_fmars_2016_00243.pdf,"[12890, 12915]"
sample_type,compounds AD,10.3389/fmars.2016.00243,10_3389_fmars_2016_00243.pdf,"[12977, 12989]"
sample_type,Surface water samples,10.3389/fmars.2021.781580,10_3389_fmars_2021_781580.pdf,"[63, 84]"
sample_type,water samples,10.3389/fmars.2021.781580,10_3389_fmars_2021_781580.pdf,"[991, 1004]"
sample_type,Sample filtrates,10.3389/fmars.2021.781580,10_3389_fmars_2021_781580.pdf,"[1946, 1962]"
ionization_method,FT-ICR MS,10.3389/fmars.2021.781580,10_3389_fmars_2021_781580.pdf,"[2040, 2049]"
instrument,Shimadzu TOCL CPH analyzer,10.3389/fmars.2021.781580,10_3389_fmars_2021_781580.pdf,"[3287, 3313]"
sample_type,"Dissolved organic carbon concentrations from T0, T1, and T60 water samples and SPE-DOC extracts",10.3389/fmars.2021.781580,10_3389_fmars_2021_781580.pdf,"[3126, 3221]"
instrument,FT-ICR MS,10.3389/fmars.2021.781580,10_3389_fmars_2021_781580.pdf,"[4807, 4816]"
sample_type,DOM extracts,10.3389/fmars.2021.781580,10_3389_fmars_2021_781580.pdf,"[4847, 4859]"
instrument,4 T Fourier transform ion cyclotron resonance mass spectrometer,10.3389/fmars.2021.781580,10_3389_fmars_2021_781580.pdf,"[4910, 4973]"
ionization_method,electrospray ionization (ESI),10.3389/fmars.2021.781580,10_3389_fmars_2021_781580.pdf,"[5104, 5148]"
sample_type,Samples,10.3389/fmars.2021.781580,10_3389_fmars_2021_781580.pdf,"[5150, 5157]"
facility,"National High Magnetic Field Laboratory (NHMFL, Florida State University, Tallahassee, FL, United States)",10.3389/fmars.2021.781580,10_3389_fmars_2021_781580.pdf,"[4993, 5098]"
software_tools,PetroOrg software,10.3389/fmars.2021.781580,10_3389_fmars_2021_781580.pdf,"[5862, 5879]"
instrument,FT-ICR MS,10.3389/fmars.2021.781580,10_3389_fmars_2021_781580.pdf,"[7594, 7603]"
dataset_accession,BCO-DMO 472758,10.3389/fmars.2021.781580,10_3389_fmars_2021_781580.pdf,"[7484, 7498]"
sample_type,Surface water samples,10.3389/fmars.2022.855720,10_3389_fmars_2022_855720.pdf,"[49, 70]"
instrument,Shimadzu TOC -LCPH analyzer,10.3389/fmars.2022.855720,10_3389_fmars_2022_855720.pdf,"[4070, 4097]"
sample_type,DOC concentrations,10.3389/fmars.2022.855720,10_3389_fmars_2022_855720.pdf,"[4253, 4271]"
instrument,9.4 T Fourier transform ion cyclotron resonance mass spectrometer (FT-ICR MS),10.3389/fmars.2022.855720,10_3389_fmars_2022_855720.pdf,"[5069, 5146]"
ionization_method,electrospray ionization (ESI); negative mode,10.3389/fmars.2022.855720,10_3389_fmars_2022_855720.pdf,"[5258, 5301]"
sample_type,DOM extracts,10.3389/fmars.2022.855720,10_3389_fmars_2022_855720.pdf,"[4979, 4991]"
facility,"National High Magnetic Field Laboratory (NHMFL, Florida State University, Tallahassee, FL, U.S.A.)",10.3389/fmars.2022.855720,10_3389_fmars_2022_855720.pdf,"[5154, 5252]"
sample_type,precipitation data,10.3389/fmars.2022.855720,10_3389_fmars_2022_855720.pdf,"[8072, 8090]"
sample_type,DNA,10.3389/fmicb.2020.01753,10_3389_fmicb_2020_01753.pdf,"[1093, 1096]"
dataset_accession,SRP093781,10.3389/fmicb.2020.01753,10_3389_fmicb_2020_01753.pdf,"[2734, 2743]"
sample_type,metagenomic data,10.3389/fmicb.2020.01753,10_3389_fmicb_2020_01753.pdf,"[2445, 2461]"
instrument,Illumina HiSeq,10.3389/fmicb.2020.01753,10_3389_fmicb_2020_01753.pdf,"[2954, 2968]"
sample_type,reads from genes potentially involved in polysaccharide processing (CAZymes),10.3389/fmicb.2020.01753,10_3389_fmicb_2020_01753.pdf,"[3217, 3293]"
instrument,Metrohm 881 Compact IC pro,10.3389/fmicb.2020.01753,10_3389_fmicb_2020_01753.pdf,"[6051, 6077]"
sample_type,permafrost filtrates,10.3389/fmicb.2020.01753,10_3389_fmicb_2020_01753.pdf,"[5975, 5995]"
instrument,Fourier-Transform Ion-Cyclotron-Resonance Mass Spectrometry (FT-ICR MS),10.3389/fmicb.2020.01753,10_3389_fmicb_2020_01753.pdf,"[7107, 7178]"
sample_type,Water-soluble OM,10.3389/fmicb.2020.01753,10_3389_fmicb_2020_01753.pdf,"[7180, 7196]"
instrument,custom-built FT-ICR mass spectrometer,10.3389/fmicb.2020.01753,10_3389_fmicb_2020_01753.pdf,"[7922, 7959]"
ionization_method,negative electrospray ionization (ESI),10.3389/fmicb.2020.01753,10_3389_fmicb_2020_01753.pdf,"[7868, 7906]"
instrument,FT-ICR MS,10.3389/fmicb.2020.01753,10_3389_fmicb_2020_01753.pdf,"[9360, 9369]"
software_tools,R version 3.5,10.3389/fmicb.2020.01753,10_3389_fmicb_2020_01753.pdf,"[9569, 9582]"
dataset_accession,https://www.sciencebase.gov/catalog/item/5cd08fb1e4b09b8c0b79a466,10.3389/fmicb.2020.01753,10_3389_fmicb_2020_01753.pdf,"[9432, 9498]"
instrument,FT-ICR MS,10.3389/fmicb.2020.01753,10_3389_fmicb_2020_01753.pdf,"[10834, 10843]"
sample_type,"chemistry, CAZyme data",10.3389/fmicb.2020.01753,10_3389_fmicb_2020_01753.pdf,"[10823, 10860]"
dataset_accession,"SRP093781, https://doi.org/10.5066/P933APLH",10.3389/fmicb.2020.01753,10_3389_fmicb_2020_01753.pdf,"[10990, 11023]"
facility,University of Maryland Center for Environmental Science (UMCES),10.3389/fmicb.2020.545070,10_3389_fmicb_2020_545070.pdf,"[43, 106]"
ionization_method,molecular methods such as comparative analysis of the 16S rDNA gene and metagenomics,10.3389/fmicb.2020.545070,10_3389_fmicb_2020_545070.pdf,"[3218, 3302]"
sample_type,bacteria species,10.3389/fmicb.2020.545070,10_3389_fmicb_2020_545070.pdf,"[3026, 3042]"
sample_type,Halobacteriovorax,10.3389/fmicb.2020.545070,10_3389_fmicb_2020_545070.pdf,"[9615, 9632]"
sample_type,"Vibrio sp. (2) Luminous sp. MAV, Aeromonas sp.",10.3389/fmicb.2020.545070,10_3389_fmicb_2020_545070.pdf,"[34601, 34647]"
sample_type,enriched natural bacteria population from sample sites,10.3389/fmicb.2020.545070,10_3389_fmicb_2020_545070.pdf,"[35329, 35383]"
sample_type,V. parahaemolyticus,10.3389/fmicb.2020.545070,10_3389_fmicb_2020_545070.pdf,"[38304, 38323]"
sample_type,sewage and activated sludge,10.3389/fmicb.2020.545070,10_3389_fmicb_2020_545070.pdf,"[43747, 43774]"
sample_type,"Ps. fluorescens, E. coli, Sal. typhosa, Aerobacter aerogenes, Prot. morganii, Sal. paratyphi, Ps. aureofaciens, Ps. aeruginosa, Serratia marcescens",10.3389/fmicb.2020.545070,10_3389_fmicb_2020_545070.pdf,"[43833, 43980]"
sample_type,"Al. faecalis, Bacillus megaterium (G C ) , Corynebacterium Barkeri (G C ) , Staphylococcus aureus var.",10.3389/fmicb.2020.545070,10_3389_fmicb_2020_545070.pdf,"[44506, 44608]"
sample_type,soil,10.3389/fmicb.2020.545070,10_3389_fmicb_2020_545070.pdf,"[44767, 44771]"
sample_type,hydrophyla UMOS-11,10.3389/fmicb.2020.545070,10_3389_fmicb_2020_545070.pdf,"[46564, 46582]"
sample_type,Achromobacter liquifaciens ATCC 17716,10.3389/fmicb.2020.545070,10_3389_fmicb_2020_545070.pdf,"[46584, 46621]"
sample_type,root extract,10.3389/fmicb.2020.545070,10_3389_fmicb_2020_545070.pdf,"[47846, 47858]"
sample_type,"Rice Paddy water or rhizosphere, Korea",10.3389/fmicb.2020.545070,10_3389_fmicb_2020_545070.pdf,"[48847, 48885]"
sample_type,Soil,10.3389/fmicb.2020.545070,10_3389_fmicb_2020_545070.pdf,"[49867, 49871]"
sample_type,syringae*****,10.3389/fmicb.2020.545070,10_3389_fmicb_2020_545070.pdf,"[50645, 50658]"
sample_type,municipal waste sludge,10.3389/fmicb.2020.545070,10_3389_fmicb_2020_545070.pdf,"[52927, 52949]"
sample_type,vulgaris,10.3389/fmicb.2020.545070,10_3389_fmicb_2020_545070.pdf,"[68192, 68200]"
sample_type,municipal waste sludge,10.3389/fmicb.2020.545070,10_3389_fmicb_2020_545070.pdf,"[90646, 90668]"
sample_type,Halobacteriovorax plaques,10.3389/fmicb.2020.545070,10_3389_fmicb_2020_545070.pdf,"[100812, 100837]"
sample_type,Bdellovibrio s,10.3389/fmicb.2020.545070,10_3389_fmicb_2020_545070.pdf,"[134767, 134781]"
instrument,custom-built,10.3389/fpls.2021.660224,10_3389_fpls_2021_660224.pdf,"[812, 824]"
ionization_method,ESI FT-ICR Mass Spectrometry,10.3389/fpls.2021.660224,10_3389_fpls_2021_660224.pdf,"[743, 771]"
instrument,4 T FTICR mass spectrometer,10.3389/fpls.2021.660224,10_3389_fpls_2021_660224.pdf,"[827, 854]"
ionization_method,negative ionization mode with ESI,10.3389/fpls.2021.660224,10_3389_fpls_2021_660224.pdf,"[1342, 1371]"
sample_type,purified HA sample,10.3389/fpls.2021.660224,10_3389_fpls_2021_660224.pdf,"[1142, 1160]"
facility,National High Magnetic Field Laboratory,10.3389/fpls.2021.660224,10_3389_fpls_2021_660224.pdf,"[862, 901]"
facility,"National High Magnetic Field Laboratory, Ion Cyclotron Resonance Facility",10.3389/fpls.2021.660224,10_3389_fpls_2021_660224.pdf,"[2536, 2609]"
software_tools,PetroOrg,10.3389/fpls.2021.660224,10_3389_fpls_2021_660224.pdf,"[2610, 2618]"
instrument,Bruker Avance,10.3389/fpls.2021.660224,10_3389_fpls_2021_660224.pdf,"[4237, 4250]"
sample_type,HA sample,10.3389/fpls.2021.660224,10_3389_fpls_2021_660224.pdf,"[4350, 4359]"
ionization_method,MS,10.3389/fpls.2021.660224,10_3389_fpls_2021_660224.pdf,"[5676, 5678]"
sample_type,NMR and MS data,10.3389/fpls.2021.660224,10_3389_fpls_2021_660224.pdf,"[5668, 5683]"
instrument,Perkin-Elmer Spectrum Two Infrared Spectrometer,10.3389/fpls.2021.660224,10_3389_fpls_2021_660224.pdf,"[6784, 6831]"
sample_type,HA powder,10.3389/fpls.2021.660224,10_3389_fpls_2021_660224.pdf,"[6931, 6940]"
software_tools,XLStat,10.3389/fpls.2021.660224,10_3389_fpls_2021_660224.pdf,"[9911, 9917]"
sample_type,HTL products,10.3389/fsufs.2021.658592,10_3389_fsufs_2021_658592.pdf,"[2151, 2163]"
sample_type,feedstock,10.3389/fsufs.2021.658592,10_3389_fsufs_2021_658592.pdf,"[2206, 2215]"
instrument,freeze dryer,10.3389/fsufs.2021.658592,10_3389_fsufs_2021_658592.pdf,"[3937, 3949]"
sample_type,food waste,10.3389/fsufs.2021.658592,10_3389_fsufs_2021_658592.pdf,"[3903, 3913]"
instrument,model 6725 semi-micro bomb calorimeter,10.3389/fsufs.2021.658592,10_3389_fsufs_2021_658592.pdf,"[4897, 4935]"
sample_type,"food waste, bio-crude oil, and HTL-char",10.3389/fsufs.2021.658592,10_3389_fsufs_2021_658592.pdf,"[4835, 4874]"
instrument,Series II 2400 elemental analyzer,10.3389/fsufs.2021.658592,10_3389_fsufs_2021_658592.pdf,"[5394, 5427]"
sample_type,"dry food waste, HTL-char, and bio-crude oil",10.3389/fsufs.2021.658592,10_3389_fsufs_2021_658592.pdf,"[5328, 5371]"
instrument,custom-built 9.4 T FT-ICR mass spectrometer,10.3389/fsufs.2021.658592,10_3389_fsufs_2021_658592.pdf,"[6826, 6869]"
facility,"National High Magnetic Field Laboratory at Tallahassee, Florida",10.3389/fsufs.2021.658592,10_3389_fsufs_2021_658592.pdf,"[6877, 6940]"
sample_type,Stock solutions,10.3389/fsufs.2021.658592,10_3389_fsufs_2021_658592.pdf,"[7462, 7477]"
software_tools,PetroOrg software,10.3389/fsufs.2021.658592,10_3389_fsufs_2021_658592.pdf,"[7989, 8006]"
facility,NHMFL,10.3390/jcp3020011,10_3390_jcp3020011.pdf,"[158, 163]"
sample_type,lab technology landscape,10.3390/jcp3020011,10_3390_jcp3020011.pdf,"[356, 380]"
sample_type,established cybersecurity control implementations,10.3390/jcp3020011,10_3390_jcp3020011.pdf,"[1538, 1587]"
facility,NHMFL and FSU experts,10.3390/jcp3020011,10_3390_jcp3020011.pdf,"[2312, 2333]"
sample_type,cybersecurity support,10.3390/jcp3020011,10_3390_jcp3020011.pdf,"[7756, 7777]"
sample_type,cybersecurity posture assessment and reporting,10.3390/jcp3020011,10_3390_jcp3020011.pdf,"[7895, 7941]"
sample_type,vulnerability management,10.3390/jcp3020011,10_3390_jcp3020011.pdf,"[7857, 7881]"
sample_type,encryption,10.3390/jcp3020011,10_3390_jcp3020011.pdf,"[7883, 7893]"
sample_type,business continuity,10.3390/jcp3020011,10_3390_jcp3020011.pdf,"[8056, 8075]"
sample_type,disaster recovery,10.3390/jcp3020011,10_3390_jcp3020011.pdf,"[8077, 8094]"
sample_type,incident response planning services,10.3390/jcp3020011,10_3390_jcp3020011.pdf,"[8100, 8135]"
sample_type,security awareness training,10.3390/jcp3020011,10_3390_jcp3020011.pdf,"[7982, 8009]"
facility,NHMFL's user facilities,10.3390/jcp3020011,10_3390_jcp3020011.pdf,"[29681, 29704]"
sample_type,NH3/HCHO simulants,10.3390/life11030234,10_3390_life11030234.pdf,"[1681, 1699]"
sample_type,Maillard reactions of glucose and glycine,10.3390/life11030234,10_3390_life11030234.pdf,"[1866, 1907]"
sample_type,Maillard reactions of glucose and NH4OH,10.3390/life11030234,10_3390_life11030234.pdf,"[2318, 2357]"
ionization_method,negative-ion Electrospray Ionization Fourier Transform Ion Cyclotron Resonance Mass Spectrometry,10.3390/life11030234,10_3390_life11030234.pdf,"[4024, 4120]"
sample_type,thermally altered biological samples,10.3390/life11030234,10_3390_life11030234.pdf,"[4938, 4974]"
sample_type,Microbial samples,10.3390/life11030234,10_3390_life11030234.pdf,"[4989, 5006]"
sample_type,Mesophilic bacteria E. coli,10.3390/life11030234,10_3390_life11030234.pdf,"[5082, 5109]"
sample_type,Thermophilic freshwater bacteria Thermus sp.,10.3390/life11030234,10_3390_life11030234.pdf,"[5331, 5375]"
instrument,Acustom-built FT-ICR,10.3390/life11030234,10_3390_life11030234.pdf,"[6321, 6341]"
facility,"National High Magnetic Field Laboratory in Tallahassee, Florida",10.3390/life11030234,10_3390_life11030234.pdf,"[6622, 6685]"
software_tools,modular ICR data station (Predator),10.3390/life11030234,10_3390_life11030234.pdf,"[6491, 6526]"
ionization_method,negative electrospray ionization (ESI),10.3390/life11030234,10_3390_life11030234.pdf,"[8032, 8070]"
sample_type,"Meteoritic, abiological, and biological materials",10.3390/life11030234,10_3390_life11030234.pdf,"[7702, 7751]"
instrument,LTQ Velos,10.3390/life11030234,10_3390_life11030234.pdf,"[8492, 8501]"
sample_type,Sample solutions,10.3390/life11030234,10_3390_life11030234.pdf,"[8327, 8343]"
ionization_method,ESI,10.3390/life11030234,10_3390_life11030234.pdf,"[10056, 10059]"
sample_type,biochar,10.3390/pr11102883,10_3390_pr11102883.pdf,"[4724, 4731]"
sample_type,water,10.3390/pr11102883,10_3390_pr11102883.pdf,"[4761, 4766]"
instrument,FT-ICR MS,10.3390/pr11102883,10_3390_pr11102883.pdf,"[6197, 6206]"
ionization_method,-ESI,10.3390/pr11102883,10_3390_pr11102883.pdf,"[6334, 6338]"
instrument,21T FT-ICR mass spectrometer,10.3390/pr11102883,10_3390_pr11102883.pdf,"[7195, 7223]"
ionization_method,negative-ion electrospray ionization,10.3390/pr11102883,10_3390_pr11102883.pdf,"[6768, 6804]"
software_tools,Predator Software Corev1.2.3,10.3390/pr11102883,10_3390_pr11102883.pdf,"[7620, 7648]"
sample_type,industrial samples,10.3390/pr8111472,10_3390_pr8111472.pdf,"[391, 409]"
sample_type,Vacuum residue (VR),10.3390/pr8111472,10_3390_pr8111472.pdf,"[665, 685]"
sample_type,the corresponding desulphated oil (DAO 1),10.3390/pr8111472,10_3390_pr8111472.pdf,"[692, 738]"
software_tools,EMPOWER3,10.3390/pr8111472,10_3390_pr8111472.pdf,"[2271, 2279]"
instrument,Dionex High-Performance Liquid Chromatography system,10.3390/pr8111472,10_3390_pr8111472.pdf,"[3465, 3510]"
instrument,UltiMate 3000 microflow pump,10.3390/pr8111472,10_3390_pr8111472.pdf,"[3533, 3561]"
instrument,UltiMate 3000 autosampler,10.3390/pr8111472,10_3390_pr8111472.pdf,"[3569, 3594]"
instrument,"double-focusing sector field inductively coupled plasma mass spectrometer (Element XR, Thermo Fisher Scientific)",10.3390/pr8111472,10_3390_pr8111472.pdf,"[5063, 5174]"
instrument,SolariXR,10.3390/pr8111472,10_3390_pr8111472.pdf,"[5647, 5655]"
ionization_method,"APPI (10 / 10.6 eV, Kr-lamp)",10.3390/pr8111472,10_3390_pr8111472.pdf,"[5755, 5783]"
sample_type,blank,10.3390/pr8111472,10_3390_pr8111472.pdf,"[6453, 6458]"
sample_type,crystallizable fraction,10.3390/pr8111472,10_3390_pr8111472.pdf,"[7568, 7591]"
sample_type,Aromatic Extract,10.3390/pr8111472,10_3390_pr8111472.pdf,"[9461, 9477]"
sample_type,anthropogenic DOM,10.3390/soilsystems2010014,10_3390_soilsystems2010014.pdf,"[1227, 1244]"
facility,"Dlila Facility, Israel",10.3390/soilsystems2010014,10_3390_soilsystems2010014.pdf,"[1392, 1414]"
sample_type,DOM structural fractions,10.3390/soilsystems2010014,10_3390_soilsystems2010014.pdf,"[3185, 3209]"
sample_type,unfractionated anthropogenic DOM,10.3390/soilsystems2010014,10_3390_soilsystems2010014.pdf,"[3215, 3247]"
sample_type,DOM solutions and the sorbed OM extracts,10.3390/soilsystems2010014,10_3390_soilsystems2010014.pdf,"[5614, 5654]"
instrument,9.4 T FT-ICR mass spectrometer,10.3390/soilsystems2010014,10_3390_soilsystems2010014.pdf,"[7172, 7202]"
ionization_method,negative ion mode electrospray ionization (ESI),10.3390/soilsystems2010014,10_3390_soilsystems2010014.pdf,"[7022, 7071]"
software_tools,Custom software (PetroOrg © ),10.3390/soilsystems2010014,10_3390_soilsystems2010014.pdf,"[8477, 8506]"
instrument,Horiba W-23XD Water Quality Monitoring System,10.5194/bg-15-6637-2018,10_5194_bg-15-6637-2018.pdf,"[4286, 4331]"
instrument,Shimadzu UV-1800 spectrophotometer,10.5194/bg-15-6637-2018,10_5194_bg-15-6637-2018.pdf,"[4852, 4886]"
sample_type,water samples,10.5194/bg-15-6637-2018,10_5194_bg-15-6637-2018.pdf,"[5544, 5557]"
instrument,9.4 tesla custom-built FT-ICR MS,10.5194/bg-15-6637-2018,10_5194_bg-15-6637-2018.pdf,"[6194, 6226]"
sample_type,methanol extracts,10.5194/bg-15-6637-2018,10_5194_bg-15-6637-2018.pdf,"[6157, 6174]"
facility,National High Magnetic Field Laboratory (NHMFL),10.5194/bg-15-6637-2018,10_5194_bg-15-6637-2018.pdf,"[6234, 6280]"
software_tools,MIDAS Predator Analysis,10.5194/bg-15-6637-2018,10_5194_bg-15-6637-2018.pdf,"[6499, 6522]"
instrument,Keck Carbon Cycle Accelerator Mass Spectrometry,10.5194/bg-15-6637-2018,10_5194_bg-15-6637-2018.pdf,"[8171, 8218]"
sample_type,Freeze-dried retentates from 1 k Da cutoff ultrafiltration,10.5194/bg-15-6637-2018,10_5194_bg-15-6637-2018.pdf,"[7850, 7908]"
sample_type,DOC concentration measurements,10.5194/bg-22-41-2025,10_5194_bg-22-41-2025.pdf,"[1205, 1235]"
sample_type,molecular-level characterization of DOM and WEOM,10.5194/bg-22-41-2025,10_5194_bg-22-41-2025.pdf,"[1240, 1288]"
sample_type,Surface ice particulate matter,10.5194/bg-22-41-2025,10_5194_bg-22-41-2025.pdf,"[1675, 1705]"
instrument,Shimadzu TOC-LCSH,10.5194/bg-22-41-2025,10_5194_bg-22-41-2025.pdf,"[3623, 3640]"
sample_type,DOM and WEOM samples,10.5194/bg-22-41-2025,10_5194_bg-22-41-2025.pdf,"[4518, 4538]"
facility,"GFZ Potsdam, Germany",10.5194/bg-22-41-2025,10_5194_bg-22-41-2025.pdf,"[4569, 4589]"
instrument,custom-built 21 tesla FT-ICR MS,10.5194/bg-22-41-2025,10_5194_bg-22-41-2025.pdf,"[5307, 5338]"
ionization_method,Electrospray ionization,10.5194/bg-22-41-2025,10_5194_bg-22-41-2025.pdf,"[5458, 5481]"
sample_type,DOM composition,10.5194/bg-22-41-2025,10_5194_bg-22-41-2025.pdf,"[5270, 5285]"
facility,"National High Magnetic Field Laboratory in Tallahassee, Florida",10.5194/bg-22-41-2025,10_5194_bg-22-41-2025.pdf,"[5346, 5409]"
sample_type,Mass spectra,10.5194/bg-22-41-2025,10_5194_bg-22-41-2025.pdf,"[5760, 5772]"
software_tools,Predator analysis software,10.5194/bg-22-41-2025,10_5194_bg-22-41-2025.pdf,"[5939, 5965]"
sample_type,formulae,10.5194/bg-22-41-2025,10_5194_bg-22-41-2025.pdf,"[6575, 6583]"
software_tools,R,10.5194/bg-22-41-2025,10_5194_bg-22-41-2025.pdf,"[8319, 8320]"
sample_type,Water samples,10.5194/tc-19-2769-2025,10_5194_tc-19-2769-2025.pdf,"[1244, 1257]"
instrument,Shimadzu TOCLCPH analyzer,10.5194/tc-19-2769-2025,10_5194_tc-19-2769-2025.pdf,"[5244, 5269]"
sample_type,Dissolved organic carbon (DOC),10.5194/tc-19-2769-2025,10_5194_tc-19-2769-2025.pdf,"[5133, 5157]"
facility,Woods Hole Oceanographic Institution,10.5194/tc-19-2769-2025,10_5194_tc-19-2769-2025.pdf,"[5695, 5731]"
sample_type,DOC,10.5194/tc-19-2769-2025,10_5194_tc-19-2769-2025.pdf,"[5737, 5740]"
instrument,21 T FT-ICR MS,10.5194/tc-19-2769-2025,10_5194_tc-19-2769-2025.pdf,"[8418, 8432]"
ionization_method,negative-ion electrospray ionization,10.5194/tc-19-2769-2025,10_5194_tc-19-2769-2025.pdf,"[8381, 8417]"
sample_type,Water samples,10.5194/tc-19-2769-2025,10_5194_tc-19-2769-2025.pdf,"[8289, 8302]"
sample_type,peaks,10.5194/tc-19-2769-2025,10_5194_tc-19-2769-2025.pdf,"[8880, 8885]"
software_tools,"Predator analysis, PetroOrg",10.5194/tc-19-2769-2025,10_5194_tc-19-2769-2025.pdf,"[8829, 8846]"
sample_type,sugar-like compounds,10.5194/tc-19-2769-2025,10_5194_tc-19-2769-2025.pdf,"[9596, 9616]"
sample_type,crude oil,10.5670/oceanog.2016.77,10_5670_oceanog_2016_77.pdf,"[2654, 2663]"
sample_type,oil residue,10.5670/oceanog.2016.77,10_5670_oceanog_2016_77.pdf,"[9501, 9512]"
instrument,FT-ICR-MS,10.5670/oceanog.2016.77,10_5670_oceanog_2016_77.pdf,"[25484, 25493]"
ionization_method,electrospray ionization,10.5670/oceanog.2016.77,10_5670_oceanog_2016_77.pdf,"[25891, 25914]"
sample_type,normal alkanes,10.5670/oceanog.2016.77,10_5670_oceanog_2016_77.pdf,"[28396, 28410]"
sample_type,"branched and cyclic alkanes, aromatics, and resins",10.5670/oceanog.2016.77,10_5670_oceanog_2016_77.pdf,"[28512, 28562]"
sample_type,PAH compounds,10.5670/oceanog.2016.77,10_5670_oceanog_2016_77.pdf,"[28749, 28762]"
sample_type,petroleum biomarker compounds,10.5670/oceanog.2016.77,10_5670_oceanog_2016_77.pdf,"[28911, 28940]"
sample_type,typical samples from Louisiana coastal marshes,10.5670/oceanog.2016.77,10_5670_oceanog_2016_77.pdf,"[29257, 29303]"
sample_type,"fresh, unweathered Macondo oil and four marsh sediment extracts",10.5670/oceanog.2016.77,10_5670_oceanog_2016_77.pdf,"[30075, 30146]"
sample_type,forensic petroleum biomarker compounds,10.5670/oceanog.2016.77,10_5670_oceanog_2016_77.pdf,"[32010, 32050]"
sample_type,hopanes,10.5670/oceanog.2016.77,10_5670_oceanog_2016_77.pdf,"[32085, 32092]"
sample_type,steranes,10.5670/oceanog.2016.77,10_5670_oceanog_2016_77.pdf,"[32094, 32102]"
sample_type,triaromatic steroids,10.5670/oceanog.2016.77,10_5670_oceanog_2016_77.pdf,"[32108, 32128]"
ionization_method,selected ion monitoring (SIM),10.5670/oceanog.2016.77,10_5670_oceanog_2016_77.pdf,"[35059, 35088]"
ionization_method,GC×GC,10.5670/oceanog.2016.77,10_5670_oceanog_2016_77.pdf,"[35770, 35775]"
sample_type,crude oil-degrading bacterial communities,10.5670/oceanog.2016.77,10_5670_oceanog_2016_77.pdf,"[37344, 37385]"
sample_type,weathered northern crude oils,10.5670/oceanog.2016.77,10_5670_oceanog_2016_77.pdf,"[41196, 41225]"
sample_type,petroleum,10.5670/oceanog.2016.77,10_5670_oceanog_2016_77.pdf,"[42177, 42186]"
ionization_method,Fourier transform ion cyclotron resonance mass spectrometry (FT-ICR MS),10.7185/geochemlet.1732,10_7185_geochemlet_1732.pdf,"[2020, 2091]"
sample_type,ice cores,10.7185/geochemlet.1732,10_7185_geochemlet_1732.pdf,"[4023, 4032]"
facility,"Department of Chemical and Biological Engineering, Montana State University, USA",10.7185/geochemlet.1732,10_7185_geochemlet_1732.pdf,"[4268, 4348]"
sample_type,Organic matter,10.7185/geochemlet.1732,10_7185_geochemlet_1732.pdf,"[4594, 4608]"
sample_type,Hydrogen saturation (H/C) in organic matter,10.7185/geochemlet.1732,10_7185_geochemlet_1732.pdf,"[5592, 5616]"
sample_type,"Lignin-like, protein-like, and polyphenolic compounds",10.7185/geochemlet.1732,10_7185_geochemlet_1732.pdf,"[5785, 5838]"
sample_type,Bacterial cells,10.7185/geochemlet.1732,10_7185_geochemlet_1732.pdf,"[6016, 6031]"
sample_type,16S RNA gene amplicons,10.7185/geochemlet.1732,10_7185_geochemlet_1732.pdf,"[6392, 6414]"
sample_type,16S rRNA gene sequences,10.7185/geochemlet.1732,10_7185_geochemlet_1732.pdf,"[8188, 8211]"
sample_type,OM,10.7185/geochemlet.1732,10_7185_geochemlet_1732.pdf,"[9525, 9527]"
ionization_method,nano-electrospray ionization,10.1007/s13361-019-02290-8,10_1007_s13361-019-02290-8.pdf,"[569, 597]"
ionization_method,microelectrospray,10.1007/s13361-019-02290-8,10_1007_s13361-019-02290-8.pdf,"[1753, 1770]"
instrument,Orbitrap Velos Pro,10.1007/s13361-019-02290-8,10_1007_s13361-019-02290-8.pdf,"[1916, 1934]"
instrument,modified Orbitrap Elite,10.1007/s13361-019-02290-8,10_1007_s13361-019-02290-8.pdf,"[2636, 2659]"
ionization_method,reagent ionization source,10.1007/s13361-019-02290-8,10_1007_s13361-019-02290-8.pdf,"[2853, 2878]"
instrument,Tektronix MDO3014,10.1007/s13361-019-02290-8,10_1007_s13361-019-02290-8.pdf,"[4391, 4408]"
sample_type,PIP AC voltage waveforms,10.1007/s13361-019-02290-8,10_1007_s13361-019-02290-8.pdf,"[4217, 4241]"
instrument,"instrument settings: 120,000 resolving power at m/z 400; 300 -4000 m/z scan range",10.1007/s13361-019-02290-8,10_1007_s13361-019-02290-8.pdf,"[5337, 5418]"
sample_type,IIPT/PIP MS/MS spectra,10.1007/s13361-019-02290-8,10_1007_s13361-019-02290-8.pdf,"[5265, 5287]"
ionization_method,CID,10.1007/s13361-019-02290-8,10_1007_s13361-019-02290-8.pdf,"[7080, 7083]"
sample_type,E. coli ribosomal protein mixture,10.1007/s13361-019-02290-8,10_1007_s13361-019-02290-8.pdf,"[7347, 7380]"
software_tools,"ProSight PD ™ (Thermo Fisher Scientific PD version 2.1, ProSightPC version 4.0)",10.1007/s13361-019-02290-8,10_1007_s13361-019-02290-8.pdf,"[7401, 7480]"
software_tools,XTract algorithm (Thermo Fisher Scientific),10.1007/s13361-019-02290-8,10_1007_s13361-019-02290-8.pdf,"[8331, 8374]"
software_tools,Xcalibur ™ Qual Browser software (Thermo Fisher Scientific version 4.0),10.1007/s13361-019-02290-8,10_1007_s13361-019-02290-8.pdf,"[8639, 8710]"
ionization_method,IIPT/PIP MS,10.1007/s13361-019-02290-8,10_1007_s13361-019-02290-8.pdf,"[8946, 8957]"
